held_out_case,pooling,distance_head,threshold_method,threshold,precision,recall,accuracy,f1,auc,pauc,cov_condition_number,config_name,model_hash,d_state,n_layers,expand,selective,discretization,flash_footprint_int8_kb,streaming_peak_ram_int8_kb,streaming_peak_ram_fp32_kb,head_flash_fp32_kb,total_flash_kb,flags_nothing,flags_everything,degenerate
1,mean,knn_clustered_16,perentile_same_machie_95.0,1.346076586237672,0.9411764705882352,0.8484848484848485,0.8977272727272727,0.8924302788844621,0.8815713957759413,0.9145310763133728,,584eb86deba0.yaml,4f3ffab6e66e,32,4,2,True,zoh,151.8125,34.06640625,136.265625,4.0,155.8125,False,False,False
1,mean,knn_clustered_16,perentile_same_machie_99.0,1.4308083925232824,0.9906103286384976,0.7992424242424242,0.8958333333333334,0.8846960167714885,0.8815713957759413,0.9145310763133728,,584eb86deba0.yaml,4f3ffab6e66e,32,4,2,True,zoh,151.8125,34.06640625,136.265625,4.0,155.8125,False,False,False
1,mean,knn_clustered_16,perentile_same_machie_99.5,1.4762961726652404,0.995,0.7537878787878788,0.875,0.8577586206896551,0.8815713957759413,0.9145310763133728,,584eb86deba0.yaml,4f3ffab6e66e,32,4,2,True,zoh,151.8125,34.06640625,136.265625,4.0,155.8125,False,False,False
1,mean,knn_clustered_16,evt_p95_equiv,1.3489771436597977,0.9451476793248944,0.8484848484848485,0.8996212121212122,0.8942115768463074,0.8815713957759413,0.9145310763133728,,584eb86deba0.yaml,4f3ffab6e66e,32,4,2,True,zoh,151.8125,34.06640625,136.265625,4.0,155.8125,False,False,False
1,mean,knn_clustered_16,parametric_p95_equiv,1.3603320949569206,0.9572649572649572,0.8484848484848485,0.9053030303030304,0.8995983935742972,0.8815713957759413,0.9145310763133728,,584eb86deba0.yaml,4f3ffab6e66e,32,4,2,True,zoh,151.8125,34.06640625,136.265625,4.0,155.8125,False,False,False
1,mean,knn_clustered_16,kde_p95_equiv,1.35877978874998,0.9572649572649572,0.8484848484848485,0.9053030303030304,0.8995983935742972,0.8815713957759413,0.9145310763133728,,584eb86deba0.yaml,4f3ffab6e66e,32,4,2,True,zoh,151.8125,34.06640625,136.265625,4.0,155.8125,False,False,False
1,mean,knn_clustered_16,evt_p99_equiv,1.438606404091094,0.9952380952380953,0.7916666666666666,0.8939393939393939,0.8818565400843882,0.8815713957759413,0.9145310763133728,,584eb86deba0.yaml,4f3ffab6e66e,32,4,2,True,zoh,151.8125,34.06640625,136.265625,4.0,155.8125,False,False,False
1,mean,knn_clustered_16,parametric_p99_equiv,1.4126832794889466,0.9863013698630136,0.8181818181818182,0.9034090909090908,0.8944099378881988,0.8815713957759413,0.9145310763133728,,584eb86deba0.yaml,4f3ffab6e66e,32,4,2,True,zoh,151.8125,34.06640625,136.265625,4.0,155.8125,False,False,False
1,mean,knn_clustered_16,kde_p99_equiv,1.447777808979139,0.9951923076923076,0.7840909090909091,0.8901515151515151,0.8771186440677966,0.8815713957759413,0.9145310763133728,,584eb86deba0.yaml,4f3ffab6e66e,32,4,2,True,zoh,151.8125,34.06640625,136.265625,4.0,155.8125,False,False,False
1,mean,knn_clustered_16,evt_p999_equiv,1.5487337603028986,0.9943181818181818,0.6628787878787878,0.8295454545454546,0.7954545454545454,0.8815713957759413,0.9145310763133728,,584eb86deba0.yaml,4f3ffab6e66e,32,4,2,True,zoh,151.8125,34.06640625,136.265625,4.0,155.8125,False,False,False
1,mean,knn_clustered_16,parametric_p999_equiv,1.4638927166928406,0.9951219512195122,0.7727272727272727,0.884469696969697,0.8699360341151386,0.8815713957759413,0.9145310763133728,,584eb86deba0.yaml,4f3ffab6e66e,32,4,2,True,zoh,151.8125,34.06640625,136.265625,4.0,155.8125,False,False,False
1,mean,knn_clustered_16,kde_p999_equiv,1.558590800561399,0.9942528735632185,0.6553030303030303,0.8257575757575758,0.7899543378995434,0.8815713957759413,0.9145310763133728,,584eb86deba0.yaml,4f3ffab6e66e,32,4,2,True,zoh,151.8125,34.06640625,136.265625,4.0,155.8125,False,False,False
1,mean,knn_clustered_16,mad,1.5287670849379025,0.9946524064171124,0.7045454545454546,0.8503787878787878,0.8248337028824834,0.8815713957759413,0.9145310763133728,,584eb86deba0.yaml,4f3ffab6e66e,32,4,2,True,zoh,151.8125,34.06640625,136.265625,4.0,155.8125,False,False,False
1,mean,knn_clustered_16,iqr,1.6489831217272222,1.0,0.5795454545454546,0.7897727272727273,0.7338129496402878,0.8815713957759413,0.9145310763133728,,584eb86deba0.yaml,4f3ffab6e66e,32,4,2,True,zoh,151.8125,34.06640625,136.265625,4.0,155.8125,False,False,False
1,mean,knn_clustered_16,perentile_same_machie_95.0,1.42581642725909,0.9575471698113208,0.7689393939393939,0.8674242424242424,0.8529411764705882,0.8765065426997245,0.885230897491663,,d816f22117d5.yaml,7f055462360c,32,4,2,True,euler,151.8125,34.06640625,136.265625,4.0,155.8125,False,False,False
1,mean,knn_clustered_16,perentile_same_machie_99.0,1.512119643018392,0.9897435897435898,0.7310606060606061,0.8617424242424242,0.840958605664488,0.8765065426997245,0.885230897491663,,d816f22117d5.yaml,7f055462360c,32,4,2,True,euler,151.8125,34.06640625,136.265625,4.0,155.8125,False,False,False
1,mean,knn_clustered_16,perentile_same_machie_99.5,1.5322526346150307,0.989247311827957,0.696969696969697,0.8446969696969697,0.8177777777777778,0.8765065426997245,0.885230897491663,,d816f22117d5.yaml,7f055462360c,32,4,2,True,euler,151.8125,34.06640625,136.265625,4.0,155.8125,False,False,False
1,mean,knn_clustered_16,evt_p95_equiv,1.4203669920882114,0.949074074074074,0.7765151515151515,0.8674242424242424,0.8541666666666666,0.8765065426997245,0.885230897491663,,d816f22117d5.yaml,7f055462360c,32,4,2,True,euler,151.8125,34.06640625,136.265625,4.0,155.8125,False,False,False
1,mean,knn_clustered_16,parametric_p95_equiv,1.427005854681971,0.9575471698113208,0.7689393939393939,0.8674242424242424,0.8529411764705882,0.8765065426997245,0.885230897491663,,d816f22117d5.yaml,7f055462360c,32,4,2,True,euler,151.8125,34.06640625,136.265625,4.0,155.8125,False,False,False
1,mean,knn_clustered_16,kde_p95_equiv,1.4283136513049417,0.9575471698113208,0.7689393939393939,0.8674242424242424,0.8529411764705882,0.8765065426997245,0.885230897491663,,d816f22117d5.yaml,7f055462360c,32,4,2,True,euler,151.8125,34.06640625,136.265625,4.0,155.8125,False,False,False
1,mean,knn_clustered_16,evt_p99_equiv,1.50519947449283,0.9897959183673468,0.7348484848484849,0.8636363636363636,0.8434782608695652,0.8765065426997245,0.885230897491663,,d816f22117d5.yaml,7f055462360c,32,4,2,True,euler,151.8125,34.06640625,136.265625,4.0,155.8125,False,False,False
1,mean,knn_clustered_16,parametric_p99_equiv,1.4831540777044818,0.984924623115578,0.7424242424242424,0.865530303030303,0.8466522678185745,0.8765065426997245,0.885230897491663,,d816f22117d5.yaml,7f055462360c,32,4,2,True,euler,151.8125,34.06640625,136.265625,4.0,155.8125,False,False,False
1,mean,knn_clustered_16,kde_p99_equiv,1.5173165387384502,0.9896373056994818,0.7234848484848485,0.8579545454545454,0.8358862144420132,0.8765065426997245,0.885230897491663,,d816f22117d5.yaml,7f055462360c,32,4,2,True,euler,151.8125,34.06640625,136.265625,4.0,155.8125,False,False,False
1,mean,knn_clustered_16,evt_p999_equiv,1.574350511453602,1.0,0.6287878787878788,0.8143939393939394,0.772093023255814,0.8765065426997245,0.885230897491663,,d816f22117d5.yaml,7f055462360c,32,4,2,True,euler,151.8125,34.06640625,136.265625,4.0,155.8125,False,False,False
1,mean,knn_clustered_16,parametric_p999_equiv,1.5381220540673384,0.9891891891891892,0.6931818181818182,0.8428030303030303,0.8151447661469933,0.8765065426997245,0.885230897491663,,d816f22117d5.yaml,7f055462360c,32,4,2,True,euler,151.8125,34.06640625,136.265625,4.0,155.8125,False,False,False
1,mean,knn_clustered_16,kde_p999_equiv,1.5985656448567067,1.0,0.5984848484848485,0.7992424242424242,0.7488151658767772,0.8765065426997245,0.885230897491663,,d816f22117d5.yaml,7f055462360c,32,4,2,True,euler,151.8125,34.06640625,136.265625,4.0,155.8125,False,False,False
1,mean,knn_clustered_16,mad,1.5775099415876523,1.0,0.625,0.8125,0.7692307692307693,0.8765065426997245,0.885230897491663,,d816f22117d5.yaml,7f055462360c,32,4,2,True,euler,151.8125,34.06640625,136.265625,4.0,155.8125,False,False,False
1,mean,knn_clustered_16,iqr,1.686483460002347,1.0,0.5643939393939394,0.7821969696969697,0.7215496368038741,0.8765065426997245,0.885230897491663,,d816f22117d5.yaml,7f055462360c,32,4,2,True,euler,151.8125,34.06640625,136.265625,4.0,155.8125,False,False,False
1,mean,knn_clustered_16,perentile_same_machie_95.0,1.2222094233839105,0.9467213114754098,0.875,0.9128787878787878,0.9094488188976378,0.9110135445362716,0.9334855734377264,,507a1353607f.yaml,34658236f97d,32,4,2,False,zoh,116.0625,34.0,136.0,4.0,120.0625,False,False,False
1,mean,knn_clustered_16,perentile_same_machie_99.0,1.3163987042674652,0.9911894273127754,0.8522727272727273,0.9223484848484848,0.9164969450101832,0.9110135445362716,0.9334855734377264,,507a1353607f.yaml,34658236f97d,32,4,2,False,zoh,116.0625,34.0,136.0,4.0,120.0625,False,False,False
1,mean,knn_clustered_16,perentile_same_machie_99.5,1.3452544750430662,1.0,0.8409090909090909,0.9204545454545454,0.9135802469135802,0.9110135445362716,0.9334855734377264,,507a1353607f.yaml,34658236f97d,32,4,2,False,zoh,116.0625,34.0,136.0,4.0,120.0625,False,False,False
1,mean,knn_clustered_16,evt_p95_equiv,1.2239918048186953,0.9467213114754098,0.875,0.9128787878787878,0.9094488188976378,0.9110135445362716,0.9334855734377264,,507a1353607f.yaml,34658236f97d,32,4,2,False,zoh,116.0625,34.0,136.0,4.0,120.0625,False,False,False
1,mean,knn_clustered_16,parametric_p95_equiv,1.240406475399897,0.9665271966527196,0.875,0.9223484848484848,0.9184890656063618,0.9110135445362716,0.9334855734377264,,507a1353607f.yaml,34658236f97d,32,4,2,False,zoh,116.0625,34.0,136.0,4.0,120.0625,False,False,False
1,mean,knn_clustered_16,kde_p95_equiv,1.2342251805710016,0.9625,0.875,0.9204545454545454,0.9166666666666666,0.9110135445362716,0.9334855734377264,,507a1353607f.yaml,34658236f97d,32,4,2,False,zoh,116.0625,34.0,136.0,4.0,120.0625,False,False,False
1,mean,knn_clustered_16,evt_p99_equiv,1.3039611532411624,0.991304347826087,0.8636363636363636,0.928030303030303,0.9230769230769232,0.9110135445362716,0.9334855734377264,,507a1353607f.yaml,34658236f97d,32,4,2,False,zoh,116.0625,34.0,136.0,4.0,120.0625,False,False,False
1,mean,knn_clustered_16,parametric_p99_equiv,1.2957895106907074,0.9913419913419912,0.8674242424242424,0.9299242424242424,0.9252525252525252,0.9110135445362716,0.9334855734377264,,507a1353607f.yaml,34658236f97d,32,4,2,False,zoh,116.0625,34.0,136.0,4.0,120.0625,False,False,False
1,mean,knn_clustered_16,kde_p99_equiv,1.322353243873007,0.991150442477876,0.8484848484848485,0.9204545454545454,0.9142857142857144,0.9110135445362716,0.9334855734377264,,507a1353607f.yaml,34658236f97d,32,4,2,False,zoh,116.0625,34.0,136.0,4.0,120.0625,False,False,False
1,mean,knn_clustered_16,evt_p999_equiv,1.4142057578266836,1.0,0.7765151515151515,0.8882575757575758,0.8742004264392325,0.9110135445362716,0.9334855734377264,,507a1353607f.yaml,34658236f97d,32,4,2,False,zoh,116.0625,34.0,136.0,4.0,120.0625,False,False,False
1,mean,knn_clustered_16,parametric_p999_equiv,1.3502769680475408,1.0,0.8371212121212122,0.918560606060606,0.911340206185567,0.9110135445362716,0.9334855734377264,,507a1353607f.yaml,34658236f97d,32,4,2,False,zoh,116.0625,34.0,136.0,4.0,120.0625,False,False,False
1,mean,knn_clustered_16,kde_p999_equiv,1.4087240044587772,1.0,0.7840909090909091,0.8920454545454546,0.8789808917197452,0.9110135445362716,0.9334855734377264,,507a1353607f.yaml,34658236f97d,32,4,2,False,zoh,116.0625,34.0,136.0,4.0,120.0625,False,False,False
1,mean,knn_clustered_16,mad,1.431807755239368,1.0,0.7651515151515151,0.8825757575757576,0.8669527896995708,0.9110135445362716,0.9334855734377264,,507a1353607f.yaml,34658236f97d,32,4,2,False,zoh,116.0625,34.0,136.0,4.0,120.0625,False,False,False
1,mean,knn_clustered_16,iqr,1.5490915630862137,1.0,0.6590909090909091,0.8295454545454546,0.7945205479452054,0.9110135445362716,0.9334855734377264,,507a1353607f.yaml,34658236f97d,32,4,2,False,zoh,116.0625,34.0,136.0,4.0,120.0625,False,False,False
1,mean,knn_clustered_16,perentile_same_machie_95.0,1.8449653740896488,0.9082125603864736,0.7121212121212122,0.8200757575757576,0.7983014861995754,0.7968176078971533,0.8414165579237349,,ae0a0e4e978e.yaml,86d08e302712,32,4,2,False,euler,116.0625,34.0,136.0,4.0,120.0625,False,False,False
1,mean,knn_clustered_16,perentile_same_machie_99.0,1.9049635927544235,0.9836065573770492,0.6818181818181818,0.8352272727272727,0.8053691275167785,0.7968176078971533,0.8414165579237349,,ae0a0e4e978e.yaml,86d08e302712,32,4,2,False,euler,116.0625,34.0,136.0,4.0,120.0625,False,False,False
1,mean,knn_clustered_16,perentile_same_machie_99.5,1.9368647595259056,1.0,0.678030303030303,0.8390151515151515,0.8081264108352144,0.7968176078971533,0.8414165579237349,,ae0a0e4e978e.yaml,86d08e302712,32,4,2,False,euler,116.0625,34.0,136.0,4.0,120.0625,False,False,False
1,mean,knn_clustered_16,evt_p95_equiv,1.843960867638741,0.8995215311004785,0.7121212121212122,0.8162878787878788,0.7949260042283298,0.7968176078971533,0.8414165579237349,,ae0a0e4e978e.yaml,86d08e302712,32,4,2,False,euler,116.0625,34.0,136.0,4.0,120.0625,False,False,False
1,mean,knn_clustered_16,parametric_p95_equiv,1.8599780251497693,0.925,0.7007575757575758,0.821969696969697,0.7974137931034483,0.7968176078971533,0.8414165579237349,,ae0a0e4e978e.yaml,86d08e302712,32,4,2,False,euler,116.0625,34.0,136.0,4.0,120.0625,False,False,False
1,mean,knn_clustered_16,kde_p95_equiv,1.865276054770508,0.925,0.7007575757575758,0.821969696969697,0.7974137931034483,0.7968176078971533,0.8414165579237349,,ae0a0e4e978e.yaml,86d08e302712,32,4,2,False,euler,116.0625,34.0,136.0,4.0,120.0625,False,False,False
1,mean,knn_clustered_16,evt_p99_equiv,1.903581731439859,0.9782608695652174,0.6818181818181818,0.8333333333333334,0.8035714285714286,0.7968176078971533,0.8414165579237349,,ae0a0e4e978e.yaml,86d08e302712,32,4,2,False,euler,116.0625,34.0,136.0,4.0,120.0625,False,False,False
1,mean,knn_clustered_16,parametric_p99_equiv,1.92055149142503,0.994475138121547,0.6818181818181818,0.8390151515151515,0.8089887640449438,0.7968176078971533,0.8414165579237349,,ae0a0e4e978e.yaml,86d08e302712,32,4,2,False,euler,116.0625,34.0,136.0,4.0,120.0625,False,False,False
1,mean,knn_clustered_16,kde_p99_equiv,1.934634360424344,1.0,0.678030303030303,0.8390151515151515,0.8081264108352144,0.7968176078971533,0.8414165579237349,,ae0a0e4e978e.yaml,86d08e302712,32,4,2,False,euler,116.0625,34.0,136.0,4.0,120.0625,False,False,False
1,mean,knn_clustered_16,evt_p999_equiv,2.00449025973696,1.0,0.6136363636363636,0.8068181818181818,0.7605633802816901,0.7968176078971533,0.8414165579237349,,ae0a0e4e978e.yaml,86d08e302712,32,4,2,False,euler,116.0625,34.0,136.0,4.0,120.0625,False,False,False
1,mean,knn_clustered_16,parametric_p999_equiv,1.979475973618884,1.0,0.6363636363636364,0.8181818181818182,0.7777777777777778,0.7968176078971533,0.8414165579237349,,ae0a0e4e978e.yaml,86d08e302712,32,4,2,False,euler,116.0625,34.0,136.0,4.0,120.0625,False,False,False
1,mean,knn_clustered_16,kde_p999_equiv,2.018799606587504,1.0,0.6098484848484849,0.8049242424242424,0.7576470588235295,0.7968176078971533,0.8414165579237349,,ae0a0e4e978e.yaml,86d08e302712,32,4,2,False,euler,116.0625,34.0,136.0,4.0,120.0625,False,False,False
1,mean,knn_clustered_16,mad,2.0276641857755626,1.0,0.6098484848484849,0.8049242424242424,0.7576470588235295,0.7968176078971533,0.8414165579237349,,ae0a0e4e978e.yaml,86d08e302712,32,4,2,False,euler,116.0625,34.0,136.0,4.0,120.0625,False,False,False
1,mean,knn_clustered_16,iqr,2.186755483723499,1.0,0.5492424242424242,0.7746212121212122,0.7090464547677262,0.7968176078971533,0.8414165579237349,,ae0a0e4e978e.yaml,86d08e302712,32,4,2,False,euler,116.0625,34.0,136.0,4.0,120.0625,False,False,False
1,mean,knn_clustered_16,perentile_same_machie_95.0,1.511842364221898,0.935,0.7083333333333334,0.8295454545454546,0.8060344827586207,0.8250975665748393,0.8435007974481659,,2878ff75bc8a.yaml,a4d5a89d0551,32,4,1,True,zoh,76.0625,17.12890625,68.515625,4.0,80.0625,False,False,False
1,mean,knn_clustered_16,perentile_same_machie_99.0,1.6182711706589843,0.9825581395348836,0.6401515151515151,0.8143939393939394,0.7752293577981652,0.8250975665748393,0.8435007974481659,,2878ff75bc8a.yaml,a4d5a89d0551,32,4,1,True,zoh,76.0625,17.12890625,68.515625,4.0,80.0625,False,False,False
1,mean,knn_clustered_16,perentile_same_machie_99.5,1.63712752056414,0.9879518072289156,0.6212121212121212,0.8068181818181818,0.7627906976744186,0.8250975665748393,0.8435007974481659,,2878ff75bc8a.yaml,a4d5a89d0551,32,4,1,True,zoh,76.0625,17.12890625,68.515625,4.0,80.0625,False,False,False
1,mean,knn_clustered_16,evt_p95_equiv,1.5136239861525922,0.9396984924623116,0.7083333333333334,0.8314393939393939,0.8077753779697624,0.8250975665748393,0.8435007974481659,,2878ff75bc8a.yaml,a4d5a89d0551,32,4,1,True,zoh,76.0625,17.12890625,68.515625,4.0,80.0625,False,False,False
1,mean,knn_clustered_16,parametric_p95_equiv,1.5196218092043383,0.9396984924623116,0.7083333333333334,0.8314393939393939,0.8077753779697624,0.8250975665748393,0.8435007974481659,,2878ff75bc8a.yaml,a4d5a89d0551,32,4,1,True,zoh,76.0625,17.12890625,68.515625,4.0,80.0625,False,False,False
1,mean,knn_clustered_16,kde_p95_equiv,1.5200707933764936,0.9396984924623116,0.7083333333333334,0.8314393939393939,0.8077753779697624,0.8250975665748393,0.8435007974481659,,2878ff75bc8a.yaml,a4d5a89d0551,32,4,1,True,zoh,76.0625,17.12890625,68.515625,4.0,80.0625,False,False,False
1,mean,knn_clustered_16,evt_p99_equiv,1.61100707800391,0.9825581395348836,0.6401515151515151,0.8143939393939394,0.7752293577981652,0.8250975665748393,0.8435007974481659,,2878ff75bc8a.yaml,a4d5a89d0551,32,4,1,True,zoh,76.0625,17.12890625,68.515625,4.0,80.0625,False,False,False
1,mean,knn_clustered_16,parametric_p99_equiv,1.57473493542738,0.978021978021978,0.6742424242424242,0.8295454545454546,0.7982062780269058,0.8250975665748393,0.8435007974481659,,2878ff75bc8a.yaml,a4d5a89d0551,32,4,1,True,zoh,76.0625,17.12890625,68.515625,4.0,80.0625,False,False,False
1,mean,knn_clustered_16,kde_p99_equiv,1.6226929196865163,0.9824561403508772,0.6363636363636364,0.8125,0.7724137931034483,0.8250975665748393,0.8435007974481659,,2878ff75bc8a.yaml,a4d5a89d0551,32,4,1,True,zoh,76.0625,17.12890625,68.515625,4.0,80.0625,False,False,False
1,mean,knn_clustered_16,evt_p999_equiv,1.7070193044663051,1.0,0.5378787878787878,0.7689393939393939,0.6995073891625616,0.8250975665748393,0.8435007974481659,,2878ff75bc8a.yaml,a4d5a89d0551,32,4,1,True,zoh,76.0625,17.12890625,68.515625,4.0,80.0625,False,False,False
1,mean,knn_clustered_16,parametric_p999_equiv,1.6285343312843132,0.9824561403508772,0.6363636363636364,0.8125,0.7724137931034483,0.8250975665748393,0.8435007974481659,,2878ff75bc8a.yaml,a4d5a89d0551,32,4,1,True,zoh,76.0625,17.12890625,68.515625,4.0,80.0625,False,False,False
1,mean,knn_clustered_16,kde_p999_equiv,1.7154784475378342,1.0,0.5151515151515151,0.7575757575757576,0.68,0.8250975665748393,0.8435007974481659,,2878ff75bc8a.yaml,a4d5a89d0551,32,4,1,True,zoh,76.0625,17.12890625,68.515625,4.0,80.0625,False,False,False
1,mean,knn_clustered_16,mad,1.668787357219942,0.9935483870967742,0.5833333333333334,0.7897727272727273,0.7350835322195705,0.8250975665748393,0.8435007974481659,,2878ff75bc8a.yaml,a4d5a89d0551,32,4,1,True,zoh,76.0625,17.12890625,68.515625,4.0,80.0625,False,False,False
1,mean,knn_clustered_16,iqr,1.7753141427804886,1.0,0.4393939393939394,0.7196969696969697,0.6105263157894737,0.8250975665748393,0.8435007974481659,,2878ff75bc8a.yaml,a4d5a89d0551,32,4,1,True,zoh,76.0625,17.12890625,68.515625,4.0,80.0625,False,False,False
1,mean,knn_clustered_16,perentile_same_machie_95.0,1.5113827999295373,0.9482758620689656,0.8333333333333334,0.8939393939393939,0.8870967741935484,0.8836949035812672,0.905484268522546,,7228c951881d.yaml,b11515cd479d,32,4,1,True,euler,76.0625,17.12890625,68.515625,4.0,80.0625,False,False,False
1,mean,knn_clustered_16,perentile_same_machie_99.0,1.703101476192769,0.9897959183673468,0.7348484848484849,0.8636363636363636,0.8434782608695652,0.8836949035812672,0.905484268522546,,7228c951881d.yaml,b11515cd479d,32,4,1,True,euler,76.0625,17.12890625,68.515625,4.0,80.0625,False,False,False
1,mean,knn_clustered_16,perentile_same_machie_99.5,1.7358727840349226,0.9947089947089948,0.7121212121212122,0.8541666666666666,0.8300220750551877,0.8836949035812672,0.905484268522546,,7228c951881d.yaml,b11515cd479d,32,4,1,True,euler,76.0625,17.12890625,68.515625,4.0,80.0625,False,False,False
1,mean,knn_clustered_16,evt_p95_equiv,1.5282851685278016,0.9605263157894736,0.8295454545454546,0.8977272727272727,0.8902439024390244,0.8836949035812672,0.905484268522546,,7228c951881d.yaml,b11515cd479d,32,4,1,True,euler,76.0625,17.12890625,68.515625,4.0,80.0625,False,False,False
1,mean,knn_clustered_16,parametric_p95_equiv,1.5548884231090871,0.968609865470852,0.8181818181818182,0.8958333333333334,0.8870636550308009,0.8836949035812672,0.905484268522546,,7228c951881d.yaml,b11515cd479d,32,4,1,True,euler,76.0625,17.12890625,68.515625,4.0,80.0625,False,False,False
1,mean,knn_clustered_16,kde_p95_equiv,1.5373087657090547,0.9601769911504424,0.821969696969697,0.8939393939393939,0.8857142857142857,0.8836949035812672,0.905484268522546,,7228c951881d.yaml,b11515cd479d,32,4,1,True,euler,76.0625,17.12890625,68.515625,4.0,80.0625,False,False,False
1,mean,knn_clustered_16,evt_p99_equiv,1.675707104452418,0.9850746268656716,0.75,0.8693181818181818,0.8516129032258064,0.8836949035812672,0.905484268522546,,7228c951881d.yaml,b11515cd479d,32,4,1,True,euler,76.0625,17.12890625,68.515625,4.0,80.0625,False,False,False
1,mean,knn_clustered_16,parametric_p99_equiv,1.6299809063861843,0.9852941176470588,0.7613636363636364,0.875,0.8589743589743589,0.8836949035812672,0.905484268522546,,7228c951881d.yaml,b11515cd479d,32,4,1,True,euler,76.0625,17.12890625,68.515625,4.0,80.0625,False,False,False
1,mean,knn_clustered_16,kde_p99_equiv,1.7137637093652325,0.9948186528497408,0.7272727272727273,0.8617424242424242,0.8402625820568927,0.8836949035812672,0.905484268522546,,7228c951881d.yaml,b11515cd479d,32,4,1,True,euler,76.0625,17.12890625,68.515625,4.0,80.0625,False,False,False
1,mean,knn_clustered_16,evt_p999_equiv,1.9547575735609304,1.0,0.6212121212121212,0.8106060606060606,0.7663551401869159,0.8836949035812672,0.905484268522546,,7228c951881d.yaml,b11515cd479d,32,4,1,True,euler,76.0625,17.12890625,68.515625,4.0,80.0625,False,False,False
1,mean,knn_clustered_16,parametric_p999_equiv,1.704109425991024,0.9897959183673468,0.7348484848484849,0.8636363636363636,0.8434782608695652,0.8836949035812672,0.905484268522546,,7228c951881d.yaml,b11515cd479d,32,4,1,True,euler,76.0625,17.12890625,68.515625,4.0,80.0625,False,False,False
1,mean,knn_clustered_16,kde_p999_equiv,1.8199309811258009,0.99438202247191,0.6704545454545454,0.8333333333333334,0.8009049773755657,0.8836949035812672,0.905484268522546,,7228c951881d.yaml,b11515cd479d,32,4,1,True,euler,76.0625,17.12890625,68.515625,4.0,80.0625,False,False,False
1,mean,knn_clustered_16,mad,1.8114952282520764,0.994413407821229,0.6742424242424242,0.8352272727272727,0.8036117381489842,0.8836949035812672,0.905484268522546,,7228c951881d.yaml,b11515cd479d,32,4,1,True,euler,76.0625,17.12890625,68.515625,4.0,80.0625,False,False,False
1,mean,knn_clustered_16,iqr,1.972626016453146,1.0,0.6098484848484849,0.8049242424242424,0.7576470588235295,0.8836949035812672,0.905484268522546,,7228c951881d.yaml,b11515cd479d,32,4,1,True,euler,76.0625,17.12890625,68.515625,4.0,80.0625,False,False,False
1,mean,knn_clustered_16,perentile_same_machie_95.0,1.6261112775649085,0.957345971563981,0.7651515151515151,0.865530303030303,0.8505263157894737,0.8852731864095501,0.8788724566236528,,20e71b039d4e.yaml,5de494fe6199,32,4,1,False,zoh,58.3125,17.0625,68.25,4.0,62.3125,False,False,False
1,mean,knn_clustered_16,perentile_same_machie_99.0,1.73264426941099,0.9891891891891892,0.6931818181818182,0.8428030303030303,0.8151447661469933,0.8852731864095501,0.8788724566236528,,20e71b039d4e.yaml,5de494fe6199,32,4,1,False,zoh,58.3125,17.0625,68.25,4.0,62.3125,False,False,False
1,mean,knn_clustered_16,perentile_same_machie_99.5,1.7759640173743496,0.994475138121547,0.6818181818181818,0.8390151515151515,0.8089887640449438,0.8852731864095501,0.8788724566236528,,20e71b039d4e.yaml,5de494fe6199,32,4,1,False,zoh,58.3125,17.0625,68.25,4.0,62.3125,False,False,False
1,mean,knn_clustered_16,evt_p95_equiv,1.6211586413622183,0.957345971563981,0.7651515151515151,0.865530303030303,0.8505263157894737,0.8852731864095501,0.8788724566236528,,20e71b039d4e.yaml,5de494fe6199,32,4,1,False,zoh,58.3125,17.0625,68.25,4.0,62.3125,False,False,False
1,mean,knn_clustered_16,parametric_p95_equiv,1.5918076657054996,0.9285714285714286,0.7878787878787878,0.8636363636363636,0.8524590163934426,0.8852731864095501,0.8788724566236528,,20e71b039d4e.yaml,5de494fe6199,32,4,1,False,zoh,58.3125,17.0625,68.25,4.0,62.3125,False,False,False
1,mean,knn_clustered_16,kde_p95_equiv,1.6306286184657015,0.9571428571428572,0.7613636363636364,0.8636363636363636,0.8481012658227848,0.8852731864095501,0.8788724566236528,,20e71b039d4e.yaml,5de494fe6199,32,4,1,False,zoh,58.3125,17.0625,68.25,4.0,62.3125,False,False,False
1,mean,knn_clustered_16,evt_p99_equiv,1.746266050389537,0.9891891891891892,0.6931818181818182,0.8428030303030303,0.8151447661469933,0.8852731864095501,0.8788724566236528,,20e71b039d4e.yaml,5de494fe6199,32,4,1,False,zoh,58.3125,17.0625,68.25,4.0,62.3125,False,False,False
1,mean,knn_clustered_16,parametric_p99_equiv,1.6980005605533732,0.9792746113989638,0.7159090909090909,0.8503787878787878,0.8271334792122538,0.8852731864095501,0.8788724566236528,,20e71b039d4e.yaml,5de494fe6199,32,4,1,False,zoh,58.3125,17.0625,68.25,4.0,62.3125,False,False,False
1,mean,knn_clustered_16,kde_p99_equiv,1.7498669289532254,0.9891304347826086,0.6893939393939394,0.8409090909090909,0.8125,0.8852731864095501,0.8788724566236528,,20e71b039d4e.yaml,5de494fe6199,32,4,1,False,zoh,58.3125,17.0625,68.25,4.0,62.3125,False,False,False
1,mean,knn_clustered_16,evt_p999_equiv,1.821902405075396,1.0,0.6704545454545454,0.8352272727272727,0.8027210884353742,0.8852731864095501,0.8788724566236528,,20e71b039d4e.yaml,5de494fe6199,32,4,1,False,zoh,58.3125,17.0625,68.25,4.0,62.3125,False,False,False
1,mean,knn_clustered_16,parametric_p999_equiv,1.8046180991526848,1.0,0.678030303030303,0.8390151515151515,0.8081264108352144,0.8852731864095501,0.8788724566236528,,20e71b039d4e.yaml,5de494fe6199,32,4,1,False,zoh,58.3125,17.0625,68.25,4.0,62.3125,False,False,False
1,mean,knn_clustered_16,kde_p999_equiv,1.8591665780948528,1.0,0.6590909090909091,0.8295454545454546,0.7945205479452054,0.8852731864095501,0.8788724566236528,,20e71b039d4e.yaml,5de494fe6199,32,4,1,False,zoh,58.3125,17.0625,68.25,4.0,62.3125,False,False,False
1,mean,knn_clustered_16,mad,1.9268030683828608,1.0,0.6287878787878788,0.8143939393939394,0.772093023255814,0.8852731864095501,0.8788724566236528,,20e71b039d4e.yaml,5de494fe6199,32,4,1,False,zoh,58.3125,17.0625,68.25,4.0,62.3125,False,False,False
1,mean,knn_clustered_16,iqr,2.157098713836989,1.0,0.4810606060606061,0.740530303030303,0.649616368286445,0.8852731864095501,0.8788724566236528,,20e71b039d4e.yaml,5de494fe6199,32,4,1,False,zoh,58.3125,17.0625,68.25,4.0,62.3125,False,False,False
1,mean,knn_clustered_16,perentile_same_machie_95.0,1.7103762530471096,0.9368932038834952,0.7310606060606061,0.8409090909090909,0.8212765957446808,0.8406795224977044,0.8500102701657726,,1a19ef1f988b.yaml,02b97863586d,32,4,1,False,euler,58.3125,17.0625,68.25,4.0,62.3125,False,False,False
1,mean,knn_clustered_16,perentile_same_machie_99.0,1.8239441343575469,0.9828571428571428,0.6515151515151515,0.8200757575757576,0.7835990888382688,0.8406795224977044,0.8500102701657726,,1a19ef1f988b.yaml,02b97863586d,32,4,1,False,euler,58.3125,17.0625,68.25,4.0,62.3125,False,False,False
1,mean,knn_clustered_16,perentile_same_machie_99.5,1.873355979608448,1.0,0.6174242424242424,0.8087121212121212,0.7634660421545667,0.8406795224977044,0.8500102701657726,,1a19ef1f988b.yaml,02b97863586d,32,4,1,False,euler,58.3125,17.0625,68.25,4.0,62.3125,False,False,False
1,mean,knn_clustered_16,evt_p95_equiv,1.7177734250912016,0.9414634146341464,0.7310606060606061,0.8428030303030303,0.8230277185501066,0.8406795224977044,0.8500102701657726,,1a19ef1f988b.yaml,02b97863586d,32,4,1,False,euler,58.3125,17.0625,68.25,4.0,62.3125,False,False,False
1,mean,knn_clustered_16,parametric_p95_equiv,1.7333476274505186,0.9540816326530612,0.7083333333333334,0.8371212121212122,0.8130434782608695,0.8406795224977044,0.8500102701657726,,1a19ef1f988b.yaml,02b97863586d,32,4,1,False,euler,58.3125,17.0625,68.25,4.0,62.3125,False,False,False
1,mean,knn_clustered_16,kde_p95_equiv,1.726942243945785,0.9444444444444444,0.7083333333333334,0.8333333333333334,0.8095238095238095,0.8406795224977044,0.8500102701657726,,1a19ef1f988b.yaml,02b97863586d,32,4,1,False,euler,58.3125,17.0625,68.25,4.0,62.3125,False,False,False
1,mean,knn_clustered_16,evt_p99_equiv,1.8297615010144224,0.9824561403508772,0.6363636363636364,0.8125,0.7724137931034483,0.8406795224977044,0.8500102701657726,,1a19ef1f988b.yaml,02b97863586d,32,4,1,False,euler,58.3125,17.0625,68.25,4.0,62.3125,False,False,False
1,mean,knn_clustered_16,parametric_p99_equiv,1.8043363891681103,0.9829545454545454,0.6553030303030303,0.821969696969697,0.7863636363636364,0.8406795224977044,0.8500102701657726,,1a19ef1f988b.yaml,02b97863586d,32,4,1,False,euler,58.3125,17.0625,68.25,4.0,62.3125,False,False,False
1,mean,knn_clustered_16,kde_p99_equiv,1.8470514864668488,0.9940476190476192,0.6325757575757576,0.8143939393939394,0.7731481481481481,0.8406795224977044,0.8500102701657726,,1a19ef1f988b.yaml,02b97863586d,32,4,1,False,euler,58.3125,17.0625,68.25,4.0,62.3125,False,False,False
1,mean,knn_clustered_16,evt_p999_equiv,1.932290961171145,1.0,0.5871212121212122,0.7935606060606061,0.7398568019093079,0.8406795224977044,0.8500102701657726,,1a19ef1f988b.yaml,02b97863586d,32,4,1,False,euler,58.3125,17.0625,68.25,4.0,62.3125,False,False,False
1,mean,knn_clustered_16,parametric_p999_equiv,1.873937354971683,1.0,0.6136363636363636,0.8068181818181818,0.7605633802816901,0.8406795224977044,0.8500102701657726,,1a19ef1f988b.yaml,02b97863586d,32,4,1,False,euler,58.3125,17.0625,68.25,4.0,62.3125,False,False,False
1,mean,knn_clustered_16,kde_p999_equiv,1.95602292983633,1.0,0.5757575757575758,0.7878787878787878,0.7307692307692307,0.8406795224977044,0.8500102701657726,,1a19ef1f988b.yaml,02b97863586d,32,4,1,False,euler,58.3125,17.0625,68.25,4.0,62.3125,False,False,False
1,mean,knn_clustered_16,mad,1.896587223435139,1.0,0.5984848484848485,0.7992424242424242,0.7488151658767772,0.8406795224977044,0.8500102701657726,,1a19ef1f988b.yaml,02b97863586d,32,4,1,False,euler,58.3125,17.0625,68.25,4.0,62.3125,False,False,False
1,mean,knn_clustered_16,iqr,2.030776740929361,1.0,0.5454545454545454,0.7727272727272727,0.7058823529411765,0.8406795224977044,0.8500102701657726,,1a19ef1f988b.yaml,02b97863586d,32,4,1,False,euler,58.3125,17.0625,68.25,4.0,62.3125,False,False,False
1,mean,knn_clustered_16,perentile_same_machie_95.0,1.4466938095689206,0.9375,0.7386363636363636,0.8446969696969697,0.826271186440678,0.9015438475665748,0.8534386931516118,,9fd5d4780b48.yaml,0b854e87d2d6,32,2,2,True,zoh,75.9375,25.31640625,101.265625,4.0,79.9375,False,False,False
1,mean,knn_clustered_16,perentile_same_machie_99.0,1.616516938300842,0.9869281045751634,0.571969696969697,0.7821969696969697,0.7242206235011991,0.9015438475665748,0.8534386931516118,,9fd5d4780b48.yaml,0b854e87d2d6,32,2,2,True,zoh,75.9375,25.31640625,101.265625,4.0,79.9375,False,False,False
1,mean,knn_clustered_16,perentile_same_machie_99.5,1.6831932587442435,1.0,0.5492424242424242,0.7746212121212122,0.7090464547677262,0.9015438475665748,0.8534386931516118,,9fd5d4780b48.yaml,0b854e87d2d6,32,2,2,True,zoh,75.9375,25.31640625,101.265625,4.0,79.9375,False,False,False
1,mean,knn_clustered_16,evt_p95_equiv,1.4596918963154817,0.945,0.7159090909090909,0.8371212121212122,0.8146551724137931,0.9015438475665748,0.8534386931516118,,9fd5d4780b48.yaml,0b854e87d2d6,32,2,2,True,zoh,75.9375,25.31640625,101.265625,4.0,79.9375,False,False,False
1,mean,knn_clustered_16,parametric_p95_equiv,1.423699934834462,0.9302325581395348,0.7575757575757576,0.8503787878787878,0.8350730688935282,0.9015438475665748,0.8534386931516118,,9fd5d4780b48.yaml,0b854e87d2d6,32,2,2,True,zoh,75.9375,25.31640625,101.265625,4.0,79.9375,False,False,False
1,mean,knn_clustered_16,kde_p95_equiv,1.456584749339043,0.945,0.7159090909090909,0.8371212121212122,0.8146551724137931,0.9015438475665748,0.8534386931516118,,9fd5d4780b48.yaml,0b854e87d2d6,32,2,2,True,zoh,75.9375,25.31640625,101.265625,4.0,79.9375,False,False,False
1,mean,knn_clustered_16,evt_p99_equiv,1.6162127671463908,0.9869281045751634,0.571969696969697,0.7821969696969697,0.7242206235011991,0.9015438475665748,0.8534386931516118,,9fd5d4780b48.yaml,0b854e87d2d6,32,2,2,True,zoh,75.9375,25.31640625,101.265625,4.0,79.9375,False,False,False
1,mean,knn_clustered_16,parametric_p99_equiv,1.514537522759962,0.9611111111111112,0.6553030303030303,0.8143939393939394,0.7792792792792793,0.9015438475665748,0.8534386931516118,,9fd5d4780b48.yaml,0b854e87d2d6,32,2,2,True,zoh,75.9375,25.31640625,101.265625,4.0,79.9375,False,False,False
1,mean,knn_clustered_16,kde_p99_equiv,1.633035731454706,0.9869281045751634,0.571969696969697,0.7821969696969697,0.7242206235011991,0.9015438475665748,0.8534386931516118,,9fd5d4780b48.yaml,0b854e87d2d6,32,2,2,True,zoh,75.9375,25.31640625,101.265625,4.0,79.9375,False,False,False
1,mean,knn_clustered_16,evt_p999_equiv,1.741171858289804,1.0,0.5151515151515151,0.7575757575757576,0.68,0.9015438475665748,0.8534386931516118,,9fd5d4780b48.yaml,0b854e87d2d6,32,2,2,True,zoh,75.9375,25.31640625,101.265625,4.0,79.9375,False,False,False
1,mean,knn_clustered_16,parametric_p999_equiv,1.605496931076237,0.987012987012987,0.5757575757575758,0.7840909090909091,0.7272727272727273,0.9015438475665748,0.8534386931516118,,9fd5d4780b48.yaml,0b854e87d2d6,32,2,2,True,zoh,75.9375,25.31640625,101.265625,4.0,79.9375,False,False,False
1,mean,knn_clustered_16,kde_p999_equiv,1.7551680584567315,1.0,0.5151515151515151,0.7575757575757576,0.68,0.9015438475665748,0.8534386931516118,,9fd5d4780b48.yaml,0b854e87d2d6,32,2,2,True,zoh,75.9375,25.31640625,101.265625,4.0,79.9375,False,False,False
1,mean,knn_clustered_16,mad,1.4321068830192742,0.9342723004694836,0.7537878787878788,0.8503787878787878,0.8343815513626834,0.9015438475665748,0.8534386931516118,,9fd5d4780b48.yaml,0b854e87d2d6,32,2,2,True,zoh,75.9375,25.31640625,101.265625,4.0,79.9375,False,False,False
1,mean,knn_clustered_16,iqr,1.5439498498724658,0.970414201183432,0.6212121212121212,0.8011363636363636,0.7575057736720554,0.9015438475665748,0.8534386931516118,,9fd5d4780b48.yaml,0b854e87d2d6,32,2,2,True,zoh,75.9375,25.31640625,101.265625,4.0,79.9375,False,False,False
1,mean,knn_clustered_16,perentile_same_machie_95.0,1.362204690722926,0.9645669291338582,0.928030303030303,0.946969696969697,0.945945945945946,0.9343147382920112,0.9550831279300178,,78ca5922c9bf.yaml,95409e0e766e,32,2,2,True,euler,75.9375,25.31640625,101.265625,4.0,79.9375,False,False,False
1,mean,knn_clustered_16,perentile_same_machie_99.0,1.5693959271580582,0.990950226244344,0.8295454545454546,0.9109848484848484,0.9030927835051548,0.9343147382920112,0.9550831279300178,,78ca5922c9bf.yaml,95409e0e766e,32,2,2,True,euler,75.9375,25.31640625,101.265625,4.0,79.9375,False,False,False
1,mean,knn_clustered_16,perentile_same_machie_99.5,1.598055831553751,1.0,0.8068181818181818,0.9034090909090908,0.8930817610062893,0.9343147382920112,0.9550831279300178,,78ca5922c9bf.yaml,95409e0e766e,32,2,2,True,euler,75.9375,25.31640625,101.265625,4.0,79.9375,False,False,False
1,mean,knn_clustered_16,evt_p95_equiv,1.3876421797788134,0.9757085020242916,0.9128787878787878,0.9450757575757576,0.943248532289628,0.9343147382920112,0.9550831279300178,,78ca5922c9bf.yaml,95409e0e766e,32,2,2,True,euler,75.9375,25.31640625,101.265625,4.0,79.9375,False,False,False
1,mean,knn_clustered_16,parametric_p95_equiv,1.3815561220344028,0.972,0.9204545454545454,0.946969696969697,0.9455252918287936,0.9343147382920112,0.9550831279300178,,78ca5922c9bf.yaml,95409e0e766e,32,2,2,True,euler,75.9375,25.31640625,101.265625,4.0,79.9375,False,False,False
1,mean,knn_clustered_16,kde_p95_equiv,1.368968894195924,0.9644268774703556,0.9242424242424242,0.9450757575757576,0.943907156673114,0.9343147382920112,0.9550831279300178,,78ca5922c9bf.yaml,95409e0e766e,32,2,2,True,euler,75.9375,25.31640625,101.265625,4.0,79.9375,False,False,False
1,mean,knn_clustered_16,evt_p99_equiv,1.548345693927716,0.9910714285714286,0.8409090909090909,0.9166666666666666,0.9098360655737704,0.9343147382920112,0.9550831279300178,,78ca5922c9bf.yaml,95409e0e766e,32,2,2,True,euler,75.9375,25.31640625,101.265625,4.0,79.9375,False,False,False
1,mean,knn_clustered_16,parametric_p99_equiv,1.4528497858664229,0.9831932773109244,0.8863636363636364,0.9356060606060606,0.9322709163346612,0.9343147382920112,0.9550831279300178,,78ca5922c9bf.yaml,95409e0e766e,32,2,2,True,euler,75.9375,25.31640625,101.265625,4.0,79.9375,False,False,False
1,mean,knn_clustered_16,kde_p99_equiv,1.580538312525705,0.9908256880733946,0.8181818181818182,0.9053030303030304,0.8962655601659751,0.9343147382920112,0.9550831279300178,,78ca5922c9bf.yaml,95409e0e766e,32,2,2,True,euler,75.9375,25.31640625,101.265625,4.0,79.9375,False,False,False
1,mean,knn_clustered_16,evt_p999_equiv,1.670863367121015,1.0,0.7689393939393939,0.884469696969697,0.8693790149892934,0.9343147382920112,0.9550831279300178,,78ca5922c9bf.yaml,95409e0e766e,32,2,2,True,euler,75.9375,25.31640625,101.265625,4.0,79.9375,False,False,False
1,mean,knn_clustered_16,parametric_p999_equiv,1.523443987962152,0.986784140969163,0.8484848484848485,0.918560606060606,0.9124236252545824,0.9343147382920112,0.9550831279300178,,78ca5922c9bf.yaml,95409e0e766e,32,2,2,True,euler,75.9375,25.31640625,101.265625,4.0,79.9375,False,False,False
1,mean,knn_clustered_16,kde_p999_equiv,1.6681533670012323,1.0,0.7727272727272727,0.8863636363636364,0.8717948717948718,0.9343147382920112,0.9550831279300178,,78ca5922c9bf.yaml,95409e0e766e,32,2,2,True,euler,75.9375,25.31640625,101.265625,4.0,79.9375,False,False,False
1,mean,knn_clustered_16,mad,1.3713791918805611,0.9644268774703556,0.9242424242424242,0.9450757575757576,0.943907156673114,0.9343147382920112,0.9550831279300178,,78ca5922c9bf.yaml,95409e0e766e,32,2,2,True,euler,75.9375,25.31640625,101.265625,4.0,79.9375,False,False,False
1,mean,knn_clustered_16,iqr,1.4580483858256137,0.9831932773109244,0.8863636363636364,0.9356060606060606,0.9322709163346612,0.9343147382920112,0.9550831279300178,,78ca5922c9bf.yaml,95409e0e766e,32,2,2,True,euler,75.9375,25.31640625,101.265625,4.0,79.9375,False,False,False
1,mean,knn_clustered_16,perentile_same_machie_95.0,1.3874347832099478,0.9565217391304348,0.75,0.8579545454545454,0.8407643312101911,0.8823461891643709,0.864297883137596,,785844bd75bc.yaml,33cc13dd48fe,32,2,2,False,zoh,58.0625,25.25,101.0,4.0,62.0625,False,False,False
1,mean,knn_clustered_16,perentile_same_machie_99.0,1.7200652015445728,0.984375,0.4772727272727273,0.7348484848484849,0.6428571428571429,0.8823461891643709,0.864297883137596,,785844bd75bc.yaml,33cc13dd48fe,32,2,2,False,zoh,58.0625,25.25,101.0,4.0,62.0625,False,False,False
1,mean,knn_clustered_16,perentile_same_machie_99.5,1.787551644542254,0.982608695652174,0.428030303030303,0.7102272727272727,0.5963060686015831,0.8823461891643709,0.864297883137596,,785844bd75bc.yaml,33cc13dd48fe,32,2,2,False,zoh,58.0625,25.25,101.0,4.0,62.0625,False,False,False
1,mean,knn_clustered_16,evt_p95_equiv,1.410303896960876,0.9746192893401016,0.7272727272727273,0.8541666666666666,0.8329718004338394,0.8823461891643709,0.864297883137596,,785844bd75bc.yaml,33cc13dd48fe,32,2,2,False,zoh,58.0625,25.25,101.0,4.0,62.0625,False,False,False
1,mean,knn_clustered_16,parametric_p95_equiv,1.4458858561831065,0.973404255319149,0.6931818181818182,0.8371212121212122,0.8097345132743363,0.8823461891643709,0.864297883137596,,785844bd75bc.yaml,33cc13dd48fe,32,2,2,False,zoh,58.0625,25.25,101.0,4.0,62.0625,False,False,False
1,mean,knn_clustered_16,kde_p95_equiv,1.3945445054741938,0.9609756097560976,0.7462121212121212,0.8579545454545454,0.8400852878464818,0.8823461891643709,0.864297883137596,,785844bd75bc.yaml,33cc13dd48fe,32,2,2,False,zoh,58.0625,25.25,101.0,4.0,62.0625,False,False,False
1,mean,knn_clustered_16,evt_p99_equiv,1.6733237708539743,0.9782608695652174,0.5113636363636364,0.75,0.6716417910447762,0.8823461891643709,0.864297883137596,,785844bd75bc.yaml,33cc13dd48fe,32,2,2,False,zoh,58.0625,25.25,101.0,4.0,62.0625,False,False,False
1,mean,knn_clustered_16,parametric_p99_equiv,1.546845770432676,0.9745222929936306,0.5795454545454546,0.7821969696969697,0.7268408551068883,0.8823461891643709,0.864297883137596,,785844bd75bc.yaml,33cc13dd48fe,32,2,2,False,zoh,58.0625,25.25,101.0,4.0,62.0625,False,False,False
1,mean,knn_clustered_16,kde_p99_equiv,1.7358755666833128,0.9838709677419356,0.4621212121212121,0.7272727272727273,0.6288659793814433,0.8823461891643709,0.864297883137596,,785844bd75bc.yaml,33cc13dd48fe,32,2,2,False,zoh,58.0625,25.25,101.0,4.0,62.0625,False,False,False
1,mean,knn_clustered_16,evt_p999_equiv,2.032894925274924,1.0,0.3522727272727273,0.6761363636363636,0.5210084033613446,0.8823461891643709,0.864297883137596,,785844bd75bc.yaml,33cc13dd48fe,32,2,2,False,zoh,58.0625,25.25,101.0,4.0,62.0625,False,False,False
1,mean,knn_clustered_16,parametric_p999_equiv,1.6484966315749074,0.9788732394366196,0.5265151515151515,0.7575757575757576,0.6847290640394089,0.8823461891643709,0.864297883137596,,785844bd75bc.yaml,33cc13dd48fe,32,2,2,False,zoh,58.0625,25.25,101.0,4.0,62.0625,False,False,False
1,mean,knn_clustered_16,kde_p999_equiv,1.87567481693258,1.0,0.3977272727272727,0.6988636363636364,0.5691056910569106,0.8823461891643709,0.864297883137596,,785844bd75bc.yaml,33cc13dd48fe,32,2,2,False,zoh,58.0625,25.25,101.0,4.0,62.0625,False,False,False
1,mean,knn_clustered_16,mad,1.4458722199020904,0.973404255319149,0.6931818181818182,0.8371212121212122,0.8097345132743363,0.8823461891643709,0.864297883137596,,785844bd75bc.yaml,33cc13dd48fe,32,2,2,False,zoh,58.0625,25.25,101.0,4.0,62.0625,False,False,False
1,mean,knn_clustered_16,iqr,1.5540607039154866,0.9741935483870968,0.571969696969697,0.7784090909090909,0.720763723150358,0.8823461891643709,0.864297883137596,,785844bd75bc.yaml,33cc13dd48fe,32,2,2,False,zoh,58.0625,25.25,101.0,4.0,62.0625,False,False,False
1,mean,knn_clustered_16,perentile_same_machie_95.0,1.7897178030296352,0.9029126213592232,0.7045454545454546,0.8143939393939394,0.7914893617021277,0.8282397842056932,0.827914310569813,,1bb643a40705.yaml,7d3528f7bcb4,32,2,2,False,euler,58.0625,25.25,101.0,4.0,62.0625,False,False,False
1,mean,knn_clustered_16,perentile_same_machie_99.0,1.9755455954404808,0.9814814814814816,0.6022727272727273,0.7954545454545454,0.7464788732394366,0.8282397842056932,0.827914310569813,,1bb643a40705.yaml,7d3528f7bcb4,32,2,2,False,euler,58.0625,25.25,101.0,4.0,62.0625,False,False,False
1,mean,knn_clustered_16,perentile_same_machie_99.5,2.02175696963405,0.9866666666666668,0.5606060606060606,0.7765151515151515,0.714975845410628,0.8282397842056932,0.827914310569813,,1bb643a40705.yaml,7d3528f7bcb4,32,2,2,False,euler,58.0625,25.25,101.0,4.0,62.0625,False,False,False
1,mean,knn_clustered_16,evt_p95_equiv,1.7942741119272625,0.902439024390244,0.7007575757575758,0.8125,0.7889125799573561,0.8282397842056932,0.827914310569813,,1bb643a40705.yaml,7d3528f7bcb4,32,2,2,False,euler,58.0625,25.25,101.0,4.0,62.0625,False,False,False
1,mean,knn_clustered_16,parametric_p95_equiv,1.8298038699451111,0.9319371727748692,0.6742424242424242,0.8125,0.7824175824175824,0.8282397842056932,0.827914310569813,,1bb643a40705.yaml,7d3528f7bcb4,32,2,2,False,euler,58.0625,25.25,101.0,4.0,62.0625,False,False,False
1,mean,knn_clustered_16,kde_p95_equiv,1.809555183587958,0.9285714285714286,0.6893939393939394,0.8181818181818182,0.7913043478260869,0.8282397842056932,0.827914310569813,,1bb643a40705.yaml,7d3528f7bcb4,32,2,2,False,euler,58.0625,25.25,101.0,4.0,62.0625,False,False,False
1,mean,knn_clustered_16,evt_p99_equiv,1.9409179639838607,0.9767441860465116,0.6363636363636364,0.8106060606060606,0.7706422018348624,0.8282397842056932,0.827914310569813,,1bb643a40705.yaml,7d3528f7bcb4,32,2,2,False,euler,58.0625,25.25,101.0,4.0,62.0625,False,False,False
1,mean,knn_clustered_16,parametric_p99_equiv,1.9146233667628176,0.971264367816092,0.6401515151515151,0.8106060606060606,0.771689497716895,0.8282397842056932,0.827914310569813,,1bb643a40705.yaml,7d3528f7bcb4,32,2,2,False,euler,58.0625,25.25,101.0,4.0,62.0625,False,False,False
1,mean,knn_clustered_16,kde_p99_equiv,1.980082377911481,0.98125,0.5946969696969697,0.7916666666666666,0.7405660377358491,0.8282397842056932,0.827914310569813,,1bb643a40705.yaml,7d3528f7bcb4,32,2,2,False,euler,58.0625,25.25,101.0,4.0,62.0625,False,False,False
1,mean,knn_clustered_16,evt_p999_equiv,2.1854185607965326,1.0,0.4772727272727273,0.7386363636363636,0.6461538461538462,0.8282397842056932,0.827914310569813,,1bb643a40705.yaml,7d3528f7bcb4,32,2,2,False,euler,58.0625,25.25,101.0,4.0,62.0625,False,False,False
1,mean,knn_clustered_16,parametric_p999_equiv,1.9982035587964169,0.9808917197452228,0.5833333333333334,0.7859848484848485,0.7315914489311164,0.8282397842056932,0.827914310569813,,1bb643a40705.yaml,7d3528f7bcb4,32,2,2,False,euler,58.0625,25.25,101.0,4.0,62.0625,False,False,False
1,mean,knn_clustered_16,kde_p999_equiv,2.1007402897968057,0.9927536231884058,0.5189393939393939,0.7575757575757576,0.681592039800995,0.8282397842056932,0.827914310569813,,1bb643a40705.yaml,7d3528f7bcb4,32,2,2,False,euler,58.0625,25.25,101.0,4.0,62.0625,False,False,False
1,mean,knn_clustered_16,mad,1.9892719181877616,0.981132075471698,0.5909090909090909,0.7897727272727273,0.7375886524822695,0.8282397842056932,0.827914310569813,,1bb643a40705.yaml,7d3528f7bcb4,32,2,2,False,euler,58.0625,25.25,101.0,4.0,62.0625,False,False,False
1,mean,knn_clustered_16,iqr,2.1309897258758195,1.0,0.5037878787878788,0.7518939393939394,0.6700251889168766,0.8282397842056932,0.827914310569813,,1bb643a40705.yaml,7d3528f7bcb4,32,2,2,False,euler,58.0625,25.25,101.0,4.0,62.0625,False,False,False
1,mean,knn_clustered_16,perentile_same_machie_95.0,1.662753704461145,0.9519650655021834,0.8257575757575758,0.8920454545454546,0.8843813387423936,0.883149678604224,0.905907157701416,,19b7bdbfdb1b.yaml,9b2f070215b3,32,2,1,True,zoh,38.0625,12.75390625,51.015625,4.0,42.0625,False,False,False
1,mean,knn_clustered_16,perentile_same_machie_99.0,1.7192041652753454,0.9906103286384976,0.7992424242424242,0.8958333333333334,0.8846960167714885,0.883149678604224,0.905907157701416,,19b7bdbfdb1b.yaml,9b2f070215b3,32,2,1,True,zoh,38.0625,12.75390625,51.015625,4.0,42.0625,False,False,False
1,mean,knn_clustered_16,perentile_same_machie_99.5,1.759071162352274,1.0,0.7765151515151515,0.8882575757575758,0.8742004264392325,0.883149678604224,0.905907157701416,,19b7bdbfdb1b.yaml,9b2f070215b3,32,2,1,True,zoh,38.0625,12.75390625,51.015625,4.0,42.0625,False,False,False
1,mean,knn_clustered_16,evt_p95_equiv,1.6602820609895423,0.9519650655021834,0.8257575757575758,0.8920454545454546,0.8843813387423936,0.883149678604224,0.905907157701416,,19b7bdbfdb1b.yaml,9b2f070215b3,32,2,1,True,zoh,38.0625,12.75390625,51.015625,4.0,42.0625,False,False,False
1,mean,knn_clustered_16,parametric_p95_equiv,1.6950511423686552,0.9728506787330315,0.8143939393939394,0.8958333333333334,0.8865979381443299,0.883149678604224,0.905907157701416,,19b7bdbfdb1b.yaml,9b2f070215b3,32,2,1,True,zoh,38.0625,12.75390625,51.015625,4.0,42.0625,False,False,False
1,mean,knn_clustered_16,kde_p95_equiv,1.6830123914719786,0.9642857142857144,0.8181818181818182,0.8939393939393939,0.8852459016393442,0.883149678604224,0.905907157701416,,19b7bdbfdb1b.yaml,9b2f070215b3,32,2,1,True,zoh,38.0625,12.75390625,51.015625,4.0,42.0625,False,False,False
1,mean,knn_clustered_16,evt_p99_equiv,1.720690913493397,0.9906103286384976,0.7992424242424242,0.8958333333333334,0.8846960167714885,0.883149678604224,0.905907157701416,,19b7bdbfdb1b.yaml,9b2f070215b3,32,2,1,True,zoh,38.0625,12.75390625,51.015625,4.0,42.0625,False,False,False
1,mean,knn_clustered_16,parametric_p99_equiv,1.768357935121802,1.0,0.7727272727272727,0.8863636363636364,0.8717948717948718,0.883149678604224,0.905907157701416,,19b7bdbfdb1b.yaml,9b2f070215b3,32,2,1,True,zoh,38.0625,12.75390625,51.015625,4.0,42.0625,False,False,False
1,mean,knn_clustered_16,kde_p99_equiv,1.7499367131167158,1.0,0.7840909090909091,0.8920454545454546,0.8789808917197452,0.883149678604224,0.905907157701416,,19b7bdbfdb1b.yaml,9b2f070215b3,32,2,1,True,zoh,38.0625,12.75390625,51.015625,4.0,42.0625,False,False,False
1,mean,knn_clustered_16,evt_p999_equiv,1.7945615240526904,1.0,0.7575757575757576,0.8787878787878788,0.8620689655172413,0.883149678604224,0.905907157701416,,19b7bdbfdb1b.yaml,9b2f070215b3,32,2,1,True,zoh,38.0625,12.75390625,51.015625,4.0,42.0625,False,False,False
1,mean,knn_clustered_16,parametric_p999_equiv,1.8403853456574804,1.0,0.7386363636363636,0.8693181818181818,0.8496732026143791,0.883149678604224,0.905907157701416,,19b7bdbfdb1b.yaml,9b2f070215b3,32,2,1,True,zoh,38.0625,12.75390625,51.015625,4.0,42.0625,False,False,False
1,mean,knn_clustered_16,kde_p999_equiv,1.8300873072006985,1.0,0.7424242424242424,0.8712121212121212,0.8521739130434782,0.883149678604224,0.905907157701416,,19b7bdbfdb1b.yaml,9b2f070215b3,32,2,1,True,zoh,38.0625,12.75390625,51.015625,4.0,42.0625,False,False,False
1,mean,knn_clustered_16,mad,2.0328552237217923,1.0,0.6060606060606061,0.803030303030303,0.7547169811320755,0.883149678604224,0.905907157701416,,19b7bdbfdb1b.yaml,9b2f070215b3,32,2,1,True,zoh,38.0625,12.75390625,51.015625,4.0,42.0625,False,False,False
1,mean,knn_clustered_16,iqr,2.2514073522528606,1.0,0.5113636363636364,0.7556818181818182,0.6766917293233082,0.883149678604224,0.905907157701416,,19b7bdbfdb1b.yaml,9b2f070215b3,32,2,1,True,zoh,38.0625,12.75390625,51.015625,4.0,42.0625,False,False,False
1,mean,knn_clustered_16,perentile_same_machie_95.0,1.5297357187398588,0.953781512605042,0.8598484848484849,0.9090909090909092,0.904382470119522,0.8910267447199265,0.905227514378232,,615b3e5e8dc9.yaml,3944b0a8c4ce,32,2,1,True,euler,38.0625,12.75390625,51.015625,4.0,42.0625,False,False,False
1,mean,knn_clustered_16,perentile_same_machie_99.0,2.0748941209631773,0.9924242424242424,0.4962121212121212,0.7462121212121212,0.6616161616161617,0.8910267447199265,0.905227514378232,,615b3e5e8dc9.yaml,3944b0a8c4ce,32,2,1,True,euler,38.0625,12.75390625,51.015625,4.0,42.0625,False,False,False
1,mean,knn_clustered_16,perentile_same_machie_99.5,2.1647493654856014,0.9915254237288136,0.4431818181818182,0.7196969696969697,0.612565445026178,0.8910267447199265,0.905227514378232,,615b3e5e8dc9.yaml,3944b0a8c4ce,32,2,1,True,euler,38.0625,12.75390625,51.015625,4.0,42.0625,False,False,False
1,mean,knn_clustered_16,evt_p95_equiv,1.5475498024842855,0.965665236051502,0.8522727272727273,0.9109848484848484,0.9054325955734408,0.8910267447199265,0.905227514378232,,615b3e5e8dc9.yaml,3944b0a8c4ce,32,2,1,True,euler,38.0625,12.75390625,51.015625,4.0,42.0625,False,False,False
1,mean,knn_clustered_16,parametric_p95_equiv,1.6898726615226916,0.981042654028436,0.7840909090909091,0.884469696969697,0.871578947368421,0.8910267447199265,0.905227514378232,,615b3e5e8dc9.yaml,3944b0a8c4ce,32,2,1,True,euler,38.0625,12.75390625,51.015625,4.0,42.0625,False,False,False
1,mean,knn_clustered_16,kde_p95_equiv,1.5620154669976294,0.9696969696969696,0.8484848484848485,0.9109848484848484,0.9050505050505052,0.8910267447199265,0.905227514378232,,615b3e5e8dc9.yaml,3944b0a8c4ce,32,2,1,True,euler,38.0625,12.75390625,51.015625,4.0,42.0625,False,False,False
1,mean,knn_clustered_16,evt_p99_equiv,1.9559941363744653,0.9937106918238994,0.5984848484848485,0.7973484848484849,0.7470449172576832,0.8910267447199265,0.905227514378232,,615b3e5e8dc9.yaml,3944b0a8c4ce,32,2,1,True,euler,38.0625,12.75390625,51.015625,4.0,42.0625,False,False,False
1,mean,knn_clustered_16,parametric_p99_equiv,1.815142702923292,0.9783783783783784,0.6856060606060606,0.8352272727272727,0.8062360801781737,0.8910267447199265,0.905227514378232,,615b3e5e8dc9.yaml,3944b0a8c4ce,32,2,1,True,euler,38.0625,12.75390625,51.015625,4.0,42.0625,False,False,False
1,mean,knn_clustered_16,kde_p99_equiv,2.079460375897896,0.9924242424242424,0.4962121212121212,0.7462121212121212,0.6616161616161617,0.8910267447199265,0.905227514378232,,615b3e5e8dc9.yaml,3944b0a8c4ce,32,2,1,True,euler,38.0625,12.75390625,51.015625,4.0,42.0625,False,False,False
1,mean,knn_clustered_16,evt_p999_equiv,4.629150213719094,0.0,0.0,0.5,0.0,0.8910267447199265,0.905227514378232,,615b3e5e8dc9.yaml,3944b0a8c4ce,32,2,1,True,euler,38.0625,12.75390625,51.015625,4.0,42.0625,True,False,True
1,mean,knn_clustered_16,parametric_p999_equiv,1.941762685407109,0.9939024390243902,0.6174242424242424,0.8068181818181818,0.7616822429906542,0.8910267447199265,0.905227514378232,,615b3e5e8dc9.yaml,3944b0a8c4ce,32,2,1,True,euler,38.0625,12.75390625,51.015625,4.0,42.0625,False,False,False
1,mean,knn_clustered_16,kde_p999_equiv,2.267840456683735,1.0,0.4015151515151515,0.7007575757575758,0.572972972972973,0.8910267447199265,0.905227514378232,,615b3e5e8dc9.yaml,3944b0a8c4ce,32,2,1,True,euler,38.0625,12.75390625,51.015625,4.0,42.0625,False,False,False
1,mean,knn_clustered_16,mad,1.7676144640881883,0.9796954314720812,0.7310606060606061,0.8579545454545454,0.8373101952277657,0.8910267447199265,0.905227514378232,,615b3e5e8dc9.yaml,3944b0a8c4ce,32,2,1,True,euler,38.0625,12.75390625,51.015625,4.0,42.0625,False,False,False
1,mean,knn_clustered_16,iqr,1.952927644665221,0.9937888198757764,0.6060606060606061,0.8011363636363636,0.7529411764705882,0.8910267447199265,0.905227514378232,,615b3e5e8dc9.yaml,3944b0a8c4ce,32,2,1,True,euler,38.0625,12.75390625,51.015625,4.0,42.0625,False,False,False
1,mean,knn_clustered_16,perentile_same_machie_95.0,2.102482532396248,0.9562841530054644,0.6628787878787878,0.8162878787878788,0.7829977628635347,0.8009067952249771,0.8215558697018027,,88c8a2386977.yaml,1d0f615af9a7,32,2,1,False,zoh,29.1875,12.6875,50.75,4.0,33.1875,False,False,False
1,mean,knn_clustered_16,perentile_same_machie_99.0,2.176175421482231,0.970414201183432,0.6212121212121212,0.8011363636363636,0.7575057736720554,0.8009067952249771,0.8215558697018027,,88c8a2386977.yaml,1d0f615af9a7,32,2,1,False,zoh,29.1875,12.6875,50.75,4.0,33.1875,False,False,False
1,mean,knn_clustered_16,perentile_same_machie_99.5,2.2026595937388334,0.9817073170731708,0.6098484848484849,0.7992424242424242,0.7523364485981309,0.8009067952249771,0.8215558697018027,,88c8a2386977.yaml,1d0f615af9a7,32,2,1,False,zoh,29.1875,12.6875,50.75,4.0,33.1875,False,False,False
1,mean,knn_clustered_16,evt_p95_equiv,2.0955644620549587,0.9510869565217392,0.6628787878787878,0.8143939393939394,0.78125,0.8009067952249771,0.8215558697018027,,88c8a2386977.yaml,1d0f615af9a7,32,2,1,False,zoh,29.1875,12.6875,50.75,4.0,33.1875,False,False,False
1,mean,knn_clustered_16,parametric_p95_equiv,2.091642304657963,0.946236559139785,0.6666666666666666,0.8143939393939394,0.7822222222222223,0.8009067952249771,0.8215558697018027,,88c8a2386977.yaml,1d0f615af9a7,32,2,1,False,zoh,29.1875,12.6875,50.75,4.0,33.1875,False,False,False
1,mean,knn_clustered_16,kde_p95_equiv,2.11167747139323,0.9558011049723756,0.6553030303030303,0.8125,0.7775280898876404,0.8009067952249771,0.8215558697018027,,88c8a2386977.yaml,1d0f615af9a7,32,2,1,False,zoh,29.1875,12.6875,50.75,4.0,33.1875,False,False,False
1,mean,knn_clustered_16,evt_p99_equiv,2.1945647425161416,0.9818181818181818,0.6136363636363636,0.8011363636363636,0.7552447552447552,0.8009067952249771,0.8215558697018027,,88c8a2386977.yaml,1d0f615af9a7,32,2,1,False,zoh,29.1875,12.6875,50.75,4.0,33.1875,False,False,False
1,mean,knn_clustered_16,parametric_p99_equiv,2.1984765871501697,0.9818181818181818,0.6136363636363636,0.8011363636363636,0.7552447552447552,0.8009067952249771,0.8215558697018027,,88c8a2386977.yaml,1d0f615af9a7,32,2,1,False,zoh,29.1875,12.6875,50.75,4.0,33.1875,False,False,False
1,mean,knn_clustered_16,kde_p99_equiv,2.215066393099004,0.9873417721518988,0.5909090909090909,0.7916666666666666,0.7393364928909952,0.8009067952249771,0.8215558697018027,,88c8a2386977.yaml,1d0f615af9a7,32,2,1,False,zoh,29.1875,12.6875,50.75,4.0,33.1875,False,False,False
1,mean,knn_clustered_16,evt_p999_equiv,2.2749938664685203,0.9933333333333332,0.5643939393939394,0.7803030303030303,0.7198067632850241,0.8009067952249771,0.8215558697018027,,88c8a2386977.yaml,1d0f615af9a7,32,2,1,False,zoh,29.1875,12.6875,50.75,4.0,33.1875,False,False,False
1,mean,knn_clustered_16,parametric_p999_equiv,2.3042112279112343,0.9931506849315068,0.5492424242424242,0.7727272727272727,0.7073170731707317,0.8009067952249771,0.8215558697018027,,88c8a2386977.yaml,1d0f615af9a7,32,2,1,False,zoh,29.1875,12.6875,50.75,4.0,33.1875,False,False,False
1,mean,knn_clustered_16,kde_p999_equiv,2.324563485088328,1.0,0.5492424242424242,0.7746212121212122,0.7090464547677262,0.8009067952249771,0.8215558697018027,,88c8a2386977.yaml,1d0f615af9a7,32,2,1,False,zoh,29.1875,12.6875,50.75,4.0,33.1875,False,False,False
1,mean,knn_clustered_16,mad,2.64626596842566,1.0,0.4128787878787879,0.7064393939393939,0.5844504021447721,0.8009067952249771,0.8215558697018027,,88c8a2386977.yaml,1d0f615af9a7,32,2,1,False,zoh,29.1875,12.6875,50.75,4.0,33.1875,False,False,False
1,mean,knn_clustered_16,iqr,2.924800234835089,1.0,0.3219696969696969,0.6609848484848485,0.4871060171919771,0.8009067952249771,0.8215558697018027,,88c8a2386977.yaml,1d0f615af9a7,32,2,1,False,zoh,29.1875,12.6875,50.75,4.0,33.1875,False,False,False
1,mean,knn_clustered_16,perentile_same_machie_95.0,1.740607940640461,0.9386792452830188,0.7537878787878788,0.8522727272727273,0.8361344537815126,0.8379677456382001,0.8608543569667971,,dd85abe752ba.yaml,f517b199970d,32,2,1,False,euler,29.1875,12.6875,50.75,4.0,33.1875,False,False,False
1,mean,knn_clustered_16,perentile_same_machie_99.0,1.8227602935105616,0.989071038251366,0.6856060606060606,0.8390151515151515,0.8098434004474273,0.8379677456382001,0.8608543569667971,,dd85abe752ba.yaml,f517b199970d,32,2,1,False,euler,29.1875,12.6875,50.75,4.0,33.1875,False,False,False
1,mean,knn_clustered_16,perentile_same_machie_99.5,1.850687490967824,0.9887640449438202,0.6666666666666666,0.8295454545454546,0.7963800904977375,0.8379677456382001,0.8608543569667971,,dd85abe752ba.yaml,f517b199970d,32,2,1,False,euler,29.1875,12.6875,50.75,4.0,33.1875,False,False,False
1,mean,knn_clustered_16,evt_p95_equiv,1.738685309469849,0.9342723004694836,0.7537878787878788,0.8503787878787878,0.8343815513626834,0.8379677456382001,0.8608543569667971,,dd85abe752ba.yaml,f517b199970d,32,2,1,False,euler,29.1875,12.6875,50.75,4.0,33.1875,False,False,False
1,mean,knn_clustered_16,parametric_p95_equiv,1.7471065532887922,0.9423076923076924,0.7424242424242424,0.8484848484848485,0.8305084745762712,0.8379677456382001,0.8608543569667971,,dd85abe752ba.yaml,f517b199970d,32,2,1,False,euler,29.1875,12.6875,50.75,4.0,33.1875,False,False,False
1,mean,knn_clustered_16,kde_p95_equiv,1.7512618068982564,0.9420289855072465,0.7386363636363636,0.8465909090909091,0.8280254777070064,0.8379677456382001,0.8608543569667971,,dd85abe752ba.yaml,f517b199970d,32,2,1,False,euler,29.1875,12.6875,50.75,4.0,33.1875,False,False,False
1,mean,knn_clustered_16,evt_p99_equiv,1.820550172973349,0.989071038251366,0.6856060606060606,0.8390151515151515,0.8098434004474273,0.8379677456382001,0.8608543569667971,,dd85abe752ba.yaml,f517b199970d,32,2,1,False,euler,29.1875,12.6875,50.75,4.0,33.1875,False,False,False
1,mean,knn_clustered_16,parametric_p99_equiv,1.8167333811838804,0.989071038251366,0.6856060606060606,0.8390151515151515,0.8098434004474273,0.8379677456382001,0.8608543569667971,,dd85abe752ba.yaml,f517b199970d,32,2,1,False,euler,29.1875,12.6875,50.75,4.0,33.1875,False,False,False
1,mean,knn_clustered_16,kde_p99_equiv,1.8421059549581564,0.988826815642458,0.6704545454545454,0.8314393939393939,0.7990970654627539,0.8379677456382001,0.8608543569667971,,dd85abe752ba.yaml,f517b199970d,32,2,1,False,euler,29.1875,12.6875,50.75,4.0,33.1875,False,False,False
1,mean,knn_clustered_16,evt_p999_equiv,1.8968637919853448,0.9940476190476192,0.6325757575757576,0.8143939393939394,0.7731481481481481,0.8379677456382001,0.8608543569667971,,dd85abe752ba.yaml,f517b199970d,32,2,1,False,euler,29.1875,12.6875,50.75,4.0,33.1875,False,False,False
1,mean,knn_clustered_16,parametric_p999_equiv,1.884928851510219,0.9941520467836256,0.6439393939393939,0.8200757575757576,0.7816091954022989,0.8379677456382001,0.8608543569667971,,dd85abe752ba.yaml,f517b199970d,32,2,1,False,euler,29.1875,12.6875,50.75,4.0,33.1875,False,False,False
1,mean,knn_clustered_16,kde_p999_equiv,1.927366497351736,1.0,0.6174242424242424,0.8087121212121212,0.7634660421545667,0.8379677456382001,0.8608543569667971,,dd85abe752ba.yaml,f517b199970d,32,2,1,False,euler,29.1875,12.6875,50.75,4.0,33.1875,False,False,False
1,mean,knn_clustered_16,mad,2.010598583233902,1.0,0.5795454545454546,0.7897727272727273,0.7338129496402878,0.8379677456382001,0.8608543569667971,,dd85abe752ba.yaml,f517b199970d,32,2,1,False,euler,29.1875,12.6875,50.75,4.0,33.1875,False,False,False
1,mean,knn_clustered_16,iqr,2.183540902076838,1.0,0.5151515151515151,0.7575757575757576,0.68,0.8379677456382001,0.8608543569667971,,dd85abe752ba.yaml,f517b199970d,32,2,1,False,euler,29.1875,12.6875,50.75,4.0,33.1875,False,False,False
1,mean,knn_clustered_16,perentile_same_machie_95.0,1.901847368718548,0.9424083769633508,0.6818181818181818,0.8200757575757576,0.7912087912087912,0.9008838383838385,0.8306781934174279,,35e13b3d6a57.yaml,8c4aead7227f,32,1,2,True,zoh,38.0,20.94140625,83.765625,4.0,42.0,False,False,False
1,mean,knn_clustered_16,perentile_same_machie_99.0,2.022736883946012,0.9881656804733728,0.6325757575757576,0.8125,0.7713625866050808,0.9008838383838385,0.8306781934174279,,35e13b3d6a57.yaml,8c4aead7227f,32,1,2,True,zoh,38.0,20.94140625,83.765625,4.0,42.0,False,False,False
1,mean,knn_clustered_16,perentile_same_machie_99.5,2.0617596958728543,0.9938650306748468,0.6136363636363636,0.8049242424242424,0.7587822014051522,0.9008838383838385,0.8306781934174279,,35e13b3d6a57.yaml,8c4aead7227f,32,1,2,True,zoh,38.0,20.94140625,83.765625,4.0,42.0,False,False,False
1,mean,knn_clustered_16,evt_p95_equiv,1.8919867017920609,0.9424083769633508,0.6818181818181818,0.8200757575757576,0.7912087912087912,0.9008838383838385,0.8306781934174279,,35e13b3d6a57.yaml,8c4aead7227f,32,1,2,True,zoh,38.0,20.94140625,83.765625,4.0,42.0,False,False,False
1,mean,knn_clustered_16,parametric_p95_equiv,1.7691492687882262,0.8711111111111111,0.7424242424242424,0.8162878787878788,0.8016359918200409,0.9008838383838385,0.8306781934174279,,35e13b3d6a57.yaml,8c4aead7227f,32,1,2,True,zoh,38.0,20.94140625,83.765625,4.0,42.0,False,False,False
1,mean,knn_clustered_16,kde_p95_equiv,1.904053819595403,0.9424083769633508,0.6818181818181818,0.8200757575757576,0.7912087912087912,0.9008838383838385,0.8306781934174279,,35e13b3d6a57.yaml,8c4aead7227f,32,1,2,True,zoh,38.0,20.94140625,83.765625,4.0,42.0,False,False,False
1,mean,knn_clustered_16,evt_p99_equiv,2.0373986650384226,0.9880239520958084,0.625,0.8087121212121212,0.765661252900232,0.9008838383838385,0.8306781934174279,,35e13b3d6a57.yaml,8c4aead7227f,32,1,2,True,zoh,38.0,20.94140625,83.765625,4.0,42.0,False,False,False
1,mean,knn_clustered_16,parametric_p99_equiv,1.9456676697273203,0.9615384615384616,0.6628787878787878,0.8181818181818182,0.7847533632286996,0.9008838383838385,0.8306781934174279,,35e13b3d6a57.yaml,8c4aead7227f,32,1,2,True,zoh,38.0,20.94140625,83.765625,4.0,42.0,False,False,False
1,mean,knn_clustered_16,kde_p99_equiv,2.0454432504462683,0.993939393939394,0.6212121212121212,0.8087121212121212,0.7645687645687645,0.9008838383838385,0.8306781934174279,,35e13b3d6a57.yaml,8c4aead7227f,32,1,2,True,zoh,38.0,20.94140625,83.765625,4.0,42.0,False,False,False
1,mean,knn_clustered_16,evt_p999_equiv,2.1324124987108104,1.0,0.571969696969697,0.7859848484848485,0.727710843373494,0.9008838383838385,0.8306781934174279,,35e13b3d6a57.yaml,8c4aead7227f,32,1,2,True,zoh,38.0,20.94140625,83.765625,4.0,42.0,False,False,False
1,mean,knn_clustered_16,parametric_p999_equiv,2.1485966365646614,1.0,0.5643939393939394,0.7821969696969697,0.7215496368038741,0.9008838383838385,0.8306781934174279,,35e13b3d6a57.yaml,8c4aead7227f,32,1,2,True,zoh,38.0,20.94140625,83.765625,4.0,42.0,False,False,False
1,mean,knn_clustered_16,kde_p999_equiv,2.168868026507468,1.0,0.5568181818181818,0.7784090909090909,0.7153284671532847,0.9008838383838385,0.8306781934174279,,35e13b3d6a57.yaml,8c4aead7227f,32,1,2,True,zoh,38.0,20.94140625,83.765625,4.0,42.0,False,False,False
1,mean,knn_clustered_16,mad,1.717378901821195,0.8630705394190872,0.7878787878787878,0.8314393939393939,0.8237623762376237,0.9008838383838385,0.8306781934174279,,35e13b3d6a57.yaml,8c4aead7227f,32,1,2,True,zoh,38.0,20.94140625,83.765625,4.0,42.0,False,False,False
1,mean,knn_clustered_16,iqr,1.844501229973126,0.91,0.6893939393939394,0.8106060606060606,0.7844827586206896,0.9008838383838385,0.8306781934174279,,35e13b3d6a57.yaml,8c4aead7227f,32,1,2,True,zoh,38.0,20.94140625,83.765625,4.0,42.0,False,False,False
1,mean,knn_clustered_16,perentile_same_machie_95.0,2.0874061935167725,0.9526315789473684,0.6856060606060606,0.8257575757575758,0.7973568281938326,0.9026342975206612,0.8439085834420761,,91443246bcf9.yaml,78370c3ccbfb,32,1,2,True,euler,38.0,20.94140625,83.765625,4.0,42.0,False,False,False
1,mean,knn_clustered_16,perentile_same_machie_99.0,2.278545051336168,0.9931506849315068,0.5492424242424242,0.7727272727272727,0.7073170731707317,0.9026342975206612,0.8439085834420761,,91443246bcf9.yaml,78370c3ccbfb,32,1,2,True,euler,38.0,20.94140625,83.765625,4.0,42.0,False,False,False
1,mean,knn_clustered_16,perentile_same_machie_99.5,2.3199270154371483,0.9925373134328358,0.5037878787878788,0.75,0.6683417085427136,0.9026342975206612,0.8439085834420761,,91443246bcf9.yaml,78370c3ccbfb,32,1,2,True,euler,38.0,20.94140625,83.765625,4.0,42.0,False,False,False
1,mean,knn_clustered_16,evt_p95_equiv,2.100912632299835,0.9576719576719576,0.6856060606060606,0.8276515151515151,0.7991169977924945,0.9026342975206612,0.8439085834420761,,91443246bcf9.yaml,78370c3ccbfb,32,1,2,True,euler,38.0,20.94140625,83.765625,4.0,42.0,False,False,False
1,mean,knn_clustered_16,parametric_p95_equiv,2.0480684989132323,0.9264705882352942,0.7159090909090909,0.8295454545454546,0.8076923076923077,0.9026342975206612,0.8439085834420761,,91443246bcf9.yaml,78370c3ccbfb,32,1,2,True,euler,38.0,20.94140625,83.765625,4.0,42.0,False,False,False
1,mean,knn_clustered_16,kde_p95_equiv,2.104232618046192,0.9627659574468084,0.6856060606060606,0.8295454545454546,0.8008849557522124,0.9026342975206612,0.8439085834420761,,91443246bcf9.yaml,78370c3ccbfb,32,1,2,True,euler,38.0,20.94140625,83.765625,4.0,42.0,False,False,False
1,mean,knn_clustered_16,evt_p99_equiv,2.269461494759962,0.9932885906040269,0.5606060606060606,0.7784090909090909,0.7167070217917676,0.9026342975206612,0.8439085834420761,,91443246bcf9.yaml,78370c3ccbfb,32,1,2,True,euler,38.0,20.94140625,83.765625,4.0,42.0,False,False,False
1,mean,knn_clustered_16,parametric_p99_equiv,2.18806336262236,0.9766081871345028,0.6325757575757576,0.8087121212121212,0.767816091954023,0.9026342975206612,0.8439085834420761,,91443246bcf9.yaml,78370c3ccbfb,32,1,2,True,euler,38.0,20.94140625,83.765625,4.0,42.0,False,False,False
1,mean,knn_clustered_16,kde_p99_equiv,2.295186068844573,0.9929577464788732,0.5340909090909091,0.7651515151515151,0.6945812807881774,0.9026342975206612,0.8439085834420761,,91443246bcf9.yaml,78370c3ccbfb,32,1,2,True,euler,38.0,20.94140625,83.765625,4.0,42.0,False,False,False
1,mean,knn_clustered_16,evt_p999_equiv,2.384952142830139,1.0,0.428030303030303,0.7140151515151515,0.5994694960212201,0.9026342975206612,0.8439085834420761,,91443246bcf9.yaml,78370c3ccbfb,32,1,2,True,euler,38.0,20.94140625,83.765625,4.0,42.0,False,False,False
1,mean,knn_clustered_16,parametric_p999_equiv,2.3288281453147963,0.9923664122137404,0.4924242424242424,0.7443181818181818,0.6582278481012658,0.9026342975206612,0.8439085834420761,,91443246bcf9.yaml,78370c3ccbfb,32,1,2,True,euler,38.0,20.94140625,83.765625,4.0,42.0,False,False,False
1,mean,knn_clustered_16,kde_p999_equiv,2.4278381020933906,1.0,0.3825757575757575,0.6912878787878788,0.5534246575342465,0.9026342975206612,0.8439085834420761,,91443246bcf9.yaml,78370c3ccbfb,32,1,2,True,euler,38.0,20.94140625,83.765625,4.0,42.0,False,False,False
1,mean,knn_clustered_16,mad,2.1709605932780747,0.9714285714285714,0.6439393939393939,0.8125,0.7744874715261959,0.9026342975206612,0.8439085834420761,,91443246bcf9.yaml,78370c3ccbfb,32,1,2,True,euler,38.0,20.94140625,83.765625,4.0,42.0,False,False,False
1,mean,knn_clustered_16,iqr,2.3689173915695405,1.0,0.4507575757575757,0.7253787878787878,0.6214099216710183,0.9026342975206612,0.8439085834420761,,91443246bcf9.yaml,78370c3ccbfb,32,1,2,True,euler,38.0,20.94140625,83.765625,4.0,42.0,False,False,False
1,mean,knn_clustered_16,perentile_same_machie_95.0,1.9706368258425573,0.9319371727748692,0.6742424242424242,0.8125,0.7824175824175824,0.8489439853076216,0.8345144023971776,,1fd5020aab7f.yaml,4e6f244b9119,32,1,2,False,zoh,29.0625,20.875,83.5,4.0,33.0625,False,False,False
1,mean,knn_clustered_16,perentile_same_machie_99.0,2.0589418418926075,0.9825581395348836,0.6401515151515151,0.8143939393939394,0.7752293577981652,0.8489439853076216,0.8345144023971776,,1fd5020aab7f.yaml,4e6f244b9119,32,1,2,False,zoh,29.0625,20.875,83.5,4.0,33.0625,False,False,False
1,mean,knn_clustered_16,perentile_same_machie_99.5,2.0734863644511368,0.993939393939394,0.6212121212121212,0.8087121212121212,0.7645687645687645,0.8489439853076216,0.8345144023971776,,1fd5020aab7f.yaml,4e6f244b9119,32,1,2,False,zoh,29.0625,20.875,83.5,4.0,33.0625,False,False,False
1,mean,knn_clustered_16,evt_p95_equiv,1.968878259565913,0.927461139896373,0.678030303030303,0.8125,0.7833698030634574,0.8489439853076216,0.8345144023971776,,1fd5020aab7f.yaml,4e6f244b9119,32,1,2,False,zoh,29.0625,20.875,83.5,4.0,33.0625,False,False,False
1,mean,knn_clustered_16,parametric_p95_equiv,1.960623450183889,0.9195979899497488,0.6931818181818182,0.8162878787878788,0.7904967602591793,0.8489439853076216,0.8345144023971776,,1fd5020aab7f.yaml,4e6f244b9119,32,1,2,False,zoh,29.0625,20.875,83.5,4.0,33.0625,False,False,False
1,mean,knn_clustered_16,kde_p95_equiv,1.982516920068656,0.9365079365079364,0.6704545454545454,0.8125,0.7814569536423841,0.8489439853076216,0.8345144023971776,,1fd5020aab7f.yaml,4e6f244b9119,32,1,2,False,zoh,29.0625,20.875,83.5,4.0,33.0625,False,False,False
1,mean,knn_clustered_16,evt_p99_equiv,2.0662213913712986,0.9881656804733728,0.6325757575757576,0.8125,0.7713625866050808,0.8489439853076216,0.8345144023971776,,1fd5020aab7f.yaml,4e6f244b9119,32,1,2,False,zoh,29.0625,20.875,83.5,4.0,33.0625,False,False,False
1,mean,knn_clustered_16,parametric_p99_equiv,2.043389378148419,0.9827586206896552,0.6477272727272727,0.8181818181818182,0.7808219178082192,0.8489439853076216,0.8345144023971776,,1fd5020aab7f.yaml,4e6f244b9119,32,1,2,False,zoh,29.0625,20.875,83.5,4.0,33.0625,False,False,False
1,mean,knn_clustered_16,kde_p99_equiv,2.0766135349343835,0.993939393939394,0.6212121212121212,0.8087121212121212,0.7645687645687645,0.8489439853076216,0.8345144023971776,,1fd5020aab7f.yaml,4e6f244b9119,32,1,2,False,zoh,29.0625,20.875,83.5,4.0,33.0625,False,False,False
1,mean,knn_clustered_16,evt_p999_equiv,2.155623690484125,1.0,0.571969696969697,0.7859848484848485,0.727710843373494,0.8489439853076216,0.8345144023971776,,1fd5020aab7f.yaml,4e6f244b9119,32,1,2,False,zoh,29.0625,20.875,83.5,4.0,33.0625,False,False,False
1,mean,knn_clustered_16,parametric_p999_equiv,2.124632608330232,1.0,0.6060606060606061,0.803030303030303,0.7547169811320755,0.8489439853076216,0.8345144023971776,,1fd5020aab7f.yaml,4e6f244b9119,32,1,2,False,zoh,29.0625,20.875,83.5,4.0,33.0625,False,False,False
1,mean,knn_clustered_16,kde_p999_equiv,2.179691804396821,1.0,0.5568181818181818,0.7784090909090909,0.7153284671532847,0.8489439853076216,0.8345144023971776,,1fd5020aab7f.yaml,4e6f244b9119,32,1,2,False,zoh,29.0625,20.875,83.5,4.0,33.0625,False,False,False
1,mean,knn_clustered_16,mad,2.302700282141519,1.0,0.5227272727272727,0.7613636363636364,0.6865671641791045,0.8489439853076216,0.8345144023971776,,1fd5020aab7f.yaml,4e6f244b9119,32,1,2,False,zoh,29.0625,20.875,83.5,4.0,33.0625,False,False,False
1,mean,knn_clustered_16,iqr,2.544380052598692,1.0,0.4545454545454545,0.7272727272727273,0.625,0.8489439853076216,0.8345144023971776,,1fd5020aab7f.yaml,4e6f244b9119,32,1,2,False,zoh,29.0625,20.875,83.5,4.0,33.0625,False,False,False
1,mean,knn_clustered_16,perentile_same_machie_95.0,2.031531265081461,0.9447236180904522,0.7121212121212122,0.8352272727272727,0.8120950323974082,0.8705234159779613,0.849013459958436,,e383b78a1108.yaml,bf210af21ef5,32,1,2,False,euler,29.0625,20.875,83.5,4.0,33.0625,False,False,False
1,mean,knn_clustered_16,perentile_same_machie_99.0,2.112458547392404,0.9885057471264368,0.6515151515151515,0.821969696969697,0.7853881278538812,0.8705234159779613,0.849013459958436,,e383b78a1108.yaml,bf210af21ef5,32,1,2,False,euler,29.0625,20.875,83.5,4.0,33.0625,False,False,False
1,mean,knn_clustered_16,perentile_same_machie_99.5,2.139686053407148,0.9941176470588236,0.6401515151515151,0.8181818181818182,0.7788018433179723,0.8705234159779613,0.849013459958436,,e383b78a1108.yaml,bf210af21ef5,32,1,2,False,euler,29.0625,20.875,83.5,4.0,33.0625,False,False,False
1,mean,knn_clustered_16,evt_p95_equiv,2.0252784800520307,0.9356435643564356,0.7159090909090909,0.8333333333333334,0.8111587982832618,0.8705234159779613,0.849013459958436,,e383b78a1108.yaml,bf210af21ef5,32,1,2,False,euler,29.0625,20.875,83.5,4.0,33.0625,False,False,False
1,mean,knn_clustered_16,parametric_p95_equiv,2.002290440655197,0.919047619047619,0.7310606060606061,0.8333333333333334,0.8143459915611815,0.8705234159779613,0.849013459958436,,e383b78a1108.yaml,bf210af21ef5,32,1,2,False,euler,29.0625,20.875,83.5,4.0,33.0625,False,False,False
1,mean,knn_clustered_16,kde_p95_equiv,2.032123924894807,0.9447236180904522,0.7121212121212122,0.8352272727272727,0.8120950323974082,0.8705234159779613,0.849013459958436,,e383b78a1108.yaml,bf210af21ef5,32,1,2,False,euler,29.0625,20.875,83.5,4.0,33.0625,False,False,False
1,mean,knn_clustered_16,evt_p99_equiv,2.118515951535068,0.9884393063583816,0.6477272727272727,0.8200757575757576,0.782608695652174,0.8705234159779613,0.849013459958436,,e383b78a1108.yaml,bf210af21ef5,32,1,2,False,euler,29.0625,20.875,83.5,4.0,33.0625,False,False,False
1,mean,knn_clustered_16,parametric_p99_equiv,2.094194695918792,0.9775280898876404,0.6590909090909091,0.821969696969697,0.7873303167420814,0.8705234159779613,0.849013459958436,,e383b78a1108.yaml,bf210af21ef5,32,1,2,False,euler,29.0625,20.875,83.5,4.0,33.0625,False,False,False
1,mean,knn_clustered_16,kde_p99_equiv,2.1360851169492894,0.9941176470588236,0.6401515151515151,0.8181818181818182,0.7788018433179723,0.8705234159779613,0.849013459958436,,e383b78a1108.yaml,bf210af21ef5,32,1,2,False,euler,29.0625,20.875,83.5,4.0,33.0625,False,False,False
1,mean,knn_clustered_16,evt_p999_equiv,2.165131107914754,1.0,0.6098484848484849,0.8049242424242424,0.7576470588235295,0.8705234159779613,0.849013459958436,,e383b78a1108.yaml,bf210af21ef5,32,1,2,False,euler,29.0625,20.875,83.5,4.0,33.0625,False,False,False
1,mean,knn_clustered_16,parametric_p999_equiv,2.184717901611682,1.0,0.5871212121212122,0.7935606060606061,0.7398568019093079,0.8705234159779613,0.849013459958436,,e383b78a1108.yaml,bf210af21ef5,32,1,2,False,euler,29.0625,20.875,83.5,4.0,33.0625,False,False,False
1,mean,knn_clustered_16,kde_p999_equiv,2.218720671449391,1.0,0.5606060606060606,0.7803030303030303,0.7184466019417476,0.8705234159779613,0.849013459958436,,e383b78a1108.yaml,bf210af21ef5,32,1,2,False,euler,29.0625,20.875,83.5,4.0,33.0625,False,False,False
1,mean,knn_clustered_16,mad,2.4096154925334243,1.0,0.4924242424242424,0.7462121212121212,0.6598984771573604,0.8705234159779613,0.849013459958436,,e383b78a1108.yaml,bf210af21ef5,32,1,2,False,euler,29.0625,20.875,83.5,4.0,33.0625,False,False,False
1,mean,knn_clustered_16,iqr,2.653671038895052,1.0,0.3636363636363636,0.6818181818181818,0.5333333333333333,0.8705234159779613,0.849013459958436,,e383b78a1108.yaml,bf210af21ef5,32,1,2,False,euler,29.0625,20.875,83.5,4.0,33.0625,False,False,False
1,mean,knn_clustered_16,perentile_same_machie_95.0,2.0765797146811744,0.9438202247191012,0.6363636363636364,0.7992424242424242,0.7601809954751131,0.8230601469237834,0.808340582862114,,f3c8b9679081.yaml,a96b30718cb1,32,1,1,True,zoh,19.0625,10.56640625,42.265625,4.0,23.0625,False,False,False
1,mean,knn_clustered_16,perentile_same_machie_99.0,2.1846753632611446,0.99375,0.6022727272727273,0.7992424242424242,0.75,0.8230601469237834,0.808340582862114,,f3c8b9679081.yaml,a96b30718cb1,32,1,1,True,zoh,19.0625,10.56640625,42.265625,4.0,23.0625,False,False,False
1,mean,knn_clustered_16,perentile_same_machie_99.5,2.22732047962854,0.9933774834437086,0.5681818181818182,0.7821969696969697,0.7228915662650602,0.8230601469237834,0.808340582862114,,f3c8b9679081.yaml,a96b30718cb1,32,1,1,True,zoh,19.0625,10.56640625,42.265625,4.0,23.0625,False,False,False
1,mean,knn_clustered_16,evt_p95_equiv,2.0800713748790542,0.9438202247191012,0.6363636363636364,0.7992424242424242,0.7601809954751131,0.8230601469237834,0.808340582862114,,f3c8b9679081.yaml,a96b30718cb1,32,1,1,True,zoh,19.0625,10.56640625,42.265625,4.0,23.0625,False,False,False
1,mean,knn_clustered_16,parametric_p95_equiv,2.0476382363053647,0.9230769230769232,0.6363636363636364,0.7916666666666666,0.7533632286995515,0.8230601469237834,0.808340582862114,,f3c8b9679081.yaml,a96b30718cb1,32,1,1,True,zoh,19.0625,10.56640625,42.265625,4.0,23.0625,False,False,False
1,mean,knn_clustered_16,kde_p95_equiv,2.087482032646413,0.9438202247191012,0.6363636363636364,0.7992424242424242,0.7601809954751131,0.8230601469237834,0.808340582862114,,f3c8b9679081.yaml,a96b30718cb1,32,1,1,True,zoh,19.0625,10.56640625,42.265625,4.0,23.0625,False,False,False
1,mean,knn_clustered_16,evt_p99_equiv,2.187500014726783,0.99375,0.6022727272727273,0.7992424242424242,0.75,0.8230601469237834,0.808340582862114,,f3c8b9679081.yaml,a96b30718cb1,32,1,1,True,zoh,19.0625,10.56640625,42.265625,4.0,23.0625,False,False,False
1,mean,knn_clustered_16,parametric_p99_equiv,2.137061119276789,0.9877300613496932,0.6098484848484849,0.8011363636363636,0.7540983606557377,0.8230601469237834,0.808340582862114,,f3c8b9679081.yaml,a96b30718cb1,32,1,1,True,zoh,19.0625,10.56640625,42.265625,4.0,23.0625,False,False,False
1,mean,knn_clustered_16,kde_p99_equiv,2.197892585711765,0.9936708860759492,0.5946969696969697,0.7954545454545454,0.7440758293838863,0.8230601469237834,0.808340582862114,,f3c8b9679081.yaml,a96b30718cb1,32,1,1,True,zoh,19.0625,10.56640625,42.265625,4.0,23.0625,False,False,False
1,mean,knn_clustered_16,evt_p999_equiv,2.271895152099779,0.9928571428571428,0.5265151515151515,0.7613636363636364,0.6881188118811881,0.8230601469237834,0.808340582862114,,f3c8b9679081.yaml,a96b30718cb1,32,1,1,True,zoh,19.0625,10.56640625,42.265625,4.0,23.0625,False,False,False
1,mean,knn_clustered_16,parametric_p999_equiv,2.224958006318452,0.9933774834437086,0.5681818181818182,0.7821969696969697,0.7228915662650602,0.8230601469237834,0.808340582862114,,f3c8b9679081.yaml,a96b30718cb1,32,1,1,True,zoh,19.0625,10.56640625,42.265625,4.0,23.0625,False,False,False
1,mean,knn_clustered_16,kde_p999_equiv,2.307709217543511,1.0,0.5113636363636364,0.7556818181818182,0.6766917293233082,0.8230601469237834,0.808340582862114,,f3c8b9679081.yaml,a96b30718cb1,32,1,1,True,zoh,19.0625,10.56640625,42.265625,4.0,23.0625,False,False,False
1,mean,knn_clustered_16,mad,2.316141917609935,1.0,0.5037878787878788,0.7518939393939394,0.6700251889168766,0.8230601469237834,0.808340582862114,,f3c8b9679081.yaml,a96b30718cb1,32,1,1,True,zoh,19.0625,10.56640625,42.265625,4.0,23.0625,False,False,False
1,mean,knn_clustered_16,iqr,2.527740937582073,1.0,0.4469696969696969,0.7234848484848485,0.6178010471204188,0.8230601469237834,0.808340582862114,,f3c8b9679081.yaml,a96b30718cb1,32,1,1,True,zoh,19.0625,10.56640625,42.265625,4.0,23.0625,False,False,False
1,mean,knn_clustered_16,perentile_same_machie_95.0,1.9934002834873392,0.925,0.7007575757575758,0.821969696969697,0.7974137931034483,0.8427456382001837,0.8393927311391427,,cd2caed96f33.yaml,a09d692fb204,32,1,1,True,euler,19.0625,10.56640625,42.265625,4.0,23.0625,False,False,False
1,mean,knn_clustered_16,perentile_same_machie_99.0,2.130520962998029,0.9880239520958084,0.625,0.8087121212121212,0.765661252900232,0.8427456382001837,0.8393927311391427,,cd2caed96f33.yaml,a09d692fb204,32,1,1,True,euler,19.0625,10.56640625,42.265625,4.0,23.0625,False,False,False
1,mean,knn_clustered_16,perentile_same_machie_99.5,2.176750750945822,0.9938650306748468,0.6136363636363636,0.8049242424242424,0.7587822014051522,0.8427456382001837,0.8393927311391427,,cd2caed96f33.yaml,a09d692fb204,32,1,1,True,euler,19.0625,10.56640625,42.265625,4.0,23.0625,False,False,False
1,mean,knn_clustered_16,evt_p95_equiv,1.9883097764842872,0.9261083743842364,0.7121212121212122,0.8276515151515151,0.8051391862955032,0.8427456382001837,0.8393927311391427,,cd2caed96f33.yaml,a09d692fb204,32,1,1,True,euler,19.0625,10.56640625,42.265625,4.0,23.0625,False,False,False
1,mean,knn_clustered_16,parametric_p95_equiv,1.9860096568118808,0.9219512195121952,0.7159090909090909,0.8276515151515151,0.8059701492537313,0.8427456382001837,0.8393927311391427,,cd2caed96f33.yaml,a09d692fb204,32,1,1,True,euler,19.0625,10.56640625,42.265625,4.0,23.0625,False,False,False
1,mean,knn_clustered_16,kde_p95_equiv,1.995128241524658,0.925,0.7007575757575758,0.821969696969697,0.7974137931034483,0.8427456382001837,0.8393927311391427,,cd2caed96f33.yaml,a09d692fb204,32,1,1,True,euler,19.0625,10.56640625,42.265625,4.0,23.0625,False,False,False
1,mean,knn_clustered_16,evt_p99_equiv,2.117369926799408,0.9763313609467456,0.625,0.8049242424242424,0.7621247113163973,0.8427456382001837,0.8393927311391427,,cd2caed96f33.yaml,a09d692fb204,32,1,1,True,euler,19.0625,10.56640625,42.265625,4.0,23.0625,False,False,False
1,mean,knn_clustered_16,parametric_p99_equiv,2.061502203507869,0.9562841530054644,0.6628787878787878,0.8162878787878788,0.7829977628635347,0.8427456382001837,0.8393927311391427,,cd2caed96f33.yaml,a09d692fb204,32,1,1,True,euler,19.0625,10.56640625,42.265625,4.0,23.0625,False,False,False
1,mean,knn_clustered_16,kde_p99_equiv,2.135898085661522,0.9879518072289156,0.6212121212121212,0.8068181818181818,0.7627906976744186,0.8427456382001837,0.8393927311391427,,cd2caed96f33.yaml,a09d692fb204,32,1,1,True,euler,19.0625,10.56640625,42.265625,4.0,23.0625,False,False,False
1,mean,knn_clustered_16,evt_p999_equiv,2.260300122081897,0.9933333333333332,0.5643939393939394,0.7803030303030303,0.7198067632850241,0.8427456382001837,0.8393927311391427,,cd2caed96f33.yaml,a09d692fb204,32,1,1,True,euler,19.0625,10.56640625,42.265625,4.0,23.0625,False,False,False
1,mean,knn_clustered_16,parametric_p999_equiv,2.135315712600116,0.9880239520958084,0.625,0.8087121212121212,0.765661252900232,0.8427456382001837,0.8393927311391427,,cd2caed96f33.yaml,a09d692fb204,32,1,1,True,euler,19.0625,10.56640625,42.265625,4.0,23.0625,False,False,False
1,mean,knn_clustered_16,kde_p999_equiv,2.2664494717634143,0.9932885906040269,0.5606060606060606,0.7784090909090909,0.7167070217917676,0.8427456382001837,0.8393927311391427,,cd2caed96f33.yaml,a09d692fb204,32,1,1,True,euler,19.0625,10.56640625,42.265625,4.0,23.0625,False,False,False
1,mean,knn_clustered_16,mad,2.245510996481107,0.993421052631579,0.571969696969697,0.7840909090909091,0.7259615384615384,0.8427456382001837,0.8393927311391427,,cd2caed96f33.yaml,a09d692fb204,32,1,1,True,euler,19.0625,10.56640625,42.265625,4.0,23.0625,False,False,False
1,mean,knn_clustered_16,iqr,2.454285268995549,1.0,0.4545454545454545,0.7272727272727273,0.625,0.8427456382001837,0.8393927311391427,,cd2caed96f33.yaml,a09d692fb204,32,1,1,True,euler,19.0625,10.56640625,42.265625,4.0,23.0625,False,False,False
1,mean,knn_clustered_16,perentile_same_machie_95.0,1.7868080547822394,0.9361702127659576,0.6666666666666666,0.8106060606060606,0.7787610619469026,0.8911558769513315,0.8269477067323957,,ddca9c6767da.yaml,c24ed91eaf8d,32,1,1,False,zoh,14.625,10.5,42.0,4.0,18.625,False,False,False
1,mean,knn_clustered_16,perentile_same_machie_99.0,2.175851148096456,0.9903846153846154,0.3901515151515151,0.6931818181818182,0.5597826086956522,0.8911558769513315,0.8269477067323957,,ddca9c6767da.yaml,c24ed91eaf8d,32,1,1,False,zoh,14.625,10.5,42.0,4.0,18.625,False,False,False
1,mean,knn_clustered_16,perentile_same_machie_99.5,2.223017806382089,0.9891304347826086,0.3446969696969697,0.6704545454545454,0.5112359550561798,0.8911558769513315,0.8269477067323957,,ddca9c6767da.yaml,c24ed91eaf8d,32,1,1,False,zoh,14.625,10.5,42.0,4.0,18.625,False,False,False
1,mean,knn_clustered_16,evt_p95_equiv,1.8239932821828029,0.971264367816092,0.6401515151515151,0.8106060606060606,0.771689497716895,0.8911558769513315,0.8269477067323957,,ddca9c6767da.yaml,c24ed91eaf8d,32,1,1,False,zoh,14.625,10.5,42.0,4.0,18.625,False,False,False
1,mean,knn_clustered_16,parametric_p95_equiv,1.7237151006955238,0.9150943396226416,0.7348484848484849,0.8333333333333334,0.8151260504201681,0.8911558769513315,0.8269477067323957,,ddca9c6767da.yaml,c24ed91eaf8d,32,1,1,False,zoh,14.625,10.5,42.0,4.0,18.625,False,False,False
1,mean,knn_clustered_16,kde_p95_equiv,1.7955913708803757,0.9513513513513514,0.6666666666666666,0.8162878787878788,0.7839643652561247,0.8911558769513315,0.8269477067323957,,ddca9c6767da.yaml,c24ed91eaf8d,32,1,1,False,zoh,14.625,10.5,42.0,4.0,18.625,False,False,False
1,mean,knn_clustered_16,evt_p99_equiv,2.1099829680672784,0.9921875,0.4810606060606061,0.7386363636363636,0.6479591836734694,0.8911558769513315,0.8269477067323957,,ddca9c6767da.yaml,c24ed91eaf8d,32,1,1,False,zoh,14.625,10.5,42.0,4.0,18.625,False,False,False
1,mean,knn_clustered_16,parametric_p99_equiv,1.875276231057263,0.9746835443037974,0.5833333333333334,0.7840909090909091,0.7298578199052133,0.8911558769513315,0.8269477067323957,,ddca9c6767da.yaml,c24ed91eaf8d,32,1,1,False,zoh,14.625,10.5,42.0,4.0,18.625,False,False,False
1,mean,knn_clustered_16,kde_p99_equiv,2.1791929287532774,0.9902912621359224,0.3863636363636363,0.6912878787878788,0.555858310626703,0.8911558769513315,0.8269477067323957,,ddca9c6767da.yaml,c24ed91eaf8d,32,1,1,False,zoh,14.625,10.5,42.0,4.0,18.625,False,False,False
1,mean,knn_clustered_16,evt_p999_equiv,2.36961633433455,1.0,0.2803030303030303,0.6401515151515151,0.4378698224852071,0.8911558769513315,0.8269477067323957,,ddca9c6767da.yaml,c24ed91eaf8d,32,1,1,False,zoh,14.625,10.5,42.0,4.0,18.625,False,False,False
1,mean,knn_clustered_16,parametric_p999_equiv,2.0491545807186164,0.9854014598540146,0.5113636363636364,0.7518939393939394,0.6733167082294265,0.8911558769513315,0.8269477067323957,,ddca9c6767da.yaml,c24ed91eaf8d,32,1,1,False,zoh,14.625,10.5,42.0,4.0,18.625,False,False,False
1,mean,knn_clustered_16,kde_p999_equiv,2.3163612826298867,1.0,0.2992424242424242,0.6496212121212122,0.4606413994169096,0.8911558769513315,0.8269477067323957,,ddca9c6767da.yaml,c24ed91eaf8d,32,1,1,False,zoh,14.625,10.5,42.0,4.0,18.625,False,False,False
1,mean,knn_clustered_16,mad,1.60717767852138,0.8806584362139918,0.8106060606060606,0.8503787878787878,0.8441814595660749,0.8911558769513315,0.8269477067323957,,ddca9c6767da.yaml,c24ed91eaf8d,32,1,1,False,zoh,14.625,10.5,42.0,4.0,18.625,False,False,False
1,mean,knn_clustered_16,iqr,1.7104422357365705,0.9116279069767442,0.7424242424242424,0.8352272727272727,0.8183716075156576,0.8911558769513315,0.8269477067323957,,ddca9c6767da.yaml,c24ed91eaf8d,32,1,1,False,zoh,14.625,10.5,42.0,4.0,18.625,False,False,False
1,mean,knn_clustered_16,perentile_same_machie_95.0,2.271419401104249,0.9493670886075948,0.5681818181818182,0.7689393939393939,0.7109004739336493,0.721935261707989,0.7685436904934513,,b73c95fa7731.yaml,a5ba155885e9,32,1,1,False,euler,14.625,10.5,42.0,4.0,18.625,False,False,False
1,mean,knn_clustered_16,perentile_same_machie_99.0,2.559315258744105,0.984126984126984,0.4696969696969697,0.7310606060606061,0.6358974358974359,0.721935261707989,0.7685436904934513,,b73c95fa7731.yaml,a5ba155885e9,32,1,1,False,euler,14.625,10.5,42.0,4.0,18.625,False,False,False
1,mean,knn_clustered_16,perentile_same_machie_99.5,2.5917338876541067,0.9836065573770492,0.4545454545454545,0.7234848484848485,0.6217616580310881,0.721935261707989,0.7685436904934513,,b73c95fa7731.yaml,a5ba155885e9,32,1,1,False,euler,14.625,10.5,42.0,4.0,18.625,False,False,False
1,mean,knn_clustered_16,evt_p95_equiv,2.288001689536096,0.9615384615384616,0.5681818181818182,0.7727272727272727,0.7142857142857143,0.721935261707989,0.7685436904934513,,b73c95fa7731.yaml,a5ba155885e9,32,1,1,False,euler,14.625,10.5,42.0,4.0,18.625,False,False,False
1,mean,knn_clustered_16,parametric_p95_equiv,2.279926354625113,0.9554140127388536,0.5681818181818182,0.7708333333333334,0.7125890736342043,0.721935261707989,0.7685436904934513,,b73c95fa7731.yaml,a5ba155885e9,32,1,1,False,euler,14.625,10.5,42.0,4.0,18.625,False,False,False
1,mean,knn_clustered_16,kde_p95_equiv,2.2892710969871417,0.9615384615384616,0.5681818181818182,0.7727272727272727,0.7142857142857143,0.721935261707989,0.7685436904934513,,b73c95fa7731.yaml,a5ba155885e9,32,1,1,False,euler,14.625,10.5,42.0,4.0,18.625,False,False,False
1,mean,knn_clustered_16,evt_p99_equiv,2.5181435544603725,0.9848484848484848,0.4924242424242424,0.7424242424242424,0.6565656565656566,0.721935261707989,0.7685436904934513,,b73c95fa7731.yaml,a5ba155885e9,32,1,1,False,euler,14.625,10.5,42.0,4.0,18.625,False,False,False
1,mean,knn_clustered_16,parametric_p99_equiv,2.4076423122808537,0.9733333333333334,0.553030303030303,0.7689393939393939,0.7053140096618358,0.721935261707989,0.7685436904934513,,b73c95fa7731.yaml,a5ba155885e9,32,1,1,False,euler,14.625,10.5,42.0,4.0,18.625,False,False,False
1,mean,knn_clustered_16,kde_p99_equiv,2.560022476014584,0.984126984126984,0.4696969696969697,0.7310606060606061,0.6358974358974359,0.721935261707989,0.7685436904934513,,b73c95fa7731.yaml,a5ba155885e9,32,1,1,False,euler,14.625,10.5,42.0,4.0,18.625,False,False,False
1,mean,knn_clustered_16,evt_p999_equiv,2.776734560407503,1.0,0.3560606060606061,0.678030303030303,0.5251396648044693,0.721935261707989,0.7685436904934513,,b73c95fa7731.yaml,a5ba155885e9,32,1,1,False,euler,14.625,10.5,42.0,4.0,18.625,False,False,False
1,mean,knn_clustered_16,parametric_p999_equiv,2.534620602490331,0.9846153846153848,0.4848484848484848,0.7386363636363636,0.649746192893401,0.721935261707989,0.7685436904934513,,b73c95fa7731.yaml,a5ba155885e9,32,1,1,False,euler,14.625,10.5,42.0,4.0,18.625,False,False,False
1,mean,knn_clustered_16,kde_p999_equiv,2.759930843606583,1.0,0.3598484848484848,0.6799242424242424,0.5292479108635098,0.721935261707989,0.7685436904934513,,b73c95fa7731.yaml,a5ba155885e9,32,1,1,False,euler,14.625,10.5,42.0,4.0,18.625,False,False,False
1,mean,knn_clustered_16,mad,2.535708630477276,0.9846153846153848,0.4848484848484848,0.7386363636363636,0.649746192893401,0.721935261707989,0.7685436904934513,,b73c95fa7731.yaml,a5ba155885e9,32,1,1,False,euler,14.625,10.5,42.0,4.0,18.625,False,False,False
1,mean,knn_clustered_16,iqr,2.779644316401109,1.0,0.3560606060606061,0.678030303030303,0.5251396648044693,0.721935261707989,0.7685436904934513,,b73c95fa7731.yaml,a5ba155885e9,32,1,1,False,euler,14.625,10.5,42.0,4.0,18.625,False,False,False
1,mean,knn_clustered_16,perentile_same_machie_95.0,1.4206865180183117,0.9203187250996016,0.875,0.8996212121212122,0.8970873786407767,0.9087752525252524,0.929604054903098,,9fc675fd0183.yaml,76529a9ade37,16,4,2,True,zoh,127.8125,18.03515625,72.140625,4.0,131.8125,False,False,False
1,mean,knn_clustered_16,perentile_same_machie_99.0,1.524681432454891,0.986784140969163,0.8484848484848485,0.918560606060606,0.9124236252545824,0.9087752525252524,0.929604054903098,,9fc675fd0183.yaml,76529a9ade37,16,4,2,True,zoh,127.8125,18.03515625,72.140625,4.0,131.8125,False,False,False
1,mean,knn_clustered_16,perentile_same_machie_99.5,1.5479508886968645,0.990990990990991,0.8333333333333334,0.9128787878787878,0.9053497942386832,0.9087752525252524,0.929604054903098,,9fc675fd0183.yaml,76529a9ade37,16,4,2,True,zoh,127.8125,18.03515625,72.140625,4.0,131.8125,False,False,False
1,mean,knn_clustered_16,evt_p95_equiv,1.4227572862775382,0.924,0.875,0.9015151515151516,0.8988326848249028,0.9087752525252524,0.929604054903098,,9fc675fd0183.yaml,76529a9ade37,16,4,2,True,zoh,127.8125,18.03515625,72.140625,4.0,131.8125,False,False,False
1,mean,knn_clustered_16,parametric_p95_equiv,1.4425978831939432,0.9423868312757202,0.8674242424242424,0.9071969696969696,0.903353057199211,0.9087752525252524,0.929604054903098,,9fc675fd0183.yaml,76529a9ade37,16,4,2,True,zoh,127.8125,18.03515625,72.140625,4.0,131.8125,False,False,False
1,mean,knn_clustered_16,kde_p95_equiv,1.4389035803633974,0.934959349593496,0.8712121212121212,0.9053030303030304,0.9019607843137256,0.9087752525252524,0.929604054903098,,9fc675fd0183.yaml,76529a9ade37,16,4,2,True,zoh,127.8125,18.03515625,72.140625,4.0,131.8125,False,False,False
1,mean,knn_clustered_16,evt_p99_equiv,1.5006466042931834,0.9828326180257512,0.8674242424242424,0.9261363636363636,0.921529175050302,0.9087752525252524,0.929604054903098,,9fc675fd0183.yaml,76529a9ade37,16,4,2,True,zoh,127.8125,18.03515625,72.140625,4.0,131.8125,False,False,False
1,mean,knn_clustered_16,parametric_p99_equiv,1.5014962033648285,0.9828326180257512,0.8674242424242424,0.9261363636363636,0.921529175050302,0.9087752525252524,0.929604054903098,,9fc675fd0183.yaml,76529a9ade37,16,4,2,True,zoh,127.8125,18.03515625,72.140625,4.0,131.8125,False,False,False
1,mean,knn_clustered_16,kde_p99_equiv,1.5291021350686804,0.9866666666666668,0.8409090909090909,0.9147727272727272,0.9079754601226994,0.9087752525252524,0.929604054903098,,9fc675fd0183.yaml,76529a9ade37,16,4,2,True,zoh,127.8125,18.03515625,72.140625,4.0,131.8125,False,False,False
1,mean,knn_clustered_16,evt_p999_equiv,1.6665446843721663,1.0,0.7613636363636364,0.8806818181818182,0.864516129032258,0.9087752525252524,0.929604054903098,,9fc675fd0183.yaml,76529a9ade37,16,4,2,True,zoh,127.8125,18.03515625,72.140625,4.0,131.8125,False,False,False
1,mean,knn_clustered_16,parametric_p999_equiv,1.559236260872222,0.9954545454545456,0.8295454545454546,0.9128787878787878,0.9049586776859504,0.9087752525252524,0.929604054903098,,9fc675fd0183.yaml,76529a9ade37,16,4,2,True,zoh,127.8125,18.03515625,72.140625,4.0,131.8125,False,False,False
1,mean,knn_clustered_16,kde_p999_equiv,1.6077734058358355,1.0,0.7992424242424242,0.8996212121212122,0.888421052631579,0.9087752525252524,0.929604054903098,,9fc675fd0183.yaml,76529a9ade37,16,4,2,True,zoh,127.8125,18.03515625,72.140625,4.0,131.8125,False,False,False
1,mean,knn_clustered_16,mad,1.6865505867956752,1.0,0.7386363636363636,0.8693181818181818,0.8496732026143791,0.9087752525252524,0.929604054903098,,9fc675fd0183.yaml,76529a9ade37,16,4,2,True,zoh,127.8125,18.03515625,72.140625,4.0,131.8125,False,False,False
1,mean,knn_clustered_16,iqr,1.8242945154909047,1.0,0.5606060606060606,0.7803030303030303,0.7184466019417476,0.9087752525252524,0.929604054903098,,9fc675fd0183.yaml,76529a9ade37,16,4,2,True,zoh,127.8125,18.03515625,72.140625,4.0,131.8125,False,False,False
1,mean,knn_clustered_16,perentile_same_machie_95.0,1.4234996320892448,0.9541666666666668,0.8674242424242424,0.9128787878787878,0.9087301587301588,0.9013860192837468,0.9117822966507176,,66f9b66faef8.yaml,f3b8233e4c4f,16,4,2,True,euler,127.8125,18.03515625,72.140625,4.0,131.8125,False,False,False
1,mean,knn_clustered_16,perentile_same_machie_99.0,1.729562890094113,0.9943181818181818,0.6628787878787878,0.8295454545454546,0.7954545454545454,0.9013860192837468,0.9117822966507176,,66f9b66faef8.yaml,f3b8233e4c4f,16,4,2,True,euler,127.8125,18.03515625,72.140625,4.0,131.8125,False,False,False
1,mean,knn_clustered_16,perentile_same_machie_99.5,1.7980967856682455,0.993939393939394,0.6212121212121212,0.8087121212121212,0.7645687645687645,0.9013860192837468,0.9117822966507176,,66f9b66faef8.yaml,f3b8233e4c4f,16,4,2,True,euler,127.8125,18.03515625,72.140625,4.0,131.8125,False,False,False
1,mean,knn_clustered_16,evt_p95_equiv,1.4435186701646932,0.9539748953974896,0.8636363636363636,0.9109848484848484,0.9065606361829026,0.9013860192837468,0.9117822966507176,,66f9b66faef8.yaml,f3b8233e4c4f,16,4,2,True,euler,127.8125,18.03515625,72.140625,4.0,131.8125,False,False,False
1,mean,knn_clustered_16,parametric_p95_equiv,1.4972821419681783,0.956896551724138,0.8409090909090909,0.9015151515151516,0.8951612903225806,0.9013860192837468,0.9117822966507176,,66f9b66faef8.yaml,f3b8233e4c4f,16,4,2,True,euler,127.8125,18.03515625,72.140625,4.0,131.8125,False,False,False
1,mean,knn_clustered_16,kde_p95_equiv,1.440652651984039,0.9541666666666668,0.8674242424242424,0.9128787878787878,0.9087301587301588,0.9013860192837468,0.9117822966507176,,66f9b66faef8.yaml,f3b8233e4c4f,16,4,2,True,euler,127.8125,18.03515625,72.140625,4.0,131.8125,False,False,False
1,mean,knn_clustered_16,evt_p99_equiv,1.70624451974266,0.9945054945054944,0.6856060606060606,0.8409090909090909,0.8116591928251121,0.9013860192837468,0.9117822966507176,,66f9b66faef8.yaml,f3b8233e4c4f,16,4,2,True,euler,127.8125,18.03515625,72.140625,4.0,131.8125,False,False,False
1,mean,knn_clustered_16,parametric_p99_equiv,1.591054130315282,0.9767441860465116,0.7954545454545454,0.8882575757575758,0.8768267223382046,0.9013860192837468,0.9117822966507176,,66f9b66faef8.yaml,f3b8233e4c4f,16,4,2,True,euler,127.8125,18.03515625,72.140625,4.0,131.8125,False,False,False
1,mean,knn_clustered_16,kde_p99_equiv,1.7427804491417584,0.9942196531791908,0.6515151515151515,0.8238636363636364,0.7871853546910755,0.9013860192837468,0.9117822966507176,,66f9b66faef8.yaml,f3b8233e4c4f,16,4,2,True,euler,127.8125,18.03515625,72.140625,4.0,131.8125,False,False,False
1,mean,knn_clustered_16,evt_p999_equiv,2.252085202999226,1.0,0.4242424242424242,0.7121212121212122,0.5957446808510638,0.9013860192837468,0.9117822966507176,,66f9b66faef8.yaml,f3b8233e4c4f,16,4,2,True,euler,127.8125,18.03515625,72.140625,4.0,131.8125,False,False,False
1,mean,knn_clustered_16,parametric_p999_equiv,1.684851112274372,0.9895833333333334,0.7196969696969697,0.8560606060606061,0.8333333333333334,0.9013860192837468,0.9117822966507176,,66f9b66faef8.yaml,f3b8233e4c4f,16,4,2,True,euler,127.8125,18.03515625,72.140625,4.0,131.8125,False,False,False
1,mean,knn_clustered_16,kde_p999_equiv,1.912761204289388,1.0,0.5151515151515151,0.7575757575757576,0.68,0.9013860192837468,0.9117822966507176,,66f9b66faef8.yaml,f3b8233e4c4f,16,4,2,True,euler,127.8125,18.03515625,72.140625,4.0,131.8125,False,False,False
1,mean,knn_clustered_16,mad,1.670914317730417,0.9897959183673468,0.7348484848484849,0.8636363636363636,0.8434782608695652,0.9013860192837468,0.9117822966507176,,66f9b66faef8.yaml,f3b8233e4c4f,16,4,2,True,euler,127.8125,18.03515625,72.140625,4.0,131.8125,False,False,False
1,mean,knn_clustered_16,iqr,1.82816784086939,1.0,0.5909090909090909,0.7954545454545454,0.7428571428571429,0.9013860192837468,0.9117822966507176,,66f9b66faef8.yaml,f3b8233e4c4f,16,4,2,True,euler,127.8125,18.03515625,72.140625,4.0,131.8125,False,False,False
1,mean,knn_clustered_16,perentile_same_machie_95.0,1.5248867963758146,0.925925925925926,0.7575757575757576,0.8484848484848485,0.8333333333333334,0.8426738980716253,0.8626214296070756,,958b5079feae.yaml,3371b4ab52be,16,4,2,False,zoh,107.9375,18.0,72.0,4.0,111.9375,False,False,False
1,mean,knn_clustered_16,perentile_same_machie_99.0,1.6220106772524745,0.9885714285714284,0.6553030303030303,0.8238636363636364,0.7881548974943052,0.8426738980716253,0.8626214296070756,,958b5079feae.yaml,3371b4ab52be,16,4,2,False,zoh,107.9375,18.0,72.0,4.0,111.9375,False,False,False
1,mean,knn_clustered_16,perentile_same_machie_99.5,1.649855578134931,0.9878048780487804,0.6136363636363636,0.803030303030303,0.7570093457943925,0.8426738980716253,0.8626214296070756,,958b5079feae.yaml,3371b4ab52be,16,4,2,False,zoh,107.9375,18.0,72.0,4.0,111.9375,False,False,False
1,mean,knn_clustered_16,evt_p95_equiv,1.5294214611589771,0.9345794392523364,0.7575757575757576,0.8522727272727273,0.8368200836820083,0.8426738980716253,0.8626214296070756,,958b5079feae.yaml,3371b4ab52be,16,4,2,False,zoh,107.9375,18.0,72.0,4.0,111.9375,False,False,False
1,mean,knn_clustered_16,parametric_p95_equiv,1.547263010553753,0.9560975609756096,0.7424242424242424,0.8541666666666666,0.835820895522388,0.8426738980716253,0.8626214296070756,,958b5079feae.yaml,3371b4ab52be,16,4,2,False,zoh,107.9375,18.0,72.0,4.0,111.9375,False,False,False
1,mean,knn_clustered_16,kde_p95_equiv,1.5402058019515823,0.9471153846153846,0.7462121212121212,0.8522727272727273,0.8347457627118644,0.8426738980716253,0.8626214296070756,,958b5079feae.yaml,3371b4ab52be,16,4,2,False,zoh,107.9375,18.0,72.0,4.0,111.9375,False,False,False
1,mean,knn_clustered_16,evt_p99_equiv,1.6113681629949983,0.988826815642458,0.6704545454545454,0.8314393939393939,0.7990970654627539,0.8426738980716253,0.8626214296070756,,958b5079feae.yaml,3371b4ab52be,16,4,2,False,zoh,107.9375,18.0,72.0,4.0,111.9375,False,False,False
1,mean,knn_clustered_16,parametric_p99_equiv,1.601675071285403,0.9835164835164836,0.678030303030303,0.8333333333333334,0.8026905829596412,0.8426738980716253,0.8626214296070756,,958b5079feae.yaml,3371b4ab52be,16,4,2,False,zoh,107.9375,18.0,72.0,4.0,111.9375,False,False,False
1,mean,knn_clustered_16,kde_p99_equiv,1.632605456664625,0.9883040935672516,0.6401515151515151,0.8162878787878788,0.7770114942528735,0.8426738980716253,0.8626214296070756,,958b5079feae.yaml,3371b4ab52be,16,4,2,False,zoh,107.9375,18.0,72.0,4.0,111.9375,False,False,False
1,mean,knn_clustered_16,evt_p999_equiv,1.6990275455188495,1.0,0.571969696969697,0.7859848484848485,0.727710843373494,0.8426738980716253,0.8626214296070756,,958b5079feae.yaml,3371b4ab52be,16,4,2,False,zoh,107.9375,18.0,72.0,4.0,111.9375,False,False,False
1,mean,knn_clustered_16,parametric_p999_equiv,1.6547353064842325,0.9878048780487804,0.6136363636363636,0.803030303030303,0.7570093457943925,0.8426738980716253,0.8626214296070756,,958b5079feae.yaml,3371b4ab52be,16,4,2,False,zoh,107.9375,18.0,72.0,4.0,111.9375,False,False,False
1,mean,knn_clustered_16,kde_p999_equiv,1.7090926129391282,1.0,0.5643939393939394,0.7821969696969697,0.7215496368038741,0.8426738980716253,0.8626214296070756,,958b5079feae.yaml,3371b4ab52be,16,4,2,False,zoh,107.9375,18.0,72.0,4.0,111.9375,False,False,False
1,mean,knn_clustered_16,mad,1.6389357115944625,0.9879518072289156,0.6212121212121212,0.8068181818181818,0.7627906976744186,0.8426738980716253,0.8626214296070756,,958b5079feae.yaml,3371b4ab52be,16,4,2,False,zoh,107.9375,18.0,72.0,4.0,111.9375,False,False,False
1,mean,knn_clustered_16,iqr,1.729084718093505,1.0,0.5606060606060606,0.7803030303030303,0.7184466019417476,0.8426738980716253,0.8626214296070756,,958b5079feae.yaml,3371b4ab52be,16,4,2,False,zoh,107.9375,18.0,72.0,4.0,111.9375,False,False,False
1,mean,knn_clustered_16,perentile_same_machie_95.0,1.3386623192750742,0.9462809917355371,0.8674242424242424,0.9090909090909092,0.9051383399209486,0.907268709825528,0.9268552752404426,,7bd3273ab33e.yaml,22046ec32b53,16,4,2,False,euler,107.9375,18.0,72.0,4.0,111.9375,False,False,False
1,mean,knn_clustered_16,perentile_same_machie_99.0,1.397549593367248,0.986725663716814,0.8446969696969697,0.9166666666666666,0.9102040816326532,0.907268709825528,0.9268552752404426,,7bd3273ab33e.yaml,22046ec32b53,16,4,2,False,euler,107.9375,18.0,72.0,4.0,111.9375,False,False,False
1,mean,knn_clustered_16,perentile_same_machie_99.5,1.428610004917816,0.9954128440366972,0.821969696969697,0.9090909090909092,0.9004149377593361,0.907268709825528,0.9268552752404426,,7bd3273ab33e.yaml,22046ec32b53,16,4,2,False,euler,107.9375,18.0,72.0,4.0,111.9375,False,False,False
1,mean,knn_clustered_16,evt_p95_equiv,1.3407115797853524,0.9462809917355371,0.8674242424242424,0.9090909090909092,0.9051383399209486,0.907268709825528,0.9268552752404426,,7bd3273ab33e.yaml,22046ec32b53,16,4,2,False,euler,107.9375,18.0,72.0,4.0,111.9375,False,False,False
1,mean,knn_clustered_16,parametric_p95_equiv,1.3600150304404264,0.9783549783549784,0.8560606060606061,0.918560606060606,0.9131313131313132,0.907268709825528,0.9268552752404426,,7bd3273ab33e.yaml,22046ec32b53,16,4,2,False,euler,107.9375,18.0,72.0,4.0,111.9375,False,False,False
1,mean,knn_clustered_16,kde_p95_equiv,1.3554560736417127,0.9783549783549784,0.8560606060606061,0.918560606060606,0.9131313131313132,0.907268709825528,0.9268552752404426,,7bd3273ab33e.yaml,22046ec32b53,16,4,2,False,euler,107.9375,18.0,72.0,4.0,111.9375,False,False,False
1,mean,knn_clustered_16,evt_p99_equiv,1.395302229134544,0.986784140969163,0.8484848484848485,0.918560606060606,0.9124236252545824,0.907268709825528,0.9268552752404426,,7bd3273ab33e.yaml,22046ec32b53,16,4,2,False,euler,107.9375,18.0,72.0,4.0,111.9375,False,False,False
1,mean,knn_clustered_16,parametric_p99_equiv,1.4043764417159856,0.9911111111111112,0.8446969696969697,0.918560606060606,0.9120654396728016,0.907268709825528,0.9268552752404426,,7bd3273ab33e.yaml,22046ec32b53,16,4,2,False,euler,107.9375,18.0,72.0,4.0,111.9375,False,False,False
1,mean,knn_clustered_16,kde_p99_equiv,1.415234295716046,0.9954545454545456,0.8295454545454546,0.9128787878787878,0.9049586776859504,0.907268709825528,0.9268552752404426,,7bd3273ab33e.yaml,22046ec32b53,16,4,2,False,euler,107.9375,18.0,72.0,4.0,111.9375,False,False,False
1,mean,knn_clustered_16,evt_p999_equiv,1.474510859583238,1.0,0.7916666666666666,0.8958333333333334,0.8837209302325582,0.907268709825528,0.9268552752404426,,7bd3273ab33e.yaml,22046ec32b53,16,4,2,False,euler,107.9375,18.0,72.0,4.0,111.9375,False,False,False
1,mean,knn_clustered_16,parametric_p999_equiv,1.4475323004357763,1.0,0.8068181818181818,0.9034090909090908,0.8930817610062893,0.907268709825528,0.9268552752404426,,7bd3273ab33e.yaml,22046ec32b53,16,4,2,False,euler,107.9375,18.0,72.0,4.0,111.9375,False,False,False
1,mean,knn_clustered_16,kde_p999_equiv,1.4823433790619034,1.0,0.7878787878787878,0.8939393939393939,0.8813559322033898,0.907268709825528,0.9268552752404426,,7bd3273ab33e.yaml,22046ec32b53,16,4,2,False,euler,107.9375,18.0,72.0,4.0,111.9375,False,False,False
1,mean,knn_clustered_16,mad,1.5005155563817478,1.0,0.7840909090909091,0.8920454545454546,0.8789808917197452,0.907268709825528,0.9268552752404426,,7bd3273ab33e.yaml,22046ec32b53,16,4,2,False,euler,107.9375,18.0,72.0,4.0,111.9375,False,False,False
1,mean,knn_clustered_16,iqr,1.585844768894804,1.0,0.696969696969697,0.8484848484848485,0.8214285714285714,0.907268709825528,0.9268552752404426,,7bd3273ab33e.yaml,22046ec32b53,16,4,2,False,euler,107.9375,18.0,72.0,4.0,111.9375,False,False,False
1,mean,knn_clustered_16,perentile_same_machie_95.0,1.3783667047492312,0.9432314410480348,0.8181818181818182,0.884469696969697,0.8762677484787018,0.8901371671258035,0.8966640085061137,,bd0c0b487924.yaml,53bb32154053,16,4,1,True,zoh,64.0625,9.09765625,36.390625,4.0,68.0625,False,False,False
1,mean,knn_clustered_16,perentile_same_machie_99.0,1.4731810251777868,0.9899497487437184,0.7462121212121212,0.8693181818181818,0.8509719222462203,0.8901371671258035,0.8966640085061137,,bd0c0b487924.yaml,53bb32154053,16,4,1,True,zoh,64.0625,9.09765625,36.390625,4.0,68.0625,False,False,False
1,mean,knn_clustered_16,perentile_same_machie_99.5,1.4885641429232086,0.9948453608247424,0.7310606060606061,0.8636363636363636,0.8427947598253275,0.8901371671258035,0.8966640085061137,,bd0c0b487924.yaml,53bb32154053,16,4,1,True,zoh,64.0625,9.09765625,36.390625,4.0,68.0625,False,False,False
1,mean,knn_clustered_16,evt_p95_equiv,1.3873219430305817,0.9469026548672568,0.8106060606060606,0.8825757575757576,0.8734693877551021,0.8901371671258035,0.8966640085061137,,bd0c0b487924.yaml,53bb32154053,16,4,1,True,zoh,64.0625,9.09765625,36.390625,4.0,68.0625,False,False,False
1,mean,knn_clustered_16,parametric_p95_equiv,1.3900112391570476,0.954954954954955,0.803030303030303,0.8825757575757576,0.8724279835390947,0.8901371671258035,0.8966640085061137,,bd0c0b487924.yaml,53bb32154053,16,4,1,True,zoh,64.0625,9.09765625,36.390625,4.0,68.0625,False,False,False
1,mean,knn_clustered_16,kde_p95_equiv,1.3931979599746296,0.9590909090909092,0.7992424242424242,0.8825757575757576,0.871900826446281,0.8901371671258035,0.8966640085061137,,bd0c0b487924.yaml,53bb32154053,16,4,1,True,zoh,64.0625,9.09765625,36.390625,4.0,68.0625,False,False,False
1,mean,knn_clustered_16,evt_p99_equiv,1.4589572054900652,0.99,0.75,0.8712121212121212,0.853448275862069,0.8901371671258035,0.8966640085061137,,bd0c0b487924.yaml,53bb32154053,16,4,1,True,zoh,64.0625,9.09765625,36.390625,4.0,68.0625,False,False,False
1,mean,knn_clustered_16,parametric_p99_equiv,1.453543091798904,0.9850746268656716,0.75,0.8693181818181818,0.8516129032258064,0.8901371671258035,0.8966640085061137,,bd0c0b487924.yaml,53bb32154053,16,4,1,True,zoh,64.0625,9.09765625,36.390625,4.0,68.0625,False,False,False
1,mean,knn_clustered_16,kde_p99_equiv,1.4775858617644029,0.9899497487437184,0.7462121212121212,0.8693181818181818,0.8509719222462203,0.8901371671258035,0.8966640085061137,,bd0c0b487924.yaml,53bb32154053,16,4,1,True,zoh,64.0625,9.09765625,36.390625,4.0,68.0625,False,False,False
1,mean,knn_clustered_16,evt_p999_equiv,1.509265944385522,0.9947643979057592,0.7196969696969697,0.8579545454545454,0.8351648351648352,0.8901371671258035,0.8966640085061137,,bd0c0b487924.yaml,53bb32154053,16,4,1,True,zoh,64.0625,9.09765625,36.390625,4.0,68.0625,False,False,False
1,mean,knn_clustered_16,parametric_p999_equiv,1.5161090022666937,1.0,0.7121212121212122,0.8560606060606061,0.831858407079646,0.8901371671258035,0.8966640085061137,,bd0c0b487924.yaml,53bb32154053,16,4,1,True,zoh,64.0625,9.09765625,36.390625,4.0,68.0625,False,False,False
1,mean,knn_clustered_16,kde_p999_equiv,1.5448376775429444,1.0,0.7007575757575758,0.8503787878787878,0.8240534521158129,0.8901371671258035,0.8966640085061137,,bd0c0b487924.yaml,53bb32154053,16,4,1,True,zoh,64.0625,9.09765625,36.390625,4.0,68.0625,False,False,False
1,mean,knn_clustered_16,mad,1.6661437035356907,1.0,0.6325757575757576,0.8162878787878788,0.7749419953596288,0.8901371671258035,0.8966640085061137,,bd0c0b487924.yaml,53bb32154053,16,4,1,True,zoh,64.0625,9.09765625,36.390625,4.0,68.0625,False,False,False
1,mean,knn_clustered_16,iqr,1.810918997140928,1.0,0.4962121212121212,0.7481060606060606,0.6632911392405063,0.8901371671258035,0.8966640085061137,,bd0c0b487924.yaml,53bb32154053,16,4,1,True,zoh,64.0625,9.09765625,36.390625,4.0,68.0625,False,False,False
1,mean,knn_clustered_16,perentile_same_machie_95.0,1.423149271554091,0.9527896995708156,0.8409090909090909,0.8996212121212122,0.8933601609657947,0.8712121212121212,0.9067529360591562,,acb5f6b4022f.yaml,4da754070cf6,16,4,1,True,euler,64.0625,9.09765625,36.390625,4.0,68.0625,False,False,False
1,mean,knn_clustered_16,perentile_same_machie_99.0,1.528226572503718,0.9847715736040608,0.7348484848484849,0.8617424242424242,0.841648590021692,0.8712121212121212,0.9067529360591562,,acb5f6b4022f.yaml,4da754070cf6,16,4,1,True,euler,64.0625,9.09765625,36.390625,4.0,68.0625,False,False,False
1,mean,knn_clustered_16,perentile_same_machie_99.5,1.5488310818263489,0.9895287958115184,0.7159090909090909,0.8541666666666666,0.8307692307692308,0.8712121212121212,0.9067529360591562,,acb5f6b4022f.yaml,4da754070cf6,16,4,1,True,euler,64.0625,9.09765625,36.390625,4.0,68.0625,False,False,False
1,mean,knn_clustered_16,evt_p95_equiv,1.425495245433258,0.9525862068965516,0.8371212121212122,0.8977272727272727,0.8911290322580645,0.8712121212121212,0.9067529360591562,,acb5f6b4022f.yaml,4da754070cf6,16,4,1,True,euler,64.0625,9.09765625,36.390625,4.0,68.0625,False,False,False
1,mean,knn_clustered_16,parametric_p95_equiv,1.4230956117136573,0.9527896995708156,0.8409090909090909,0.8996212121212122,0.8933601609657947,0.8712121212121212,0.9067529360591562,,acb5f6b4022f.yaml,4da754070cf6,16,4,1,True,euler,64.0625,9.09765625,36.390625,4.0,68.0625,False,False,False
1,mean,knn_clustered_16,kde_p95_equiv,1.4298739694325673,0.9565217391304348,0.8333333333333334,0.8977272727272727,0.8906882591093117,0.8712121212121212,0.9067529360591562,,acb5f6b4022f.yaml,4da754070cf6,16,4,1,True,euler,64.0625,9.09765625,36.390625,4.0,68.0625,False,False,False
1,mean,knn_clustered_16,evt_p99_equiv,1.5321529876336089,0.9846938775510204,0.7310606060606061,0.8598484848484849,0.8391304347826087,0.8712121212121212,0.9067529360591562,,acb5f6b4022f.yaml,4da754070cf6,16,4,1,True,euler,64.0625,9.09765625,36.390625,4.0,68.0625,False,False,False
1,mean,knn_clustered_16,parametric_p99_equiv,1.4873823631944076,0.9714285714285714,0.7727272727272727,0.875,0.8607594936708861,0.8712121212121212,0.9067529360591562,,acb5f6b4022f.yaml,4da754070cf6,16,4,1,True,euler,64.0625,9.09765625,36.390625,4.0,68.0625,False,False,False
1,mean,knn_clustered_16,kde_p99_equiv,1.5405532370848651,0.9896373056994818,0.7234848484848485,0.8579545454545454,0.8358862144420132,0.8712121212121212,0.9067529360591562,,acb5f6b4022f.yaml,4da754070cf6,16,4,1,True,euler,64.0625,9.09765625,36.390625,4.0,68.0625,False,False,False
1,mean,knn_clustered_16,evt_p999_equiv,1.6103038437308876,1.0,0.6666666666666666,0.8333333333333334,0.8,0.8712121212121212,0.9067529360591562,,acb5f6b4022f.yaml,4da754070cf6,16,4,1,True,euler,64.0625,9.09765625,36.390625,4.0,68.0625,False,False,False
1,mean,knn_clustered_16,parametric_p999_equiv,1.5506604111017868,0.9947368421052633,0.7159090909090909,0.8560606060606061,0.8325991189427313,0.8712121212121212,0.9067529360591562,,acb5f6b4022f.yaml,4da754070cf6,16,4,1,True,euler,64.0625,9.09765625,36.390625,4.0,68.0625,False,False,False
1,mean,knn_clustered_16,kde_p999_equiv,1.6300191028367208,1.0,0.6515151515151515,0.8257575757575758,0.7889908256880734,0.8712121212121212,0.9067529360591562,,acb5f6b4022f.yaml,4da754070cf6,16,4,1,True,euler,64.0625,9.09765625,36.390625,4.0,68.0625,False,False,False
1,mean,knn_clustered_16,mad,1.6296207234795608,1.0,0.6515151515151515,0.8257575757575758,0.7889908256880734,0.8712121212121212,0.9067529360591562,,acb5f6b4022f.yaml,4da754070cf6,16,4,1,True,euler,64.0625,9.09765625,36.390625,4.0,68.0625,False,False,False
1,mean,knn_clustered_16,iqr,1.765198408724752,1.0,0.553030303030303,0.7765151515151515,0.7121951219512195,0.8712121212121212,0.9067529360591562,,acb5f6b4022f.yaml,4da754070cf6,16,4,1,True,euler,64.0625,9.09765625,36.390625,4.0,68.0625,False,False,False
1,mean,knn_clustered_16,perentile_same_machie_95.0,1.2684878224168306,0.96218487394958,0.8674242424242424,0.9166666666666666,0.9123505976095616,0.9096217860422404,0.9220071528683969,,2de62f14efc4.yaml,be9143693d04,16,4,1,False,zoh,54.1875,9.0625,36.25,4.0,58.1875,False,False,False
1,mean,knn_clustered_16,perentile_same_machie_99.0,1.444561044117888,0.99009900990099,0.7575757575757576,0.875,0.8583690987124464,0.9096217860422404,0.9220071528683969,,2de62f14efc4.yaml,be9143693d04,16,4,1,False,zoh,54.1875,9.0625,36.25,4.0,58.1875,False,False,False
1,mean,knn_clustered_16,perentile_same_machie_99.5,1.484539445011913,0.98989898989899,0.7424242424242424,0.8674242424242424,0.8484848484848485,0.9096217860422404,0.9220071528683969,,2de62f14efc4.yaml,be9143693d04,16,4,1,False,zoh,54.1875,9.0625,36.25,4.0,58.1875,False,False,False
1,mean,knn_clustered_16,evt_p95_equiv,1.2890143478334302,0.9699570815450644,0.8560606060606061,0.9147727272727272,0.909456740442656,0.9096217860422404,0.9220071528683969,,2de62f14efc4.yaml,be9143693d04,16,4,1,False,zoh,54.1875,9.0625,36.25,4.0,58.1875,False,False,False
1,mean,knn_clustered_16,parametric_p95_equiv,1.2836113635956514,0.9617021276595744,0.8560606060606061,0.9109848484848484,0.905811623246493,0.9096217860422404,0.9220071528683969,,2de62f14efc4.yaml,be9143693d04,16,4,1,False,zoh,54.1875,9.0625,36.25,4.0,58.1875,False,False,False
1,mean,knn_clustered_16,kde_p95_equiv,1.2840888723235322,0.9617021276595744,0.8560606060606061,0.9109848484848484,0.905811623246493,0.9096217860422404,0.9220071528683969,,2de62f14efc4.yaml,be9143693d04,16,4,1,False,zoh,54.1875,9.0625,36.25,4.0,58.1875,False,False,False
1,mean,knn_clustered_16,evt_p99_equiv,1.4351373621105703,0.9901477832512317,0.7613636363636364,0.8768939393939394,0.860813704496788,0.9096217860422404,0.9220071528683969,,2de62f14efc4.yaml,be9143693d04,16,4,1,False,zoh,54.1875,9.0625,36.25,4.0,58.1875,False,False,False
1,mean,knn_clustered_16,parametric_p99_equiv,1.3528990725352532,0.9862385321100916,0.8143939393939394,0.9015151515151516,0.8921161825726142,0.9096217860422404,0.9220071528683969,,2de62f14efc4.yaml,be9143693d04,16,4,1,False,zoh,54.1875,9.0625,36.25,4.0,58.1875,False,False,False
1,mean,knn_clustered_16,kde_p99_equiv,1.450466512302435,0.9900497512437813,0.7537878787878788,0.8731060606060606,0.8559139784946237,0.9096217860422404,0.9220071528683969,,2de62f14efc4.yaml,be9143693d04,16,4,1,False,zoh,54.1875,9.0625,36.25,4.0,58.1875,False,False,False
1,mean,knn_clustered_16,evt_p999_equiv,1.557015539594109,1.0,0.678030303030303,0.8390151515151515,0.8081264108352144,0.9096217860422404,0.9220071528683969,,2de62f14efc4.yaml,be9143693d04,16,4,1,False,zoh,54.1875,9.0625,36.25,4.0,58.1875,False,False,False
1,mean,knn_clustered_16,parametric_p999_equiv,1.4216574406158111,0.9854368932038836,0.7689393939393939,0.8787878787878788,0.8638297872340426,0.9096217860422404,0.9220071528683969,,2de62f14efc4.yaml,be9143693d04,16,4,1,False,zoh,54.1875,9.0625,36.25,4.0,58.1875,False,False,False
1,mean,knn_clustered_16,kde_p999_equiv,1.566345927261611,1.0,0.6666666666666666,0.8333333333333334,0.8,0.9096217860422404,0.9220071528683969,,2de62f14efc4.yaml,be9143693d04,16,4,1,False,zoh,54.1875,9.0625,36.25,4.0,58.1875,False,False,False
1,mean,knn_clustered_16,mad,1.2950541274379912,0.9741379310344828,0.8560606060606061,0.9166666666666666,0.9112903225806452,0.9096217860422404,0.9220071528683969,,2de62f14efc4.yaml,be9143693d04,16,4,1,False,zoh,54.1875,9.0625,36.25,4.0,58.1875,False,False,False
1,mean,knn_clustered_16,iqr,1.379163408924112,0.9857142857142858,0.7840909090909091,0.8863636363636364,0.8734177215189873,0.9096217860422404,0.9220071528683969,,2de62f14efc4.yaml,be9143693d04,16,4,1,False,zoh,54.1875,9.0625,36.25,4.0,58.1875,False,False,False
1,mean,knn_clustered_16,perentile_same_machie_95.0,1.6401757939231918,0.908256880733945,0.75,0.8371212121212122,0.8215767634854771,0.8206496786042241,0.8587550142574065,,70b533d14566.yaml,8d40eaa814c7,16,4,1,False,euler,54.1875,9.0625,36.25,4.0,58.1875,False,False,False
1,mean,knn_clustered_16,perentile_same_machie_99.0,1.7831445631781109,0.983957219251337,0.696969696969697,0.8428030303030303,0.8159645232815964,0.8206496786042241,0.8587550142574065,,70b533d14566.yaml,8d40eaa814c7,16,4,1,False,euler,54.1875,9.0625,36.25,4.0,58.1875,False,False,False
1,mean,knn_clustered_16,perentile_same_machie_99.5,1.8401432589642768,0.9885714285714284,0.6553030303030303,0.8238636363636364,0.7881548974943052,0.8206496786042241,0.8587550142574065,,70b533d14566.yaml,8d40eaa814c7,16,4,1,False,euler,54.1875,9.0625,36.25,4.0,58.1875,False,False,False
1,mean,knn_clustered_16,evt_p95_equiv,1.6450052851324344,0.9166666666666666,0.75,0.8409090909090909,0.825,0.8206496786042241,0.8587550142574065,,70b533d14566.yaml,8d40eaa814c7,16,4,1,False,euler,54.1875,9.0625,36.25,4.0,58.1875,False,False,False
1,mean,knn_clustered_16,parametric_p95_equiv,1.6846096577736922,0.9603960396039604,0.7348484848484849,0.8522727272727273,0.8326180257510729,0.8206496786042241,0.8587550142574065,,70b533d14566.yaml,8d40eaa814c7,16,4,1,False,euler,54.1875,9.0625,36.25,4.0,58.1875,False,False,False
1,mean,knn_clustered_16,kde_p95_equiv,1.6664873934947206,0.9514563106796116,0.7424242424242424,0.8522727272727273,0.8340425531914893,0.8206496786042241,0.8587550142574065,,70b533d14566.yaml,8d40eaa814c7,16,4,1,False,euler,54.1875,9.0625,36.25,4.0,58.1875,False,False,False
1,mean,knn_clustered_16,evt_p99_equiv,1.7467657750183303,0.9844559585492229,0.7196969696969697,0.8541666666666666,0.8315098468271335,0.8206496786042241,0.8587550142574065,,70b533d14566.yaml,8d40eaa814c7,16,4,1,False,euler,54.1875,9.0625,36.25,4.0,58.1875,False,False,False
1,mean,knn_clustered_16,parametric_p99_equiv,1.7462986350808865,0.9845360824742267,0.7234848484848485,0.8560606060606061,0.834061135371179,0.8206496786042241,0.8587550142574065,,70b533d14566.yaml,8d40eaa814c7,16,4,1,False,euler,54.1875,9.0625,36.25,4.0,58.1875,False,False,False
1,mean,knn_clustered_16,kde_p99_equiv,1.7927856711250243,0.9838709677419356,0.6931818181818182,0.8409090909090909,0.8133333333333334,0.8206496786042241,0.8587550142574065,,70b533d14566.yaml,8d40eaa814c7,16,4,1,False,euler,54.1875,9.0625,36.25,4.0,58.1875,False,False,False
1,mean,knn_clustered_16,evt_p999_equiv,2.1475764945900835,1.0,0.4924242424242424,0.7462121212121212,0.6598984771573604,0.8206496786042241,0.8587550142574065,,70b533d14566.yaml,8d40eaa814c7,16,4,1,False,euler,54.1875,9.0625,36.25,4.0,58.1875,False,False,False
1,mean,knn_clustered_16,parametric_p999_equiv,1.80653696981428,0.9836956521739132,0.6856060606060606,0.8371212121212122,0.8080357142857143,0.8206496786042241,0.8587550142574065,,70b533d14566.yaml,8d40eaa814c7,16,4,1,False,euler,54.1875,9.0625,36.25,4.0,58.1875,False,False,False
1,mean,knn_clustered_16,kde_p999_equiv,1.924194641881094,1.0,0.5871212121212122,0.7935606060606061,0.7398568019093079,0.8206496786042241,0.8587550142574065,,70b533d14566.yaml,8d40eaa814c7,16,4,1,False,euler,54.1875,9.0625,36.25,4.0,58.1875,False,False,False
1,mean,knn_clustered_16,mad,1.8441680872700528,0.9885714285714284,0.6553030303030303,0.8238636363636364,0.7881548974943052,0.8206496786042241,0.8587550142574065,,70b533d14566.yaml,8d40eaa814c7,16,4,1,False,euler,54.1875,9.0625,36.25,4.0,58.1875,False,False,False
1,mean,knn_clustered_16,iqr,1.9731922378878464,1.0,0.5492424242424242,0.7746212121212122,0.7090464547677262,0.8206496786042241,0.8587550142574065,,70b533d14566.yaml,8d40eaa814c7,16,4,1,False,euler,54.1875,9.0625,36.25,4.0,58.1875,False,False,False
1,mean,knn_clustered_16,perentile_same_machie_95.0,1.348436478461701,0.9406392694063926,0.7803030303030303,0.865530303030303,0.8530020703933747,0.8580836776859504,0.8724536030158041,,0e68422ca28d.yaml,ce8ec3e934b4,16,2,2,True,zoh,63.9375,13.28515625,53.140625,4.0,67.9375,False,False,False
1,mean,knn_clustered_16,perentile_same_machie_99.0,1.640422647173034,0.9932432432432432,0.5568181818181818,0.7765151515151515,0.7135922330097088,0.8580836776859504,0.8724536030158041,,0e68422ca28d.yaml,ce8ec3e934b4,16,2,2,True,zoh,63.9375,13.28515625,53.140625,4.0,67.9375,False,False,False
1,mean,knn_clustered_16,perentile_same_machie_99.5,1.7567453871839902,0.992248062015504,0.4848484848484848,0.740530303030303,0.6513994910941476,0.8580836776859504,0.8724536030158041,,0e68422ca28d.yaml,ce8ec3e934b4,16,2,2,True,zoh,63.9375,13.28515625,53.140625,4.0,67.9375,False,False,False
1,mean,knn_clustered_16,evt_p95_equiv,1.353630729890705,0.9493087557603688,0.7803030303030303,0.8693181818181818,0.8565488565488566,0.8580836776859504,0.8724536030158041,,0e68422ca28d.yaml,ce8ec3e934b4,16,2,2,True,zoh,63.9375,13.28515625,53.140625,4.0,67.9375,False,False,False
1,mean,knn_clustered_16,parametric_p95_equiv,1.4569615660492825,0.9845360824742267,0.7234848484848485,0.8560606060606061,0.834061135371179,0.8580836776859504,0.8724536030158041,,0e68422ca28d.yaml,ce8ec3e934b4,16,2,2,True,zoh,63.9375,13.28515625,53.140625,4.0,67.9375,False,False,False
1,mean,knn_clustered_16,kde_p95_equiv,1.3695888795777,0.9665071770334928,0.7651515151515151,0.8693181818181818,0.854122621564482,0.8580836776859504,0.8724536030158041,,0e68422ca28d.yaml,ce8ec3e934b4,16,2,2,True,zoh,63.9375,13.28515625,53.140625,4.0,67.9375,False,False,False
1,mean,knn_clustered_16,evt_p99_equiv,1.5555267369968893,0.9940476190476192,0.6325757575757576,0.8143939393939394,0.7731481481481481,0.8580836776859504,0.8724536030158041,,0e68422ca28d.yaml,ce8ec3e934b4,16,2,2,True,zoh,63.9375,13.28515625,53.140625,4.0,67.9375,False,False,False
1,mean,knn_clustered_16,parametric_p99_equiv,1.5349883786621674,0.9941520467836256,0.6439393939393939,0.8200757575757576,0.7816091954022989,0.8580836776859504,0.8724536030158041,,0e68422ca28d.yaml,ce8ec3e934b4,16,2,2,True,zoh,63.9375,13.28515625,53.140625,4.0,67.9375,False,False,False
1,mean,knn_clustered_16,kde_p99_equiv,1.6644858500149624,0.993103448275862,0.5454545454545454,0.7708333333333334,0.7041564792176039,0.8580836776859504,0.8724536030158041,,0e68422ca28d.yaml,ce8ec3e934b4,16,2,2,True,zoh,63.9375,13.28515625,53.140625,4.0,67.9375,False,False,False
1,mean,knn_clustered_16,evt_p999_equiv,2.816568900947697,0.0,0.0,0.5,0.0,0.8580836776859504,0.8724536030158041,,0e68422ca28d.yaml,ce8ec3e934b4,16,2,2,True,zoh,63.9375,13.28515625,53.140625,4.0,67.9375,True,False,True
1,mean,knn_clustered_16,parametric_p999_equiv,1.612388821823812,0.9935064935064936,0.5795454545454546,0.7878787878787878,0.7320574162679426,0.8580836776859504,0.8724536030158041,,0e68422ca28d.yaml,ce8ec3e934b4,16,2,2,True,zoh,63.9375,13.28515625,53.140625,4.0,67.9375,False,False,False
1,mean,knn_clustered_16,kde_p999_equiv,1.908255043737226,0.9887640449438202,0.3333333333333333,0.6647727272727273,0.4985835694050991,0.8580836776859504,0.8724536030158041,,0e68422ca28d.yaml,ce8ec3e934b4,16,2,2,True,zoh,63.9375,13.28515625,53.140625,4.0,67.9375,False,False,False
1,mean,knn_clustered_16,mad,1.4907271915886429,0.9836956521739132,0.6856060606060606,0.8371212121212122,0.8080357142857143,0.8580836776859504,0.8724536030158041,,0e68422ca28d.yaml,ce8ec3e934b4,16,2,2,True,zoh,63.9375,13.28515625,53.140625,4.0,67.9375,False,False,False
1,mean,knn_clustered_16,iqr,1.5754467450273049,0.9938650306748468,0.6136363636363636,0.8049242424242424,0.7587822014051522,0.8580836776859504,0.8724536030158041,,0e68422ca28d.yaml,ce8ec3e934b4,16,2,2,True,zoh,63.9375,13.28515625,53.140625,4.0,67.9375,False,False,False
1,mean,knn_clustered_16,perentile_same_machie_95.0,1.2328872236729136,0.9629629629629628,0.8863636363636364,0.9261363636363636,0.9230769230769232,0.9255624426078972,0.931763810352327,,f19d5ca15add.yaml,03dbd2d1bc74,16,2,2,True,euler,63.9375,13.28515625,53.140625,4.0,67.9375,False,False,False
1,mean,knn_clustered_16,perentile_same_machie_99.0,1.3942251784188429,0.9902912621359224,0.7727272727272727,0.8825757575757576,0.8680851063829788,0.9255624426078972,0.931763810352327,,f19d5ca15add.yaml,03dbd2d1bc74,16,2,2,True,euler,63.9375,13.28515625,53.140625,4.0,67.9375,False,False,False
1,mean,knn_clustered_16,perentile_same_machie_99.5,1.407544113203756,0.9901960784313726,0.7651515151515151,0.8787878787878788,0.8632478632478633,0.9255624426078972,0.931763810352327,,f19d5ca15add.yaml,03dbd2d1bc74,16,2,2,True,euler,63.9375,13.28515625,53.140625,4.0,67.9375,False,False,False
1,mean,knn_clustered_16,evt_p95_equiv,1.2459025496901173,0.9625,0.875,0.9204545454545454,0.9166666666666666,0.9255624426078972,0.931763810352327,,f19d5ca15add.yaml,03dbd2d1bc74,16,2,2,True,euler,63.9375,13.28515625,53.140625,4.0,67.9375,False,False,False
1,mean,knn_clustered_16,parametric_p95_equiv,1.2242598430415648,0.9590163934426228,0.8863636363636364,0.9242424242424242,0.9212598425196852,0.9255624426078972,0.931763810352327,,f19d5ca15add.yaml,03dbd2d1bc74,16,2,2,True,euler,63.9375,13.28515625,53.140625,4.0,67.9375,False,False,False
1,mean,knn_clustered_16,kde_p95_equiv,1.2412118390328424,0.9626556016597512,0.8787878787878788,0.9223484848484848,0.9188118811881189,0.9255624426078972,0.931763810352327,,f19d5ca15add.yaml,03dbd2d1bc74,16,2,2,True,euler,63.9375,13.28515625,53.140625,4.0,67.9375,False,False,False
1,mean,knn_clustered_16,evt_p99_equiv,1.3826500851391337,0.9904306220095692,0.7840909090909091,0.8882575757575758,0.8752642706131079,0.9255624426078972,0.931763810352327,,f19d5ca15add.yaml,03dbd2d1bc74,16,2,2,True,euler,63.9375,13.28515625,53.140625,4.0,67.9375,False,False,False
1,mean,knn_clustered_16,parametric_p99_equiv,1.2958112463500624,0.9820627802690582,0.8295454545454546,0.9071969696969696,0.8993839835728953,0.9255624426078972,0.931763810352327,,f19d5ca15add.yaml,03dbd2d1bc74,16,2,2,True,euler,63.9375,13.28515625,53.140625,4.0,67.9375,False,False,False
1,mean,knn_clustered_16,kde_p99_equiv,1.397202785485664,0.9902439024390244,0.7689393939393939,0.8806818181818182,0.8656716417910447,0.9255624426078972,0.931763810352327,,f19d5ca15add.yaml,03dbd2d1bc74,16,2,2,True,euler,63.9375,13.28515625,53.140625,4.0,67.9375,False,False,False
1,mean,knn_clustered_16,evt_p999_equiv,1.480940830595303,1.0,0.7045454545454546,0.8522727272727273,0.8266666666666667,0.9255624426078972,0.931763810352327,,f19d5ca15add.yaml,03dbd2d1bc74,16,2,2,True,euler,63.9375,13.28515625,53.140625,4.0,67.9375,False,False,False
1,mean,knn_clustered_16,parametric_p999_equiv,1.36710812435582,0.9904761904761904,0.7878787878787878,0.8901515151515151,0.8776371308016878,0.9255624426078972,0.931763810352327,,f19d5ca15add.yaml,03dbd2d1bc74,16,2,2,True,euler,63.9375,13.28515625,53.140625,4.0,67.9375,False,False,False
1,mean,knn_clustered_16,kde_p999_equiv,1.4886899940525162,1.0,0.696969696969697,0.8484848484848485,0.8214285714285714,0.9255624426078972,0.931763810352327,,f19d5ca15add.yaml,03dbd2d1bc74,16,2,2,True,euler,63.9375,13.28515625,53.140625,4.0,67.9375,False,False,False
1,mean,knn_clustered_16,mad,1.2367763846934223,0.9629629629629628,0.8863636363636364,0.9261363636363636,0.9230769230769232,0.9255624426078972,0.931763810352327,,f19d5ca15add.yaml,03dbd2d1bc74,16,2,2,True,euler,63.9375,13.28515625,53.140625,4.0,67.9375,False,False,False
1,mean,knn_clustered_16,iqr,1.3213764252854845,0.9863636363636364,0.821969696969697,0.9053030303030304,0.8966942148760331,0.9255624426078972,0.931763810352327,,f19d5ca15add.yaml,03dbd2d1bc74,16,2,2,True,euler,63.9375,13.28515625,53.140625,4.0,67.9375,False,False,False
1,mean,knn_clustered_16,perentile_same_machie_95.0,1.2550717452124565,0.9437751004016064,0.8901515151515151,0.918560606060606,0.9161793372319688,0.9230228420569332,0.9376993620414672,,3b440664aeb5.yaml,a15fdab255cf,16,2,2,False,zoh,54.0,13.25,53.0,4.0,58.0,False,False,False
1,mean,knn_clustered_16,perentile_same_machie_99.0,1.4498838452074003,0.995475113122172,0.8333333333333334,0.9147727272727272,0.9072164948453608,0.9230228420569332,0.9376993620414672,,3b440664aeb5.yaml,a15fdab255cf,16,2,2,False,zoh,54.0,13.25,53.0,4.0,58.0,False,False,False
1,mean,knn_clustered_16,perentile_same_machie_99.5,1.5072565213777596,0.9953051643192488,0.803030303030303,0.8996212121212122,0.8888888888888888,0.9230228420569332,0.9376993620414672,,3b440664aeb5.yaml,a15fdab255cf,16,2,2,False,zoh,54.0,13.25,53.0,4.0,58.0,False,False,False
1,mean,knn_clustered_16,evt_p95_equiv,1.2583714315256975,0.943089430894309,0.8787878787878788,0.9128787878787878,0.9098039215686274,0.9230228420569332,0.9376993620414672,,3b440664aeb5.yaml,a15fdab255cf,16,2,2,False,zoh,54.0,13.25,53.0,4.0,58.0,False,False,False
1,mean,knn_clustered_16,parametric_p95_equiv,1.3115400968253974,0.9829059829059827,0.8712121212121212,0.928030303030303,0.923694779116466,0.9230228420569332,0.9376993620414672,,3b440664aeb5.yaml,a15fdab255cf,16,2,2,False,zoh,54.0,13.25,53.0,4.0,58.0,False,False,False
1,mean,knn_clustered_16,kde_p95_equiv,1.2741808823811742,0.95850622406639,0.875,0.918560606060606,0.9148514851485148,0.9230228420569332,0.9376993620414672,,3b440664aeb5.yaml,a15fdab255cf,16,2,2,False,zoh,54.0,13.25,53.0,4.0,58.0,False,False,False
1,mean,knn_clustered_16,evt_p99_equiv,1.4114151484110338,0.9955947136563876,0.8560606060606061,0.9261363636363636,0.920570264765784,0.9230228420569332,0.9376993620414672,,3b440664aeb5.yaml,a15fdab255cf,16,2,2,False,zoh,54.0,13.25,53.0,4.0,58.0,False,False,False
1,mean,knn_clustered_16,parametric_p99_equiv,1.3699895204996682,0.991304347826087,0.8636363636363636,0.928030303030303,0.9230769230769232,0.9230228420569332,0.9376993620414672,,3b440664aeb5.yaml,a15fdab255cf,16,2,2,False,zoh,54.0,13.25,53.0,4.0,58.0,False,False,False
1,mean,knn_clustered_16,kde_p99_equiv,1.4549916639725862,0.995475113122172,0.8333333333333334,0.9147727272727272,0.9072164948453608,0.9230228420569332,0.9376993620414672,,3b440664aeb5.yaml,a15fdab255cf,16,2,2,False,zoh,54.0,13.25,53.0,4.0,58.0,False,False,False
1,mean,knn_clustered_16,evt_p999_equiv,2.205524710190965,1.0,0.4431818181818182,0.7215909090909091,0.6141732283464567,0.9230228420569332,0.9376993620414672,,3b440664aeb5.yaml,a15fdab255cf,16,2,2,False,zoh,54.0,13.25,53.0,4.0,58.0,False,False,False
1,mean,knn_clustered_16,parametric_p999_equiv,1.427489311265851,0.9955357142857144,0.8446969696969697,0.9204545454545454,0.9139344262295082,0.9230228420569332,0.9376993620414672,,3b440664aeb5.yaml,a15fdab255cf,16,2,2,False,zoh,54.0,13.25,53.0,4.0,58.0,False,False,False
1,mean,knn_clustered_16,kde_p999_equiv,1.595638386913917,1.0,0.7045454545454546,0.8522727272727273,0.8266666666666667,0.9230228420569332,0.9376993620414672,,3b440664aeb5.yaml,a15fdab255cf,16,2,2,False,zoh,54.0,13.25,53.0,4.0,58.0,False,False,False
1,mean,knn_clustered_16,mad,1.4863134762243082,0.9953488372093025,0.8106060606060606,0.9034090909090908,0.8935281837160751,0.9230228420569332,0.9376993620414672,,3b440664aeb5.yaml,a15fdab255cf,16,2,2,False,zoh,54.0,13.25,53.0,4.0,58.0,False,False,False
1,mean,knn_clustered_16,iqr,1.6215418871058314,1.0,0.6893939393939394,0.8446969696969697,0.8161434977578476,0.9230228420569332,0.9376993620414672,,3b440664aeb5.yaml,a15fdab255cf,16,2,2,False,zoh,54.0,13.25,53.0,4.0,58.0,False,False,False
1,mean,knn_clustered_16,perentile_same_machie_95.0,1.6312283274667667,0.9333333333333332,0.7954545454545454,0.8693181818181818,0.8588957055214724,0.8526314279155188,0.8746888743898313,,83ce3829615e.yaml,e849f675acc5,16,2,2,False,euler,54.0,13.25,53.0,4.0,58.0,False,False,False
1,mean,knn_clustered_16,perentile_same_machie_99.0,1.7492540275256023,0.9838709677419356,0.6931818181818182,0.8409090909090909,0.8133333333333334,0.8526314279155188,0.8746888743898313,,83ce3829615e.yaml,e849f675acc5,16,2,2,False,euler,54.0,13.25,53.0,4.0,58.0,False,False,False
1,mean,knn_clustered_16,perentile_same_machie_99.5,1.7780270286318114,0.9884393063583816,0.6477272727272727,0.8200757575757576,0.782608695652174,0.8526314279155188,0.8746888743898313,,83ce3829615e.yaml,e849f675acc5,16,2,2,False,euler,54.0,13.25,53.0,4.0,58.0,False,False,False
1,mean,knn_clustered_16,evt_p95_equiv,1.638081007789559,0.9411764705882352,0.7878787878787878,0.8693181818181818,0.8577319587628865,0.8526314279155188,0.8746888743898313,,83ce3829615e.yaml,e849f675acc5,16,2,2,False,euler,54.0,13.25,53.0,4.0,58.0,False,False,False
1,mean,knn_clustered_16,parametric_p95_equiv,1.6464274153490477,0.9452054794520548,0.7840909090909091,0.8693181818181818,0.8571428571428571,0.8526314279155188,0.8746888743898313,,83ce3829615e.yaml,e849f675acc5,16,2,2,False,euler,54.0,13.25,53.0,4.0,58.0,False,False,False
1,mean,knn_clustered_16,kde_p95_equiv,1.647058172067812,0.9452054794520548,0.7840909090909091,0.8693181818181818,0.8571428571428571,0.8526314279155188,0.8746888743898313,,83ce3829615e.yaml,e849f675acc5,16,2,2,False,euler,54.0,13.25,53.0,4.0,58.0,False,False,False
1,mean,knn_clustered_16,evt_p99_equiv,1.7324112819364752,0.9788359788359788,0.7007575757575758,0.8428030303030303,0.8167770419426048,0.8526314279155188,0.8746888743898313,,83ce3829615e.yaml,e849f675acc5,16,2,2,False,euler,54.0,13.25,53.0,4.0,58.0,False,False,False
1,mean,knn_clustered_16,parametric_p99_equiv,1.707865328363395,0.9792746113989638,0.7159090909090909,0.8503787878787878,0.8271334792122538,0.8526314279155188,0.8746888743898313,,83ce3829615e.yaml,e849f675acc5,16,2,2,False,euler,54.0,13.25,53.0,4.0,58.0,False,False,False
1,mean,knn_clustered_16,kde_p99_equiv,1.759421863571499,0.9834254143646408,0.6742424242424242,0.8314393939393939,0.8,0.8526314279155188,0.8746888743898313,,83ce3829615e.yaml,e849f675acc5,16,2,2,False,euler,54.0,13.25,53.0,4.0,58.0,False,False,False
1,mean,knn_clustered_16,evt_p999_equiv,1.8572924743379144,1.0,0.5984848484848485,0.7992424242424242,0.7488151658767772,0.8526314279155188,0.8746888743898313,,83ce3829615e.yaml,e849f675acc5,16,2,2,False,euler,54.0,13.25,53.0,4.0,58.0,False,False,False
1,mean,knn_clustered_16,parametric_p999_equiv,1.767897662044201,0.9829545454545454,0.6553030303030303,0.821969696969697,0.7863636363636364,0.8526314279155188,0.8746888743898313,,83ce3829615e.yaml,e849f675acc5,16,2,2,False,euler,54.0,13.25,53.0,4.0,58.0,False,False,False
1,mean,knn_clustered_16,kde_p999_equiv,1.8439758519244247,1.0,0.6022727272727273,0.8011363636363636,0.75177304964539,0.8526314279155188,0.8746888743898313,,83ce3829615e.yaml,e849f675acc5,16,2,2,False,euler,54.0,13.25,53.0,4.0,58.0,False,False,False
1,mean,knn_clustered_16,mad,1.8575479191217683,1.0,0.5984848484848485,0.7992424242424242,0.7488151658767772,0.8526314279155188,0.8746888743898313,,83ce3829615e.yaml,e849f675acc5,16,2,2,False,euler,54.0,13.25,53.0,4.0,58.0,False,False,False
1,mean,knn_clustered_16,iqr,1.992125208367012,1.0,0.5681818181818182,0.7840909090909091,0.7246376811594203,0.8526314279155188,0.8746888743898313,,83ce3829615e.yaml,e849f675acc5,16,2,2,False,euler,54.0,13.25,53.0,4.0,58.0,False,False,False
1,mean,knn_clustered_16,perentile_same_machie_95.0,1.7337656327795077,0.9660194174757282,0.7537878787878788,0.8636363636363636,0.8468085106382979,0.9181158172635444,0.8685720844811754,,522ea9b11b24.yaml,1182323d482b,16,2,1,True,zoh,32.0625,6.72265625,26.890625,4.0,36.0625,False,False,False
1,mean,knn_clustered_16,perentile_same_machie_99.0,2.0464411238967286,0.986842105263158,0.5681818181818182,0.7803030303030303,0.7211538461538461,0.9181158172635444,0.8685720844811754,,522ea9b11b24.yaml,1182323d482b,16,2,1,True,zoh,32.0625,6.72265625,26.890625,4.0,36.0625,False,False,False
1,mean,knn_clustered_16,perentile_same_machie_99.5,2.097359323934919,0.9931506849315068,0.5492424242424242,0.7727272727272727,0.7073170731707317,0.9181158172635444,0.8685720844811754,,522ea9b11b24.yaml,1182323d482b,16,2,1,True,zoh,32.0625,6.72265625,26.890625,4.0,36.0625,False,False,False
1,mean,knn_clustered_16,evt_p95_equiv,1.7647760716302423,0.9704433497536946,0.7462121212121212,0.8617424242424242,0.8436830835117773,0.9181158172635444,0.8685720844811754,,522ea9b11b24.yaml,1182323d482b,16,2,1,True,zoh,32.0625,6.72265625,26.890625,4.0,36.0625,False,False,False
1,mean,knn_clustered_16,parametric_p95_equiv,1.6707518630566192,0.912280701754386,0.7878787878787878,0.8560606060606061,0.8455284552845529,0.9181158172635444,0.8685720844811754,,522ea9b11b24.yaml,1182323d482b,16,2,1,True,zoh,32.0625,6.72265625,26.890625,4.0,36.0625,False,False,False
1,mean,knn_clustered_16,kde_p95_equiv,1.7470390470620822,0.9660194174757282,0.7537878787878788,0.8636363636363636,0.8468085106382979,0.9181158172635444,0.8685720844811754,,522ea9b11b24.yaml,1182323d482b,16,2,1,True,zoh,32.0625,6.72265625,26.890625,4.0,36.0625,False,False,False
1,mean,knn_clustered_16,evt_p99_equiv,2.006926002116485,0.9873417721518988,0.5909090909090909,0.7916666666666666,0.7393364928909952,0.9181158172635444,0.8685720844811754,,522ea9b11b24.yaml,1182323d482b,16,2,1,True,zoh,32.0625,6.72265625,26.890625,4.0,36.0625,False,False,False
1,mean,knn_clustered_16,parametric_p99_equiv,1.8617257247070216,0.9833333333333332,0.6704545454545454,0.8295454545454546,0.7972972972972973,0.9181158172635444,0.8685720844811754,,522ea9b11b24.yaml,1182323d482b,16,2,1,True,zoh,32.0625,6.72265625,26.890625,4.0,36.0625,False,False,False
1,mean,knn_clustered_16,kde_p99_equiv,2.054073784902676,0.986842105263158,0.5681818181818182,0.7803030303030303,0.7211538461538461,0.9181158172635444,0.8685720844811754,,522ea9b11b24.yaml,1182323d482b,16,2,1,True,zoh,32.0625,6.72265625,26.890625,4.0,36.0625,False,False,False
1,mean,knn_clustered_16,evt_p999_equiv,2.1879386416136835,1.0,0.5151515151515151,0.7575757575757576,0.68,0.9181158172635444,0.8685720844811754,,522ea9b11b24.yaml,1182323d482b,16,2,1,True,zoh,32.0625,6.72265625,26.890625,4.0,36.0625,False,False,False
1,mean,knn_clustered_16,parametric_p999_equiv,2.081763401251405,0.9866666666666668,0.5606060606060606,0.7765151515151515,0.714975845410628,0.9181158172635444,0.8685720844811754,,522ea9b11b24.yaml,1182323d482b,16,2,1,True,zoh,32.0625,6.72265625,26.890625,4.0,36.0625,False,False,False
1,mean,knn_clustered_16,kde_p999_equiv,2.1992293076187828,1.0,0.5151515151515151,0.7575757575757576,0.68,0.9181158172635444,0.8685720844811754,,522ea9b11b24.yaml,1182323d482b,16,2,1,True,zoh,32.0625,6.72265625,26.890625,4.0,36.0625,False,False,False
1,mean,knn_clustered_16,mad,1.5758851443575956,0.8828125,0.8560606060606061,0.8712121212121212,0.8692307692307693,0.9181158172635444,0.8685720844811754,,522ea9b11b24.yaml,1182323d482b,16,2,1,True,zoh,32.0625,6.72265625,26.890625,4.0,36.0625,False,False,False
1,mean,knn_clustered_16,iqr,1.6923013049256364,0.9357798165137616,0.7727272727272727,0.8598484848484849,0.8464730290456431,0.9181158172635444,0.8685720844811754,,522ea9b11b24.yaml,1182323d482b,16,2,1,True,zoh,32.0625,6.72265625,26.890625,4.0,36.0625,False,False,False
1,mean,knn_clustered_16,perentile_same_machie_95.0,1.722471711774842,0.943661971830986,0.7613636363636364,0.8579545454545454,0.8427672955974843,0.9105544077134984,0.8554474167512445,,f4cd557b7e3b.yaml,16662b29beb3,16,2,1,True,euler,32.0625,6.72265625,26.890625,4.0,36.0625,False,False,False
1,mean,knn_clustered_16,perentile_same_machie_99.0,2.3396159123797102,0.9827586206896552,0.4318181818181818,0.7121212121212122,0.6,0.9105544077134984,0.8554474167512445,,f4cd557b7e3b.yaml,16662b29beb3,16,2,1,True,euler,32.0625,6.72265625,26.890625,4.0,36.0625,False,False,False
1,mean,knn_clustered_16,perentile_same_machie_99.5,2.406699353884044,0.9809523809523808,0.3901515151515151,0.6912878787878788,0.5582655826558266,0.9105544077134984,0.8554474167512445,,f4cd557b7e3b.yaml,16662b29beb3,16,2,1,True,euler,32.0625,6.72265625,26.890625,4.0,36.0625,False,False,False
1,mean,knn_clustered_16,evt_p95_equiv,1.7420737997614526,0.9563106796116504,0.7462121212121212,0.8560606060606061,0.8382978723404255,0.9105544077134984,0.8554474167512445,,f4cd557b7e3b.yaml,16662b29beb3,16,2,1,True,euler,32.0625,6.72265625,26.890625,4.0,36.0625,False,False,False
1,mean,knn_clustered_16,parametric_p95_equiv,1.637412027117359,0.9041666666666668,0.821969696969697,0.8674242424242424,0.8611111111111112,0.9105544077134984,0.8554474167512445,,f4cd557b7e3b.yaml,16662b29beb3,16,2,1,True,euler,32.0625,6.72265625,26.890625,4.0,36.0625,False,False,False
1,mean,knn_clustered_16,kde_p95_equiv,1.733286458307785,0.9567307692307692,0.7537878787878788,0.8598484848484849,0.8432203389830508,0.9105544077134984,0.8554474167512445,,f4cd557b7e3b.yaml,16662b29beb3,16,2,1,True,euler,32.0625,6.72265625,26.890625,4.0,36.0625,False,False,False
1,mean,knn_clustered_16,evt_p99_equiv,2.212953785595521,0.9769230769230768,0.4810606060606061,0.7348484848484849,0.6446700507614214,0.9105544077134984,0.8554474167512445,,f4cd557b7e3b.yaml,16662b29beb3,16,2,1,True,euler,32.0625,6.72265625,26.890625,4.0,36.0625,False,False,False
1,mean,knn_clustered_16,parametric_p99_equiv,1.8570694428333496,0.978494623655914,0.6893939393939394,0.8371212121212122,0.8088888888888889,0.9105544077134984,0.8554474167512445,,f4cd557b7e3b.yaml,16662b29beb3,16,2,1,True,euler,32.0625,6.72265625,26.890625,4.0,36.0625,False,False,False
1,mean,knn_clustered_16,kde_p99_equiv,2.339173438452625,0.9827586206896552,0.4318181818181818,0.7121212121212122,0.6,0.9105544077134984,0.8554474167512445,,f4cd557b7e3b.yaml,16662b29beb3,16,2,1,True,euler,32.0625,6.72265625,26.890625,4.0,36.0625,False,False,False
1,mean,knn_clustered_16,evt_p999_equiv,3.752681679810511,0.0,0.0,0.5,0.0,0.9105544077134984,0.8554474167512445,,f4cd557b7e3b.yaml,16662b29beb3,16,2,1,True,euler,32.0625,6.72265625,26.890625,4.0,36.0625,True,False,True
1,mean,knn_clustered_16,parametric_p999_equiv,2.138492527563682,0.9777777777777776,0.5,0.7443181818181818,0.6616541353383458,0.9105544077134984,0.8554474167512445,,f4cd557b7e3b.yaml,16662b29beb3,16,2,1,True,euler,32.0625,6.72265625,26.890625,4.0,36.0625,False,False,False
1,mean,knn_clustered_16,kde_p999_equiv,2.5102899867567525,1.0,0.2992424242424242,0.6496212121212122,0.4606413994169096,0.9105544077134984,0.8554474167512445,,f4cd557b7e3b.yaml,16662b29beb3,16,2,1,True,euler,32.0625,6.72265625,26.890625,4.0,36.0625,False,False,False
1,mean,knn_clustered_16,mad,1.4754531553699743,0.8897058823529411,0.9166666666666666,0.9015151515151516,0.9029850746268656,0.9105544077134984,0.8554474167512445,,f4cd557b7e3b.yaml,16662b29beb3,16,2,1,True,euler,32.0625,6.72265625,26.890625,4.0,36.0625,False,False,False
1,mean,knn_clustered_16,iqr,1.5915488161978193,0.892,0.8446969696969697,0.8712121212121212,0.867704280155642,0.9105544077134984,0.8554474167512445,,f4cd557b7e3b.yaml,16662b29beb3,16,2,1,True,euler,32.0625,6.72265625,26.890625,4.0,36.0625,False,False,False
1,mean,knn_clustered_16,perentile_same_machie_95.0,1.4210685987643046,0.9458333333333332,0.8598484848484849,0.9053030303030304,0.9007936507936508,0.911644857667585,0.9142139094292204,,1df2b3ea9ccc.yaml,cef3e32de1b4,16,2,1,False,zoh,27.125,6.6875,26.75,4.0,31.125,False,False,False
1,mean,knn_clustered_16,perentile_same_machie_99.0,1.6405154811804157,0.98989898989899,0.7424242424242424,0.8674242424242424,0.8484848484848485,0.911644857667585,0.9142139094292204,,1df2b3ea9ccc.yaml,cef3e32de1b4,16,2,1,False,zoh,27.125,6.6875,26.75,4.0,31.125,False,False,False
1,mean,knn_clustered_16,perentile_same_machie_99.5,1.6904868038028122,0.9895287958115184,0.7159090909090909,0.8541666666666666,0.8307692307692308,0.911644857667585,0.9142139094292204,,1df2b3ea9ccc.yaml,cef3e32de1b4,16,2,1,False,zoh,27.125,6.6875,26.75,4.0,31.125,False,False,False
1,mean,knn_clustered_16,evt_p95_equiv,1.4355633099874403,0.9453781512605042,0.8522727272727273,0.9015151515151516,0.896414342629482,0.911644857667585,0.9142139094292204,,1df2b3ea9ccc.yaml,cef3e32de1b4,16,2,1,False,zoh,27.125,6.6875,26.75,4.0,31.125,False,False,False
1,mean,knn_clustered_16,parametric_p95_equiv,1.4398798127235968,0.9453781512605042,0.8522727272727273,0.9015151515151516,0.896414342629482,0.911644857667585,0.9142139094292204,,1df2b3ea9ccc.yaml,cef3e32de1b4,16,2,1,False,zoh,27.125,6.6875,26.75,4.0,31.125,False,False,False
1,mean,knn_clustered_16,kde_p95_equiv,1.433570402029673,0.9453781512605042,0.8522727272727273,0.9015151515151516,0.896414342629482,0.911644857667585,0.9142139094292204,,1df2b3ea9ccc.yaml,cef3e32de1b4,16,2,1,False,zoh,27.125,6.6875,26.75,4.0,31.125,False,False,False
1,mean,knn_clustered_16,evt_p99_equiv,1.613879814937136,0.99009900990099,0.7575757575757576,0.875,0.8583690987124464,0.911644857667585,0.9142139094292204,,1df2b3ea9ccc.yaml,cef3e32de1b4,16,2,1,False,zoh,27.125,6.6875,26.75,4.0,31.125,False,False,False
1,mean,knn_clustered_16,parametric_p99_equiv,1.5280940870309858,0.9906542056074766,0.803030303030303,0.8977272727272727,0.8870292887029289,0.911644857667585,0.9142139094292204,,1df2b3ea9ccc.yaml,cef3e32de1b4,16,2,1,False,zoh,27.125,6.6875,26.75,4.0,31.125,False,False,False
1,mean,knn_clustered_16,kde_p99_equiv,1.6389115157559169,0.98989898989899,0.7424242424242424,0.8674242424242424,0.8484848484848485,0.911644857667585,0.9142139094292204,,1df2b3ea9ccc.yaml,cef3e32de1b4,16,2,1,False,zoh,27.125,6.6875,26.75,4.0,31.125,False,False,False
1,mean,knn_clustered_16,evt_p999_equiv,1.8152468820780607,1.0,0.6174242424242424,0.8087121212121212,0.7634660421545667,0.911644857667585,0.9142139094292204,,1df2b3ea9ccc.yaml,cef3e32de1b4,16,2,1,False,zoh,27.125,6.6875,26.75,4.0,31.125,False,False,False
1,mean,knn_clustered_16,parametric_p999_equiv,1.6162219735086785,0.9900497512437813,0.7537878787878788,0.8731060606060606,0.8559139784946237,0.911644857667585,0.9142139094292204,,1df2b3ea9ccc.yaml,cef3e32de1b4,16,2,1,False,zoh,27.125,6.6875,26.75,4.0,31.125,False,False,False
1,mean,knn_clustered_16,kde_p999_equiv,1.804006239500317,1.0,0.6212121212121212,0.8106060606060606,0.7663551401869159,0.911644857667585,0.9142139094292204,,1df2b3ea9ccc.yaml,cef3e32de1b4,16,2,1,False,zoh,27.125,6.6875,26.75,4.0,31.125,False,False,False
1,mean,knn_clustered_16,mad,1.576619961503796,0.9902912621359224,0.7727272727272727,0.8825757575757576,0.8680851063829788,0.911644857667585,0.9142139094292204,,1df2b3ea9ccc.yaml,cef3e32de1b4,16,2,1,False,zoh,27.125,6.6875,26.75,4.0,31.125,False,False,False
1,mean,knn_clustered_16,iqr,1.719102075485315,1.0,0.7007575757575758,0.8503787878787878,0.8240534521158129,0.911644857667585,0.9142139094292204,,1df2b3ea9ccc.yaml,cef3e32de1b4,16,2,1,False,zoh,27.125,6.6875,26.75,4.0,31.125,False,False,False
1,mean,knn_clustered_16,perentile_same_machie_95.0,1.941264838438036,0.9405405405405406,0.6590909090909091,0.8087121212121212,0.7750556792873051,0.8424873737373738,0.8142308249963752,,f2578cb06991.yaml,238a49a973a3,16,2,1,False,euler,27.125,6.6875,26.75,4.0,31.125,False,False,False
1,mean,knn_clustered_16,perentile_same_machie_99.0,2.4939029235136707,0.9838709677419356,0.4621212121212121,0.7272727272727273,0.6288659793814433,0.8424873737373738,0.8142308249963752,,f2578cb06991.yaml,238a49a973a3,16,2,1,False,euler,27.125,6.6875,26.75,4.0,31.125,False,False,False
1,mean,knn_clustered_16,perentile_same_machie_99.5,2.547634297122465,0.991150442477876,0.4242424242424242,0.7102272727272727,0.5941644562334217,0.8424873737373738,0.8142308249963752,,f2578cb06991.yaml,238a49a973a3,16,2,1,False,euler,27.125,6.6875,26.75,4.0,31.125,False,False,False
1,mean,knn_clustered_16,evt_p95_equiv,2.013844727422871,0.9644970414201184,0.6174242424242424,0.7973484848484849,0.7528868360277137,0.8424873737373738,0.8142308249963752,,f2578cb06991.yaml,238a49a973a3,16,2,1,False,euler,27.125,6.6875,26.75,4.0,31.125,False,False,False
1,mean,knn_clustered_16,parametric_p95_equiv,2.0179803879176044,0.9644970414201184,0.6174242424242424,0.7973484848484849,0.7528868360277137,0.8424873737373738,0.8142308249963752,,f2578cb06991.yaml,238a49a973a3,16,2,1,False,euler,27.125,6.6875,26.75,4.0,31.125,False,False,False
1,mean,knn_clustered_16,kde_p95_equiv,1.9667702501718567,0.9441340782122905,0.6401515151515151,0.8011363636363636,0.7629796839729119,0.8424873737373738,0.8142308249963752,,f2578cb06991.yaml,238a49a973a3,16,2,1,False,euler,27.125,6.6875,26.75,4.0,31.125,False,False,False
1,mean,knn_clustered_16,evt_p99_equiv,2.4059659080497555,0.9765625,0.4734848484848485,0.7310606060606061,0.6377551020408163,0.8424873737373738,0.8142308249963752,,f2578cb06991.yaml,238a49a973a3,16,2,1,False,euler,27.125,6.6875,26.75,4.0,31.125,False,False,False
1,mean,knn_clustered_16,parametric_p99_equiv,2.182358241016144,0.972027972027972,0.5265151515151515,0.7556818181818182,0.683046683046683,0.8424873737373738,0.8142308249963752,,f2578cb06991.yaml,238a49a973a3,16,2,1,False,euler,27.125,6.6875,26.75,4.0,31.125,False,False,False
1,mean,knn_clustered_16,kde_p99_equiv,2.5038773190098085,0.9917355371900828,0.4545454545454545,0.7253787878787878,0.6233766233766234,0.8424873737373738,0.8142308249963752,,f2578cb06991.yaml,238a49a973a3,16,2,1,False,euler,27.125,6.6875,26.75,4.0,31.125,False,False,False
1,mean,knn_clustered_16,evt_p999_equiv,2.8101555956895568,1.0,0.2575757575757575,0.6287878787878788,0.4096385542168674,0.8424873737373738,0.8142308249963752,,f2578cb06991.yaml,238a49a973a3,16,2,1,False,euler,27.125,6.6875,26.75,4.0,31.125,False,False,False
1,mean,knn_clustered_16,parametric_p999_equiv,2.3496075765012856,0.9769230769230768,0.4810606060606061,0.7348484848484849,0.6446700507614214,0.8424873737373738,0.8142308249963752,,f2578cb06991.yaml,238a49a973a3,16,2,1,False,euler,27.125,6.6875,26.75,4.0,31.125,False,False,False
1,mean,knn_clustered_16,kde_p999_equiv,2.6734010693124066,1.0,0.3484848484848485,0.6742424242424242,0.5168539325842697,0.8424873737373738,0.8142308249963752,,f2578cb06991.yaml,238a49a973a3,16,2,1,False,euler,27.125,6.6875,26.75,4.0,31.125,False,False,False
1,mean,knn_clustered_16,mad,2.004470621896862,0.9647058823529412,0.6212121212121212,0.7992424242424242,0.7557603686635944,0.8424873737373738,0.8142308249963752,,f2578cb06991.yaml,238a49a973a3,16,2,1,False,euler,27.125,6.6875,26.75,4.0,31.125,False,False,False
1,mean,knn_clustered_16,iqr,2.1689281938976106,0.9724137931034482,0.5340909090909091,0.759469696969697,0.6894865525672371,0.8424873737373738,0.8142308249963752,,f2578cb06991.yaml,238a49a973a3,16,2,1,False,euler,27.125,6.6875,26.75,4.0,31.125,False,False,False
1,mean,knn_clustered_16,perentile_same_machie_95.0,2.1280060406319365,0.9064748201438848,0.4772727272727273,0.7140151515151515,0.6253101736972705,0.5881255739210285,0.7195640616693249,,af9fc8c57bb6.yaml,7ba54936f952,16,1,2,True,zoh,32.0,10.91015625,43.640625,4.0,36.0,False,False,False
1,mean,knn_clustered_16,perentile_same_machie_99.0,2.315819220721281,0.9444444444444444,0.3863636363636363,0.6818181818181818,0.5483870967741935,0.5881255739210285,0.7195640616693249,,af9fc8c57bb6.yaml,7ba54936f952,16,1,2,True,zoh,32.0,10.91015625,43.640625,4.0,36.0,False,False,False
1,mean,knn_clustered_16,perentile_same_machie_99.5,2.382028705537911,0.9897959183673468,0.3674242424242424,0.6818181818181818,0.5359116022099447,0.5881255739210285,0.7195640616693249,,af9fc8c57bb6.yaml,7ba54936f952,16,1,2,True,zoh,32.0,10.91015625,43.640625,4.0,36.0,False,False,False
1,mean,knn_clustered_16,evt_p95_equiv,2.136846674340451,0.9191176470588236,0.4734848484848485,0.7159090909090909,0.625,0.5881255739210285,0.7195640616693249,,af9fc8c57bb6.yaml,7ba54936f952,16,1,2,True,zoh,32.0,10.91015625,43.640625,4.0,36.0,False,False,False
1,mean,knn_clustered_16,parametric_p95_equiv,2.1540710945272727,0.924812030075188,0.4659090909090909,0.7140151515151515,0.6196473551637279,0.5881255739210285,0.7195640616693249,,af9fc8c57bb6.yaml,7ba54936f952,16,1,2,True,zoh,32.0,10.91015625,43.640625,4.0,36.0,False,False,False
1,mean,knn_clustered_16,kde_p95_equiv,2.1453598420114948,0.924812030075188,0.4659090909090909,0.7140151515151515,0.6196473551637279,0.5881255739210285,0.7195640616693249,,af9fc8c57bb6.yaml,7ba54936f952,16,1,2,True,zoh,32.0,10.91015625,43.640625,4.0,36.0,False,False,False
1,mean,knn_clustered_16,evt_p99_equiv,2.3064876515550927,0.9444444444444444,0.3863636363636363,0.6818181818181818,0.5483870967741935,0.5881255739210285,0.7195640616693249,,af9fc8c57bb6.yaml,7ba54936f952,16,1,2,True,zoh,32.0,10.91015625,43.640625,4.0,36.0,False,False,False
1,mean,knn_clustered_16,parametric_p99_equiv,2.250176012068873,0.9464285714285714,0.4015151515151515,0.6893939393939394,0.5638297872340425,0.5881255739210285,0.7195640616693249,,af9fc8c57bb6.yaml,7ba54936f952,16,1,2,True,zoh,32.0,10.91015625,43.640625,4.0,36.0,False,False,False
1,mean,knn_clustered_16,kde_p99_equiv,2.33183042351326,0.961904761904762,0.3825757575757575,0.6837121212121212,0.5474254742547425,0.5881255739210285,0.7195640616693249,,af9fc8c57bb6.yaml,7ba54936f952,16,1,2,True,zoh,32.0,10.91015625,43.640625,4.0,36.0,False,False,False
1,mean,knn_clustered_16,evt_p999_equiv,2.476587562301367,0.9879518072289156,0.3106060606060606,0.6534090909090909,0.4726224783861671,0.5881255739210285,0.7195640616693249,,af9fc8c57bb6.yaml,7ba54936f952,16,1,2,True,zoh,32.0,10.91015625,43.640625,4.0,36.0,False,False,False
1,mean,knn_clustered_16,parametric_p999_equiv,2.3447238986172114,0.9803921568627452,0.3787878787878788,0.6856060606060606,0.546448087431694,0.5881255739210285,0.7195640616693249,,af9fc8c57bb6.yaml,7ba54936f952,16,1,2,True,zoh,32.0,10.91015625,43.640625,4.0,36.0,False,False,False
1,mean,knn_clustered_16,kde_p999_equiv,2.48958446270802,1.0,0.3068181818181818,0.6534090909090909,0.4695652173913043,0.5881255739210285,0.7195640616693249,,af9fc8c57bb6.yaml,7ba54936f952,16,1,2,True,zoh,32.0,10.91015625,43.640625,4.0,36.0,False,False,False
1,mean,knn_clustered_16,mad,2.2490010087936527,0.9464285714285714,0.4015151515151515,0.6893939393939394,0.5638297872340425,0.5881255739210285,0.7195640616693249,,af9fc8c57bb6.yaml,7ba54936f952,16,1,2,True,zoh,32.0,10.91015625,43.640625,4.0,36.0,False,False,False
1,mean,knn_clustered_16,iqr,2.414196996350446,0.9893617021276596,0.3522727272727273,0.6742424242424242,0.5195530726256983,0.5881255739210285,0.7195640616693249,,af9fc8c57bb6.yaml,7ba54936f952,16,1,2,True,zoh,32.0,10.91015625,43.640625,4.0,36.0,False,False,False
1,mean,knn_clustered_16,perentile_same_machie_95.0,2.6130802187037734,0.896774193548387,0.5265151515151515,0.7329545454545454,0.6634844868735084,0.6045110192837466,0.7468102073365231,,803a3eeb60b9.yaml,06c8e405530e,16,1,2,True,euler,32.0,10.91015625,43.640625,4.0,36.0,False,False,False
1,mean,knn_clustered_16,perentile_same_machie_99.0,2.777832421692964,0.9924812030075189,0.5,0.7481060606060606,0.6649874055415617,0.6045110192837466,0.7468102073365231,,803a3eeb60b9.yaml,06c8e405530e,16,1,2,True,euler,32.0,10.91015625,43.640625,4.0,36.0,False,False,False
1,mean,knn_clustered_16,perentile_same_machie_99.5,2.829521095277363,1.0,0.4848484848484848,0.7424242424242424,0.6530612244897959,0.6045110192837466,0.7468102073365231,,803a3eeb60b9.yaml,06c8e405530e,16,1,2,True,euler,32.0,10.91015625,43.640625,4.0,36.0,False,False,False
1,mean,knn_clustered_16,evt_p95_equiv,2.624566057477285,0.9025974025974026,0.5265151515151515,0.7348484848484849,0.6650717703349283,0.6045110192837466,0.7468102073365231,,803a3eeb60b9.yaml,06c8e405530e,16,1,2,True,euler,32.0,10.91015625,43.640625,4.0,36.0,False,False,False
1,mean,knn_clustered_16,parametric_p95_equiv,2.6531350911311087,0.9084967320261438,0.5265151515151515,0.7367424242424242,0.6666666666666666,0.6045110192837466,0.7468102073365231,,803a3eeb60b9.yaml,06c8e405530e,16,1,2,True,euler,32.0,10.91015625,43.640625,4.0,36.0,False,False,False
1,mean,knn_clustered_16,kde_p95_equiv,2.6440129495069646,0.9084967320261438,0.5265151515151515,0.7367424242424242,0.6666666666666666,0.6045110192837466,0.7468102073365231,,803a3eeb60b9.yaml,06c8e405530e,16,1,2,True,euler,32.0,10.91015625,43.640625,4.0,36.0,False,False,False
1,mean,knn_clustered_16,evt_p99_equiv,2.7653447549558785,0.9850746268656716,0.5,0.7462121212121212,0.6633165829145728,0.6045110192837466,0.7468102073365231,,803a3eeb60b9.yaml,06c8e405530e,16,1,2,True,euler,32.0,10.91015625,43.640625,4.0,36.0,False,False,False
1,mean,knn_clustered_16,parametric_p99_equiv,2.7552171933329017,0.9850746268656716,0.5,0.7462121212121212,0.6633165829145728,0.6045110192837466,0.7468102073365231,,803a3eeb60b9.yaml,06c8e405530e,16,1,2,True,euler,32.0,10.91015625,43.640625,4.0,36.0,False,False,False
1,mean,knn_clustered_16,kde_p99_equiv,2.8025811202897897,1.0,0.4886363636363636,0.7443181818181818,0.6564885496183206,0.6045110192837466,0.7468102073365231,,803a3eeb60b9.yaml,06c8e405530e,16,1,2,True,euler,32.0,10.91015625,43.640625,4.0,36.0,False,False,False
1,mean,knn_clustered_16,evt_p999_equiv,2.9246284268374105,1.0,0.4659090909090909,0.7329545454545454,0.6356589147286822,0.6045110192837466,0.7468102073365231,,803a3eeb60b9.yaml,06c8e405530e,16,1,2,True,euler,32.0,10.91015625,43.640625,4.0,36.0,False,False,False
1,mean,knn_clustered_16,parametric_p999_equiv,2.855072191679932,1.0,0.4810606060606061,0.740530303030303,0.649616368286445,0.6045110192837466,0.7468102073365231,,803a3eeb60b9.yaml,06c8e405530e,16,1,2,True,euler,32.0,10.91015625,43.640625,4.0,36.0,False,False,False
1,mean,knn_clustered_16,kde_p999_equiv,2.9477340981465967,1.0,0.4583333333333333,0.7291666666666666,0.6285714285714286,0.6045110192837466,0.7468102073365231,,803a3eeb60b9.yaml,06c8e405530e,16,1,2,True,euler,32.0,10.91015625,43.640625,4.0,36.0,False,False,False
1,mean,knn_clustered_16,mad,2.8644523309626577,1.0,0.4810606060606061,0.740530303030303,0.649616368286445,0.6045110192837466,0.7468102073365231,,803a3eeb60b9.yaml,06c8e405530e,16,1,2,True,euler,32.0,10.91015625,43.640625,4.0,36.0,False,False,False
1,mean,knn_clustered_16,iqr,3.060762155413535,1.0,0.3863636363636363,0.6931818181818182,0.5573770491803278,0.6045110192837466,0.7468102073365231,,803a3eeb60b9.yaml,06c8e405530e,16,1,2,True,euler,32.0,10.91015625,43.640625,4.0,36.0,False,False,False
1,mean,knn_clustered_16,perentile_same_machie_95.0,1.487409802493475,0.9730941704035876,0.821969696969697,0.8996212121212122,0.891170431211499,0.9063217401285584,0.899503407278527,,0a649dc836b0.yaml,041df1be021e,16,1,2,False,zoh,27.03125,10.875,43.5,4.0,31.03125,False,False,False
1,mean,knn_clustered_16,perentile_same_machie_99.0,1.7490330273618366,0.9857142857142858,0.5227272727272727,0.7575757575757576,0.6831683168316832,0.9063217401285584,0.899503407278527,,0a649dc836b0.yaml,041df1be021e,16,1,2,False,zoh,27.03125,10.875,43.5,4.0,31.03125,False,False,False
1,mean,knn_clustered_16,perentile_same_machie_99.5,1.8232131801543543,0.9927007299270072,0.5151515151515151,0.7556818181818182,0.6783042394014963,0.9063217401285584,0.899503407278527,,0a649dc836b0.yaml,041df1be021e,16,1,2,False,zoh,27.03125,10.875,43.5,4.0,31.03125,False,False,False
1,mean,knn_clustered_16,evt_p95_equiv,1.4980666979168815,0.9772727272727272,0.8143939393939394,0.8977272727272727,0.8884297520661157,0.9063217401285584,0.899503407278527,,0a649dc836b0.yaml,041df1be021e,16,1,2,False,zoh,27.03125,10.875,43.5,4.0,31.03125,False,False,False
1,mean,knn_clustered_16,parametric_p95_equiv,1.537988711063435,0.9852941176470588,0.7613636363636364,0.875,0.8589743589743589,0.9063217401285584,0.899503407278527,,0a649dc836b0.yaml,041df1be021e,16,1,2,False,zoh,27.03125,10.875,43.5,4.0,31.03125,False,False,False
1,mean,knn_clustered_16,kde_p95_equiv,1.4925810348875403,0.9773755656108596,0.8181818181818182,0.8996212121212122,0.8907216494845361,0.9063217401285584,0.899503407278527,,0a649dc836b0.yaml,041df1be021e,16,1,2,False,zoh,27.03125,10.875,43.5,4.0,31.03125,False,False,False
1,mean,knn_clustered_16,evt_p99_equiv,1.7126989150678753,0.9791666666666666,0.5340909090909091,0.7613636363636364,0.6911764705882353,0.9063217401285584,0.899503407278527,,0a649dc836b0.yaml,041df1be021e,16,1,2,False,zoh,27.03125,10.875,43.5,4.0,31.03125,False,False,False
1,mean,knn_clustered_16,parametric_p99_equiv,1.6517244109409883,0.9802631578947368,0.5643939393939394,0.7765151515151515,0.7163461538461539,0.9063217401285584,0.899503407278527,,0a649dc836b0.yaml,041df1be021e,16,1,2,False,zoh,27.03125,10.875,43.5,4.0,31.03125,False,False,False
1,mean,knn_clustered_16,kde_p99_equiv,1.752865714226708,0.9857142857142858,0.5227272727272727,0.7575757575757576,0.6831683168316832,0.9063217401285584,0.899503407278527,,0a649dc836b0.yaml,041df1be021e,16,1,2,False,zoh,27.03125,10.875,43.5,4.0,31.03125,False,False,False
1,mean,knn_clustered_16,evt_p999_equiv,2.040654717861732,1.0,0.3484848484848485,0.6742424242424242,0.5168539325842697,0.9063217401285584,0.899503407278527,,0a649dc836b0.yaml,041df1be021e,16,1,2,False,zoh,27.03125,10.875,43.5,4.0,31.03125,False,False,False
1,mean,knn_clustered_16,parametric_p999_equiv,1.7818516330418266,0.9856115107913668,0.5189393939393939,0.7556818181818182,0.6799007444168734,0.9063217401285584,0.899503407278527,,0a649dc836b0.yaml,041df1be021e,16,1,2,False,zoh,27.03125,10.875,43.5,4.0,31.03125,False,False,False
1,mean,knn_clustered_16,kde_p999_equiv,1.9686492646696303,0.9904761904761904,0.3939393939393939,0.6950757575757576,0.5636856368563685,0.9063217401285584,0.899503407278527,,0a649dc836b0.yaml,041df1be021e,16,1,2,False,zoh,27.03125,10.875,43.5,4.0,31.03125,False,False,False
1,mean,knn_clustered_16,mad,1.52298728553247,0.9760765550239234,0.7727272727272727,0.8768939393939394,0.8625792811839323,0.9063217401285584,0.899503407278527,,0a649dc836b0.yaml,041df1be021e,16,1,2,False,zoh,27.03125,10.875,43.5,4.0,31.03125,False,False,False
1,mean,knn_clustered_16,iqr,1.6330005927232296,0.9817073170731708,0.6098484848484849,0.7992424242424242,0.7523364485981309,0.9063217401285584,0.899503407278527,,0a649dc836b0.yaml,041df1be021e,16,1,2,False,zoh,27.03125,10.875,43.5,4.0,31.03125,False,False,False
1,mean,knn_clustered_16,perentile_same_machie_95.0,1.8290640540952687,0.945054945054945,0.6515151515151515,0.8068181818181818,0.7713004484304933,0.8200040174471993,0.8096243535836838,,5b2a781d294a.yaml,a7ad8fa4af9f,16,1,2,False,euler,27.03125,10.875,43.5,4.0,31.03125,False,False,False
1,mean,knn_clustered_16,perentile_same_machie_99.0,2.2749737036355544,0.9848484848484848,0.4924242424242424,0.7424242424242424,0.6565656565656566,0.8200040174471993,0.8096243535836838,,5b2a781d294a.yaml,a7ad8fa4af9f,16,1,2,False,euler,27.03125,10.875,43.5,4.0,31.03125,False,False,False
1,mean,knn_clustered_16,perentile_same_machie_99.5,2.351135692102994,0.9834710743801652,0.4507575757575757,0.7215909090909091,0.6181818181818182,0.8200040174471993,0.8096243535836838,,5b2a781d294a.yaml,a7ad8fa4af9f,16,1,2,False,euler,27.03125,10.875,43.5,4.0,31.03125,False,False,False
1,mean,knn_clustered_16,evt_p95_equiv,1.834747625118828,0.9447513812154696,0.6477272727272727,0.8049242424242424,0.7685393258426966,0.8200040174471993,0.8096243535836838,,5b2a781d294a.yaml,a7ad8fa4af9f,16,1,2,False,euler,27.03125,10.875,43.5,4.0,31.03125,False,False,False
1,mean,knn_clustered_16,parametric_p95_equiv,1.9204179633063767,0.9683544303797468,0.5795454545454546,0.7803030303030303,0.7251184834123223,0.8200040174471993,0.8096243535836838,,5b2a781d294a.yaml,a7ad8fa4af9f,16,1,2,False,euler,27.03125,10.875,43.5,4.0,31.03125,False,False,False
1,mean,knn_clustered_16,kde_p95_equiv,1.837700517554845,0.95,0.6477272727272727,0.8068181818181818,0.7702702702702703,0.8200040174471993,0.8096243535836838,,5b2a781d294a.yaml,a7ad8fa4af9f,16,1,2,False,euler,27.03125,10.875,43.5,4.0,31.03125,False,False,False
1,mean,knn_clustered_16,evt_p99_equiv,2.2160352962133514,0.978102189781022,0.5075757575757576,0.7481060606060606,0.6683291770573566,0.8200040174471993,0.8096243535836838,,5b2a781d294a.yaml,a7ad8fa4af9f,16,1,2,False,euler,27.03125,10.875,43.5,4.0,31.03125,False,False,False
1,mean,knn_clustered_16,parametric_p99_equiv,2.0771700223656127,0.9784172661870504,0.5151515151515151,0.7518939393939394,0.674937965260546,0.8200040174471993,0.8096243535836838,,5b2a781d294a.yaml,a7ad8fa4af9f,16,1,2,False,euler,27.03125,10.875,43.5,4.0,31.03125,False,False,False
1,mean,knn_clustered_16,kde_p99_equiv,2.297439706745375,0.9847328244274808,0.4886363636363636,0.740530303030303,0.6531645569620254,0.8200040174471993,0.8096243535836838,,5b2a781d294a.yaml,a7ad8fa4af9f,16,1,2,False,euler,27.03125,10.875,43.5,4.0,31.03125,False,False,False
1,mean,knn_clustered_16,evt_p999_equiv,3.387954281744214,0.0,0.0,0.5,0.0,0.8200040174471993,0.8096243535836838,,5b2a781d294a.yaml,a7ad8fa4af9f,16,1,2,False,euler,27.03125,10.875,43.5,4.0,31.03125,True,False,True
1,mean,knn_clustered_16,parametric_p999_equiv,2.2567895678956043,0.9850746268656716,0.5,0.7462121212121212,0.6633165829145728,0.8200040174471993,0.8096243535836838,,5b2a781d294a.yaml,a7ad8fa4af9f,16,1,2,False,euler,27.03125,10.875,43.5,4.0,31.03125,False,False,False
1,mean,knn_clustered_16,kde_p999_equiv,2.53118004545388,1.0,0.3295454545454545,0.6647727272727273,0.4957264957264957,0.8200040174471993,0.8096243535836838,,5b2a781d294a.yaml,a7ad8fa4af9f,16,1,2,False,euler,27.03125,10.875,43.5,4.0,31.03125,False,False,False
1,mean,knn_clustered_16,mad,2.0005251719412125,0.9727891156462584,0.5416666666666666,0.7632575757575758,0.6958637469586375,0.8200040174471993,0.8096243535836838,,5b2a781d294a.yaml,a7ad8fa4af9f,16,1,2,False,euler,27.03125,10.875,43.5,4.0,31.03125,False,False,False
1,mean,knn_clustered_16,iqr,2.171271485971095,0.978102189781022,0.5075757575757576,0.7481060606060606,0.6683291770573566,0.8200040174471993,0.8096243535836838,,5b2a781d294a.yaml,a7ad8fa4af9f,16,1,2,False,euler,27.03125,10.875,43.5,4.0,31.03125,False,False,False
1,mean,knn_clustered_16,perentile_same_machie_95.0,2.3845866192129943,0.951219512195122,0.5909090909090909,0.7803030303030303,0.7289719626168224,0.810333448117539,0.7929957469431155,,2dd0effd4eaa.yaml,0e00bfb6f56f,16,1,1,True,zoh,16.0625,5.53515625,22.140625,4.0,20.0625,False,False,False
1,mean,knn_clustered_16,perentile_same_machie_99.0,2.5330906496494863,0.986206896551724,0.5416666666666666,0.7670454545454546,0.6992665036674817,0.810333448117539,0.7929957469431155,,2dd0effd4eaa.yaml,0e00bfb6f56f,16,1,1,True,zoh,16.0625,5.53515625,22.140625,4.0,20.0625,False,False,False
1,mean,knn_clustered_16,perentile_same_machie_99.5,2.70089336918808,0.9924812030075189,0.5,0.7481060606060606,0.6649874055415617,0.810333448117539,0.7929957469431155,,2dd0effd4eaa.yaml,0e00bfb6f56f,16,1,1,True,zoh,16.0625,5.53515625,22.140625,4.0,20.0625,False,False,False
1,mean,knn_clustered_16,evt_p95_equiv,2.378522564185381,0.9457831325301204,0.5946969696969697,0.7803030303030303,0.7302325581395349,0.810333448117539,0.7929957469431155,,2dd0effd4eaa.yaml,0e00bfb6f56f,16,1,1,True,zoh,16.0625,5.53515625,22.140625,4.0,20.0625,False,False,False
1,mean,knn_clustered_16,parametric_p95_equiv,2.314415060177488,0.9116022099447514,0.625,0.7821969696969697,0.7415730337078652,0.810333448117539,0.7929957469431155,,2dd0effd4eaa.yaml,0e00bfb6f56f,16,1,1,True,zoh,16.0625,5.53515625,22.140625,4.0,20.0625,False,False,False
1,mean,knn_clustered_16,kde_p95_equiv,2.388792986785982,0.9565217391304348,0.5833333333333334,0.7784090909090909,0.7247058823529412,0.810333448117539,0.7929957469431155,,2dd0effd4eaa.yaml,0e00bfb6f56f,16,1,1,True,zoh,16.0625,5.53515625,22.140625,4.0,20.0625,False,False,False
1,mean,knn_clustered_16,evt_p99_equiv,2.593807917985857,0.9858156028368794,0.5265151515151515,0.759469696969697,0.6864197530864198,0.810333448117539,0.7929957469431155,,2dd0effd4eaa.yaml,0e00bfb6f56f,16,1,1,True,zoh,16.0625,5.53515625,22.140625,4.0,20.0625,False,False,False
1,mean,knn_clustered_16,parametric_p99_equiv,2.5195775046656723,0.9863013698630136,0.5454545454545454,0.7689393939393939,0.7024390243902439,0.810333448117539,0.7929957469431155,,2dd0effd4eaa.yaml,0e00bfb6f56f,16,1,1,True,zoh,16.0625,5.53515625,22.140625,4.0,20.0625,False,False,False
1,mean,knn_clustered_16,kde_p99_equiv,2.586612470138086,0.986013986013986,0.5340909090909091,0.7632575757575758,0.6928746928746928,0.810333448117539,0.7929957469431155,,2dd0effd4eaa.yaml,0e00bfb6f56f,16,1,1,True,zoh,16.0625,5.53515625,22.140625,4.0,20.0625,False,False,False
1,mean,knn_clustered_16,evt_p999_equiv,2.7820954916140885,1.0,0.4962121212121212,0.7481060606060606,0.6632911392405063,0.810333448117539,0.7929957469431155,,2dd0effd4eaa.yaml,0e00bfb6f56f,16,1,1,True,zoh,16.0625,5.53515625,22.140625,4.0,20.0625,False,False,False
1,mean,knn_clustered_16,parametric_p999_equiv,2.754980886163204,1.0,0.4962121212121212,0.7481060606060606,0.6632911392405063,0.810333448117539,0.7929957469431155,,2dd0effd4eaa.yaml,0e00bfb6f56f,16,1,1,True,zoh,16.0625,5.53515625,22.140625,4.0,20.0625,False,False,False
1,mean,knn_clustered_16,kde_p999_equiv,2.8233170019624305,1.0,0.4848484848484848,0.7424242424242424,0.6530612244897959,0.810333448117539,0.7929957469431155,,2dd0effd4eaa.yaml,0e00bfb6f56f,16,1,1,True,zoh,16.0625,5.53515625,22.140625,4.0,20.0625,False,False,False
1,mean,knn_clustered_16,mad,2.303278538804253,0.8967391304347826,0.625,0.7765151515151515,0.7366071428571429,0.810333448117539,0.7929957469431155,,2dd0effd4eaa.yaml,0e00bfb6f56f,16,1,1,True,zoh,16.0625,5.53515625,22.140625,4.0,20.0625,False,False,False
1,mean,knn_clustered_16,iqr,2.519305038419065,0.9863013698630136,0.5454545454545454,0.7689393939393939,0.7024390243902439,0.810333448117539,0.7929957469431155,,2dd0effd4eaa.yaml,0e00bfb6f56f,16,1,1,True,zoh,16.0625,5.53515625,22.140625,4.0,20.0625,False,False,False
1,mean,knn_clustered_16,perentile_same_machie_95.0,3.080613539285584,0.9056603773584906,0.5454545454545454,0.7443181818181818,0.6808510638297872,0.6245695592286501,0.7600859069160504,,6bdb1f777147.yaml,cf305a75c126,16,1,1,True,euler,16.0625,5.53515625,22.140625,4.0,20.0625,False,False,False
1,mean,knn_clustered_16,perentile_same_machie_99.0,3.3274765941960007,0.9859154929577464,0.5303030303030303,0.7613636363636364,0.6896551724137931,0.6245695592286501,0.7600859069160504,,6bdb1f777147.yaml,cf305a75c126,16,1,1,True,euler,16.0625,5.53515625,22.140625,4.0,20.0625,False,False,False
1,mean,knn_clustered_16,perentile_same_machie_99.5,3.382852007608063,1.0,0.5265151515151515,0.7632575757575758,0.6898263027295285,0.6245695592286501,0.7600859069160504,,6bdb1f777147.yaml,cf305a75c126,16,1,1,True,euler,16.0625,5.53515625,22.140625,4.0,20.0625,False,False,False
1,mean,knn_clustered_16,evt_p95_equiv,3.092116943532368,0.9056603773584906,0.5454545454545454,0.7443181818181818,0.6808510638297872,0.6245695592286501,0.7600859069160504,,6bdb1f777147.yaml,cf305a75c126,16,1,1,True,euler,16.0625,5.53515625,22.140625,4.0,20.0625,False,False,False
1,mean,knn_clustered_16,parametric_p95_equiv,3.084356266768705,0.9056603773584906,0.5454545454545454,0.7443181818181818,0.6808510638297872,0.6245695592286501,0.7600859069160504,,6bdb1f777147.yaml,cf305a75c126,16,1,1,True,euler,16.0625,5.53515625,22.140625,4.0,20.0625,False,False,False
1,mean,knn_clustered_16,kde_p95_equiv,3.108998345158375,0.9411764705882352,0.5454545454545454,0.7556818181818182,0.6906474820143885,0.6245695592286501,0.7600859069160504,,6bdb1f777147.yaml,cf305a75c126,16,1,1,True,euler,16.0625,5.53515625,22.140625,4.0,20.0625,False,False,False
1,mean,knn_clustered_16,evt_p99_equiv,3.295748270351889,0.986206896551724,0.5416666666666666,0.7670454545454546,0.6992665036674817,0.6245695592286501,0.7600859069160504,,6bdb1f777147.yaml,cf305a75c126,16,1,1,True,euler,16.0625,5.53515625,22.140625,4.0,20.0625,False,False,False
1,mean,knn_clustered_16,parametric_p99_equiv,3.243792325797212,0.9794520547945206,0.5416666666666666,0.7651515151515151,0.697560975609756,0.6245695592286501,0.7600859069160504,,6bdb1f777147.yaml,cf305a75c126,16,1,1,True,euler,16.0625,5.53515625,22.140625,4.0,20.0625,False,False,False
1,mean,knn_clustered_16,kde_p99_equiv,3.339924433996575,0.9929078014184396,0.5303030303030303,0.7632575757575758,0.691358024691358,0.6245695592286501,0.7600859069160504,,6bdb1f777147.yaml,cf305a75c126,16,1,1,True,euler,16.0625,5.53515625,22.140625,4.0,20.0625,False,False,False
1,mean,knn_clustered_16,evt_p999_equiv,3.503633048602007,1.0,0.5037878787878788,0.7518939393939394,0.6700251889168766,0.6245695592286501,0.7600859069160504,,6bdb1f777147.yaml,cf305a75c126,16,1,1,True,euler,16.0625,5.53515625,22.140625,4.0,20.0625,False,False,False
1,mean,knn_clustered_16,parametric_p999_equiv,3.4016769803785487,1.0,0.5151515151515151,0.7575757575757576,0.68,0.6245695592286501,0.7600859069160504,,6bdb1f777147.yaml,cf305a75c126,16,1,1,True,euler,16.0625,5.53515625,22.140625,4.0,20.0625,False,False,False
1,mean,knn_clustered_16,kde_p999_equiv,3.533461120776411,1.0,0.5,0.75,0.6666666666666666,0.6245695592286501,0.7600859069160504,,6bdb1f777147.yaml,cf305a75c126,16,1,1,True,euler,16.0625,5.53515625,22.140625,4.0,20.0625,False,False,False
1,mean,knn_clustered_16,mad,3.662139236924446,1.0,0.4507575757575757,0.7253787878787878,0.6214099216710183,0.6245695592286501,0.7600859069160504,,6bdb1f777147.yaml,cf305a75c126,16,1,1,True,euler,16.0625,5.53515625,22.140625,4.0,20.0625,False,False,False
1,mean,knn_clustered_16,iqr,4.108160247537954,1.0,0.2689393939393939,0.634469696969697,0.4238805970149253,0.6245695592286501,0.7600859069160504,,6bdb1f777147.yaml,cf305a75c126,16,1,1,True,euler,16.0625,5.53515625,22.140625,4.0,20.0625,False,False,False
1,mean,knn_clustered_16,perentile_same_machie_95.0,1.411864537027421,0.9408602150537636,0.6628787878787878,0.8106060606060606,0.7777777777777778,0.8480974517906337,0.8131736020492002,,2e2427afcb6d.yaml,05c01bd0dcff,16,1,1,False,zoh,13.59375,5.5,22.0,4.0,17.59375,False,False,False
1,mean,knn_clustered_16,perentile_same_machie_99.0,1.82903230306183,0.9763779527559056,0.4696969696969697,0.7291666666666666,0.6342710997442456,0.8480974517906337,0.8131736020492002,,2e2427afcb6d.yaml,05c01bd0dcff,16,1,1,False,zoh,13.59375,5.5,22.0,4.0,17.59375,False,False,False
1,mean,knn_clustered_16,perentile_same_machie_99.5,1.946948425461195,0.981981981981982,0.4128787878787879,0.7026515151515151,0.5813333333333334,0.8480974517906337,0.8131736020492002,,2e2427afcb6d.yaml,05c01bd0dcff,16,1,1,False,zoh,13.59375,5.5,22.0,4.0,17.59375,False,False,False
1,mean,knn_clustered_16,evt_p95_equiv,1.429567802434202,0.9405405405405406,0.6590909090909091,0.8087121212121212,0.7750556792873051,0.8480974517906337,0.8131736020492002,,2e2427afcb6d.yaml,05c01bd0dcff,16,1,1,False,zoh,13.59375,5.5,22.0,4.0,17.59375,False,False,False
1,mean,knn_clustered_16,parametric_p95_equiv,1.4930542405604572,0.9649122807017544,0.625,0.8011363636363636,0.7586206896551724,0.8480974517906337,0.8131736020492002,,2e2427afcb6d.yaml,05c01bd0dcff,16,1,1,False,zoh,13.59375,5.5,22.0,4.0,17.59375,False,False,False
1,mean,knn_clustered_16,kde_p95_equiv,1.430725337784408,0.9405405405405406,0.6590909090909091,0.8087121212121212,0.7750556792873051,0.8480974517906337,0.8131736020492002,,2e2427afcb6d.yaml,05c01bd0dcff,16,1,1,False,zoh,13.59375,5.5,22.0,4.0,17.59375,False,False,False
1,mean,knn_clustered_16,evt_p99_equiv,1.763258713589848,0.9779411764705882,0.5037878787878788,0.7462121212121212,0.665,0.8480974517906337,0.8131736020492002,,2e2427afcb6d.yaml,05c01bd0dcff,16,1,1,False,zoh,13.59375,5.5,22.0,4.0,17.59375,False,False,False
1,mean,knn_clustered_16,parametric_p99_equiv,1.6170839838046005,0.9807692307692308,0.5795454545454546,0.7840909090909091,0.7285714285714285,0.8480974517906337,0.8131736020492002,,2e2427afcb6d.yaml,05c01bd0dcff,16,1,1,False,zoh,13.59375,5.5,22.0,4.0,17.59375,False,False,False
1,mean,knn_clustered_16,kde_p99_equiv,1.837175673150188,0.9761904761904762,0.4659090909090909,0.7272727272727273,0.6307692307692307,0.8480974517906337,0.8131736020492002,,2e2427afcb6d.yaml,05c01bd0dcff,16,1,1,False,zoh,13.59375,5.5,22.0,4.0,17.59375,False,False,False
1,mean,knn_clustered_16,evt_p999_equiv,2.497651990310649,1.0,0.1704545454545454,0.5852272727272727,0.2912621359223301,0.8480974517906337,0.8131736020492002,,2e2427afcb6d.yaml,05c01bd0dcff,16,1,1,False,zoh,13.59375,5.5,22.0,4.0,17.59375,False,False,False
1,mean,knn_clustered_16,parametric_p999_equiv,1.7434632648013937,0.9782608695652174,0.5113636363636364,0.75,0.6716417910447762,0.8480974517906337,0.8131736020492002,,2e2427afcb6d.yaml,05c01bd0dcff,16,1,1,False,zoh,13.59375,5.5,22.0,4.0,17.59375,False,False,False
1,mean,knn_clustered_16,kde_p999_equiv,2.2301049804514586,1.0,0.1931818181818181,0.5965909090909091,0.3238095238095238,0.8480974517906337,0.8131736020492002,,2e2427afcb6d.yaml,05c01bd0dcff,16,1,1,False,zoh,13.59375,5.5,22.0,4.0,17.59375,False,False,False
1,mean,knn_clustered_16,mad,1.53155061999143,0.9695121951219512,0.6022727272727273,0.7916666666666666,0.7429906542056075,0.8480974517906337,0.8131736020492002,,2e2427afcb6d.yaml,05c01bd0dcff,16,1,1,False,zoh,13.59375,5.5,22.0,4.0,17.59375,False,False,False
1,mean,knn_clustered_16,iqr,1.7134749803975722,0.9788732394366196,0.5265151515151515,0.7575757575757576,0.6847290640394089,0.8480974517906337,0.8131736020492002,,2e2427afcb6d.yaml,05c01bd0dcff,16,1,1,False,zoh,13.59375,5.5,22.0,4.0,17.59375,False,False,False
1,mean,knn_clustered_16,perentile_same_machie_95.0,2.047655911147486,0.9244186046511628,0.6022727272727273,0.7765151515151515,0.7293577981651376,0.7246183425160697,0.7879965927214732,,c08b62a11771.yaml,a4cab7f2fe52,16,1,1,False,euler,13.59375,5.5,22.0,4.0,17.59375,False,False,False
1,mean,knn_clustered_16,perentile_same_machie_99.0,2.1534266120674084,0.986842105263158,0.5681818181818182,0.7803030303030303,0.7211538461538461,0.7246183425160697,0.7879965927214732,,c08b62a11771.yaml,a4cab7f2fe52,16,1,1,False,euler,13.59375,5.5,22.0,4.0,17.59375,False,False,False
1,mean,knn_clustered_16,perentile_same_machie_99.5,2.329092595777692,0.9924242424242424,0.4962121212121212,0.7462121212121212,0.6616161616161617,0.7246183425160697,0.7879965927214732,,c08b62a11771.yaml,a4cab7f2fe52,16,1,1,False,euler,13.59375,5.5,22.0,4.0,17.59375,False,False,False
1,mean,knn_clustered_16,evt_p95_equiv,2.0466558638079806,0.9244186046511628,0.6022727272727273,0.7765151515151515,0.7293577981651376,0.7246183425160697,0.7879965927214732,,c08b62a11771.yaml,a4cab7f2fe52,16,1,1,False,euler,13.59375,5.5,22.0,4.0,17.59375,False,False,False
1,mean,knn_clustered_16,parametric_p95_equiv,2.110022508598043,0.9691358024691358,0.5946969696969697,0.7878787878787878,0.7370892018779343,0.7246183425160697,0.7879965927214732,,c08b62a11771.yaml,a4cab7f2fe52,16,1,1,False,euler,13.59375,5.5,22.0,4.0,17.59375,False,False,False
1,mean,knn_clustered_16,kde_p95_equiv,2.0678311425448714,0.9352941176470588,0.6022727272727273,0.7803030303030303,0.7327188940092166,0.7246183425160697,0.7879965927214732,,c08b62a11771.yaml,a4cab7f2fe52,16,1,1,False,euler,13.59375,5.5,22.0,4.0,17.59375,False,False,False
1,mean,knn_clustered_16,evt_p99_equiv,2.192680387481048,0.986206896551724,0.5416666666666666,0.7670454545454546,0.6992665036674817,0.7246183425160697,0.7879965927214732,,c08b62a11771.yaml,a4cab7f2fe52,16,1,1,False,euler,13.59375,5.5,22.0,4.0,17.59375,False,False,False
1,mean,knn_clustered_16,parametric_p99_equiv,2.209356960766274,0.9859154929577464,0.5303030303030303,0.7613636363636364,0.6896551724137931,0.7246183425160697,0.7879965927214732,,c08b62a11771.yaml,a4cab7f2fe52,16,1,1,False,euler,13.59375,5.5,22.0,4.0,17.59375,False,False,False
1,mean,knn_clustered_16,kde_p99_equiv,2.193013750295615,0.986206896551724,0.5416666666666666,0.7670454545454546,0.6992665036674817,0.7246183425160697,0.7879965927214732,,c08b62a11771.yaml,a4cab7f2fe52,16,1,1,False,euler,13.59375,5.5,22.0,4.0,17.59375,False,False,False
1,mean,knn_clustered_16,evt_p999_equiv,2.578320365360607,1.0,0.4583333333333333,0.7291666666666666,0.6285714285714286,0.7246183425160697,0.7879965927214732,,c08b62a11771.yaml,a4cab7f2fe52,16,1,1,False,euler,13.59375,5.5,22.0,4.0,17.59375,False,False,False
1,mean,knn_clustered_16,parametric_p999_equiv,2.307305706771446,0.9850746268656716,0.5,0.7462121212121212,0.6633165829145728,0.7246183425160697,0.7879965927214732,,c08b62a11771.yaml,a4cab7f2fe52,16,1,1,False,euler,13.59375,5.5,22.0,4.0,17.59375,False,False,False
1,mean,knn_clustered_16,kde_p999_equiv,2.715283432556231,1.0,0.3598484848484848,0.6799242424242424,0.5292479108635098,0.7246183425160697,0.7879965927214732,,c08b62a11771.yaml,a4cab7f2fe52,16,1,1,False,euler,13.59375,5.5,22.0,4.0,17.59375,False,False,False
1,mean,knn_clustered_16,mad,2.403723659602476,1.0,0.4924242424242424,0.7462121212121212,0.6598984771573604,0.7246183425160697,0.7879965927214732,,c08b62a11771.yaml,a4cab7f2fe52,16,1,1,False,euler,13.59375,5.5,22.0,4.0,17.59375,False,False,False
1,mean,knn_clustered_16,iqr,2.6105205011598147,1.0,0.4356060606060606,0.7178030303030303,0.6068601583113457,0.7246183425160697,0.7879965927214732,,c08b62a11771.yaml,a4cab7f2fe52,16,1,1,False,euler,13.59375,5.5,22.0,4.0,17.59375,False,False,False
1,mean,knn_clustered_16,perentile_same_machie_95.0,1.2577438231653255,0.9570815450643776,0.8446969696969697,0.9034090909090908,0.89738430583501,0.9092917814508724,0.9145310763133728,,882f1bbbb7cd.yaml,53d656a091fd,8,4,2,True,zoh,115.8125,10.01953125,40.078125,4.0,119.8125,False,False,False
1,mean,knn_clustered_16,perentile_same_machie_99.0,1.4714574986177429,0.989247311827957,0.696969696969697,0.8446969696969697,0.8177777777777778,0.9092917814508724,0.9145310763133728,,882f1bbbb7cd.yaml,53d656a091fd,8,4,2,True,zoh,115.8125,10.01953125,40.078125,4.0,119.8125,False,False,False
1,mean,knn_clustered_16,perentile_same_machie_99.5,1.508939144849286,0.9943181818181818,0.6628787878787878,0.8295454545454546,0.7954545454545454,0.9092917814508724,0.9145310763133728,,882f1bbbb7cd.yaml,53d656a091fd,8,4,2,True,zoh,115.8125,10.01953125,40.078125,4.0,119.8125,False,False,False
1,mean,knn_clustered_16,evt_p95_equiv,1.265980593899291,0.956896551724138,0.8409090909090909,0.9015151515151516,0.8951612903225806,0.9092917814508724,0.9145310763133728,,882f1bbbb7cd.yaml,53d656a091fd,8,4,2,True,zoh,115.8125,10.01953125,40.078125,4.0,119.8125,False,False,False
1,mean,knn_clustered_16,parametric_p95_equiv,1.2868048993490635,0.9732142857142856,0.8257575757575758,0.9015151515151516,0.8934426229508197,0.9092917814508724,0.9145310763133728,,882f1bbbb7cd.yaml,53d656a091fd,8,4,2,True,zoh,115.8125,10.01953125,40.078125,4.0,119.8125,False,False,False
1,mean,knn_clustered_16,kde_p95_equiv,1.265061037137064,0.9570815450643776,0.8446969696969697,0.9034090909090908,0.89738430583501,0.9092917814508724,0.9145310763133728,,882f1bbbb7cd.yaml,53d656a091fd,8,4,2,True,zoh,115.8125,10.01953125,40.078125,4.0,119.8125,False,False,False
1,mean,knn_clustered_16,evt_p99_equiv,1.4218759816453783,0.98989898989899,0.7424242424242424,0.8674242424242424,0.8484848484848485,0.9092917814508724,0.9145310763133728,,882f1bbbb7cd.yaml,53d656a091fd,8,4,2,True,zoh,115.8125,10.01953125,40.078125,4.0,119.8125,False,False,False
1,mean,knn_clustered_16,parametric_p99_equiv,1.3504905529123838,0.9808612440191388,0.7765151515151515,0.8806818181818182,0.8668076109936576,0.9092917814508724,0.9145310763133728,,882f1bbbb7cd.yaml,53d656a091fd,8,4,2,True,zoh,115.8125,10.01953125,40.078125,4.0,119.8125,False,False,False
1,mean,knn_clustered_16,kde_p99_equiv,1.4706616701165016,0.9893048128342246,0.7007575757575758,0.8465909090909091,0.8203991130820399,0.9092917814508724,0.9145310763133728,,882f1bbbb7cd.yaml,53d656a091fd,8,4,2,True,zoh,115.8125,10.01953125,40.078125,4.0,119.8125,False,False,False
1,mean,knn_clustered_16,evt_p999_equiv,1.6852154747095416,1.0,0.4772727272727273,0.7386363636363636,0.6461538461538462,0.9092917814508724,0.9145310763133728,,882f1bbbb7cd.yaml,53d656a091fd,8,4,2,True,zoh,115.8125,10.01953125,40.078125,4.0,119.8125,False,False,False
1,mean,knn_clustered_16,parametric_p999_equiv,1.4134283701618997,0.9899497487437184,0.7462121212121212,0.8693181818181818,0.8509719222462203,0.9092917814508724,0.9145310763133728,,882f1bbbb7cd.yaml,53d656a091fd,8,4,2,True,zoh,115.8125,10.01953125,40.078125,4.0,119.8125,False,False,False
1,mean,knn_clustered_16,kde_p999_equiv,1.556757403601171,1.0,0.6060606060606061,0.803030303030303,0.7547169811320755,0.9092917814508724,0.9145310763133728,,882f1bbbb7cd.yaml,53d656a091fd,8,4,2,True,zoh,115.8125,10.01953125,40.078125,4.0,119.8125,False,False,False
1,mean,knn_clustered_16,mad,1.2752179113524806,0.965065502183406,0.8371212121212122,0.9034090909090908,0.896551724137931,0.9092917814508724,0.9145310763133728,,882f1bbbb7cd.yaml,53d656a091fd,8,4,2,True,zoh,115.8125,10.01953125,40.078125,4.0,119.8125,False,False,False
1,mean,knn_clustered_16,iqr,1.3414332077882314,0.981132075471698,0.7878787878787878,0.8863636363636364,0.8739495798319328,0.9092917814508724,0.9145310763133728,,882f1bbbb7cd.yaml,53d656a091fd,8,4,2,True,zoh,115.8125,10.01953125,40.078125,4.0,119.8125,False,False,False
1,mean,knn_clustered_16,perentile_same_machie_95.0,1.3562451427820743,0.938095238095238,0.7462121212121212,0.8484848484848485,0.8312236286919831,0.8600350091827366,0.8406009859359141,,b7fa91c2de83.yaml,8c7571539ddc,8,4,2,True,euler,115.8125,10.01953125,40.078125,4.0,119.8125,False,False,False
1,mean,knn_clustered_16,perentile_same_machie_99.0,2.0026742068289107,0.9891304347826086,0.3446969696969697,0.6704545454545454,0.5112359550561798,0.8600350091827366,0.8406009859359141,,b7fa91c2de83.yaml,8c7571539ddc,8,4,2,True,euler,115.8125,10.01953125,40.078125,4.0,119.8125,False,False,False
1,mean,knn_clustered_16,perentile_same_machie_99.5,2.088195686854259,0.9866666666666668,0.2803030303030303,0.6382575757575758,0.4365781710914454,0.8600350091827366,0.8406009859359141,,b7fa91c2de83.yaml,8c7571539ddc,8,4,2,True,euler,115.8125,10.01953125,40.078125,4.0,119.8125,False,False,False
1,mean,knn_clustered_16,evt_p95_equiv,1.355998271242316,0.938095238095238,0.7462121212121212,0.8484848484848485,0.8312236286919831,0.8600350091827366,0.8406009859359141,,b7fa91c2de83.yaml,8c7571539ddc,8,4,2,True,euler,115.8125,10.01953125,40.078125,4.0,119.8125,False,False,False
1,mean,knn_clustered_16,parametric_p95_equiv,1.4994124015529846,0.9748427672955976,0.5871212121212122,0.7859848484848485,0.7328605200945626,0.8600350091827366,0.8406009859359141,,b7fa91c2de83.yaml,8c7571539ddc,8,4,2,True,euler,115.8125,10.01953125,40.078125,4.0,119.8125,False,False,False
1,mean,knn_clustered_16,kde_p95_equiv,1.3685057032619952,0.9368932038834952,0.7310606060606061,0.8409090909090909,0.8212765957446808,0.8600350091827366,0.8406009859359141,,b7fa91c2de83.yaml,8c7571539ddc,8,4,2,True,euler,115.8125,10.01953125,40.078125,4.0,119.8125,False,False,False
1,mean,knn_clustered_16,evt_p99_equiv,1.7235009630839015,0.9770992366412212,0.4848484848484848,0.7367424242424242,0.6481012658227848,0.8600350091827366,0.8406009859359141,,b7fa91c2de83.yaml,8c7571539ddc,8,4,2,True,euler,115.8125,10.01953125,40.078125,4.0,119.8125,False,False,False
1,mean,knn_clustered_16,parametric_p99_equiv,1.6419736507317009,0.9784172661870504,0.5151515151515151,0.7518939393939394,0.674937965260546,0.8600350091827366,0.8406009859359141,,b7fa91c2de83.yaml,8c7571539ddc,8,4,2,True,euler,115.8125,10.01953125,40.078125,4.0,119.8125,False,False,False
1,mean,knn_clustered_16,kde_p99_equiv,1.9944648185601868,0.989247311827957,0.3484848484848485,0.6723484848484849,0.5154061624649859,0.8600350091827366,0.8406009859359141,,b7fa91c2de83.yaml,8c7571539ddc,8,4,2,True,euler,115.8125,10.01953125,40.078125,4.0,119.8125,False,False,False
1,mean,knn_clustered_16,evt_p999_equiv,4.432683814783713,0.0,0.0,0.5,0.0,0.8600350091827366,0.8406009859359141,,b7fa91c2de83.yaml,8c7571539ddc,8,4,2,True,euler,115.8125,10.01953125,40.078125,4.0,119.8125,True,False,True
1,mean,knn_clustered_16,parametric_p999_equiv,1.8057351639689905,0.9818181818181818,0.4090909090909091,0.7007575757575758,0.5775401069518716,0.8600350091827366,0.8406009859359141,,b7fa91c2de83.yaml,8c7571539ddc,8,4,2,True,euler,115.8125,10.01953125,40.078125,4.0,119.8125,False,False,False
1,mean,knn_clustered_16,kde_p999_equiv,2.176467772934524,1.0,0.2272727272727272,0.6136363636363636,0.3703703703703703,0.8600350091827366,0.8406009859359141,,b7fa91c2de83.yaml,8c7571539ddc,8,4,2,True,euler,115.8125,10.01953125,40.078125,4.0,119.8125,False,False,False
1,mean,knn_clustered_16,mad,1.4774054109754844,0.975,0.5909090909090909,0.7878787878787878,0.7358490566037735,0.8600350091827366,0.8406009859359141,,b7fa91c2de83.yaml,8c7571539ddc,8,4,2,True,euler,115.8125,10.01953125,40.078125,4.0,119.8125,False,False,False
1,mean,knn_clustered_16,iqr,1.5858777844219811,0.9726027397260274,0.5378787878787878,0.7613636363636364,0.6926829268292682,0.8600350091827366,0.8406009859359141,,b7fa91c2de83.yaml,8c7571539ddc,8,4,2,True,euler,115.8125,10.01953125,40.078125,4.0,119.8125,False,False,False
1,mean,knn_clustered_16,perentile_same_machie_95.0,1.788500600876313,0.9352941176470588,0.6022727272727273,0.7803030303030303,0.7327188940092166,0.7795856290174472,0.7896881494369532,,489f94bd9fcd.yaml,a44c4b500d74,8,4,2,False,zoh,103.875,10.0,40.0,4.0,107.875,False,False,False
1,mean,knn_clustered_16,perentile_same_machie_99.0,1.9567177145643548,0.9765625,0.4734848484848485,0.7310606060606061,0.6377551020408163,0.7795856290174472,0.7896881494369532,,489f94bd9fcd.yaml,a44c4b500d74,8,4,2,False,zoh,103.875,10.0,40.0,4.0,107.875,False,False,False
1,mean,knn_clustered_16,perentile_same_machie_99.5,2.0249065978103675,0.992,0.4696969696969697,0.7329545454545454,0.6375321336760925,0.7795856290174472,0.7896881494369532,,489f94bd9fcd.yaml,a44c4b500d74,8,4,2,False,zoh,103.875,10.0,40.0,4.0,107.875,False,False,False
1,mean,knn_clustered_16,evt_p95_equiv,1.788084981941935,0.935672514619883,0.6060606060606061,0.7821969696969697,0.735632183908046,0.7795856290174472,0.7896881494369532,,489f94bd9fcd.yaml,a44c4b500d74,8,4,2,False,zoh,103.875,10.0,40.0,4.0,107.875,False,False,False
1,mean,knn_clustered_16,parametric_p95_equiv,1.8100736571192653,0.9454545454545454,0.5909090909090909,0.7784090909090909,0.7272727272727273,0.7795856290174472,0.7896881494369532,,489f94bd9fcd.yaml,a44c4b500d74,8,4,2,False,zoh,103.875,10.0,40.0,4.0,107.875,False,False,False
1,mean,knn_clustered_16,kde_p95_equiv,1.795470519020171,0.9349112426035504,0.5984848484848485,0.7784090909090909,0.7297921478060047,0.7795856290174472,0.7896881494369532,,489f94bd9fcd.yaml,a44c4b500d74,8,4,2,False,zoh,103.875,10.0,40.0,4.0,107.875,False,False,False
1,mean,knn_clustered_16,evt_p99_equiv,1.943209782101644,0.9769230769230768,0.4810606060606061,0.7348484848484849,0.6446700507614214,0.7795856290174472,0.7896881494369532,,489f94bd9fcd.yaml,a44c4b500d74,8,4,2,False,zoh,103.875,10.0,40.0,4.0,107.875,False,False,False
1,mean,knn_clustered_16,parametric_p99_equiv,1.8999487604810448,0.9716312056737588,0.5189393939393939,0.7518939393939394,0.6765432098765433,0.7795856290174472,0.7896881494369532,,489f94bd9fcd.yaml,a44c4b500d74,8,4,2,False,zoh,103.875,10.0,40.0,4.0,107.875,False,False,False
1,mean,knn_clustered_16,kde_p99_equiv,1.973058649733048,0.9765625,0.4734848484848485,0.7310606060606061,0.6377551020408163,0.7795856290174472,0.7896881494369532,,489f94bd9fcd.yaml,a44c4b500d74,8,4,2,False,zoh,103.875,10.0,40.0,4.0,107.875,False,False,False
1,mean,knn_clustered_16,evt_p999_equiv,2.102801205773621,1.0,0.4659090909090909,0.7329545454545454,0.6356589147286822,0.7795856290174472,0.7896881494369532,,489f94bd9fcd.yaml,a44c4b500d74,8,4,2,False,zoh,103.875,10.0,40.0,4.0,107.875,False,False,False
1,mean,knn_clustered_16,parametric_p999_equiv,1.9887817608956613,0.9765625,0.4734848484848485,0.7310606060606061,0.6377551020408163,0.7795856290174472,0.7896881494369532,,489f94bd9fcd.yaml,a44c4b500d74,8,4,2,False,zoh,103.875,10.0,40.0,4.0,107.875,False,False,False
1,mean,knn_clustered_16,kde_p999_equiv,2.1081745260479785,1.0,0.4659090909090909,0.7329545454545454,0.6356589147286822,0.7795856290174472,0.7896881494369532,,489f94bd9fcd.yaml,a44c4b500d74,8,4,2,False,zoh,103.875,10.0,40.0,4.0,107.875,False,False,False
1,mean,knn_clustered_16,mad,1.9384957352551613,0.9770992366412212,0.4848484848484848,0.7367424242424242,0.6481012658227848,0.7795856290174472,0.7896881494369532,,489f94bd9fcd.yaml,a44c4b500d74,8,4,2,False,zoh,103.875,10.0,40.0,4.0,107.875,False,False,False
1,mean,knn_clustered_16,iqr,2.068211802507279,1.0,0.4696969696969697,0.7348484848484849,0.6391752577319587,0.7795856290174472,0.7896881494369532,,489f94bd9fcd.yaml,a44c4b500d74,8,4,2,False,zoh,103.875,10.0,40.0,4.0,107.875,False,False,False
1,mean,knn_clustered_16,perentile_same_machie_95.0,1.6295088706478087,0.917391304347826,0.7992424242424242,0.8636363636363636,0.854251012145749,0.8681129476584022,0.8777397177516795,,c76270425c9e.yaml,319c77ff2fe8,8,4,2,False,euler,103.875,10.0,40.0,4.0,107.875,False,False,False
1,mean,knn_clustered_16,perentile_same_machie_99.0,1.8612256655608297,0.9883040935672516,0.6401515151515151,0.8162878787878788,0.7770114942528735,0.8681129476584022,0.8777397177516795,,c76270425c9e.yaml,319c77ff2fe8,8,4,2,False,euler,103.875,10.0,40.0,4.0,107.875,False,False,False
1,mean,knn_clustered_16,perentile_same_machie_99.5,1.8952383267331645,0.9940476190476192,0.6325757575757576,0.8143939393939394,0.7731481481481481,0.8681129476584022,0.8777397177516795,,c76270425c9e.yaml,319c77ff2fe8,8,4,2,False,euler,103.875,10.0,40.0,4.0,107.875,False,False,False
1,mean,knn_clustered_16,evt_p95_equiv,1.636411904856727,0.9377777777777778,0.7992424242424242,0.8731060606060606,0.8629856850715747,0.8681129476584022,0.8777397177516795,,c76270425c9e.yaml,319c77ff2fe8,8,4,2,False,euler,103.875,10.0,40.0,4.0,107.875,False,False,False
1,mean,knn_clustered_16,parametric_p95_equiv,1.6737787865841045,0.9674418604651164,0.7878787878787878,0.8806818181818182,0.8684759916492694,0.8681129476584022,0.8777397177516795,,c76270425c9e.yaml,319c77ff2fe8,8,4,2,False,euler,103.875,10.0,40.0,4.0,107.875,False,False,False
1,mean,knn_clustered_16,kde_p95_equiv,1.6498677427407704,0.9457013574660632,0.7916666666666666,0.8731060606060606,0.8618556701030928,0.8681129476584022,0.8777397177516795,,c76270425c9e.yaml,319c77ff2fe8,8,4,2,False,euler,103.875,10.0,40.0,4.0,107.875,False,False,False
1,mean,knn_clustered_16,evt_p99_equiv,1.8019115860316977,0.9837837837837838,0.6893939393939394,0.8390151515151515,0.8106904231625836,0.8681129476584022,0.8777397177516795,,c76270425c9e.yaml,319c77ff2fe8,8,4,2,False,euler,103.875,10.0,40.0,4.0,107.875,False,False,False
1,mean,knn_clustered_16,parametric_p99_equiv,1.7594886701581391,0.9791666666666666,0.7121212121212122,0.8484848484848485,0.8245614035087719,0.8681129476584022,0.8777397177516795,,c76270425c9e.yaml,319c77ff2fe8,8,4,2,False,euler,103.875,10.0,40.0,4.0,107.875,False,False,False
1,mean,knn_clustered_16,kde_p99_equiv,1.847487084936865,0.9826589595375722,0.6439393939393939,0.8162878787878788,0.7780320366132724,0.8681129476584022,0.8777397177516795,,c76270425c9e.yaml,319c77ff2fe8,8,4,2,False,euler,103.875,10.0,40.0,4.0,107.875,False,False,False
1,mean,knn_clustered_16,evt_p999_equiv,2.247966126447953,1.0,0.5075757575757576,0.7537878787878788,0.6733668341708543,0.8681129476584022,0.8777397177516795,,c76270425c9e.yaml,319c77ff2fe8,8,4,2,False,euler,103.875,10.0,40.0,4.0,107.875,False,False,False
1,mean,knn_clustered_16,parametric_p999_equiv,1.8443265847621348,0.9827586206896552,0.6477272727272727,0.8181818181818182,0.7808219178082192,0.8681129476584022,0.8777397177516795,,c76270425c9e.yaml,319c77ff2fe8,8,4,2,False,euler,103.875,10.0,40.0,4.0,107.875,False,False,False
1,mean,knn_clustered_16,kde_p999_equiv,2.07414140000246,1.0,0.5378787878787878,0.7689393939393939,0.6995073891625616,0.8681129476584022,0.8777397177516795,,c76270425c9e.yaml,319c77ff2fe8,8,4,2,False,euler,103.875,10.0,40.0,4.0,107.875,False,False,False
1,mean,knn_clustered_16,mad,1.8575747942319487,0.9825581395348836,0.6401515151515151,0.8143939393939394,0.7752293577981652,0.8681129476584022,0.8777397177516795,,c76270425c9e.yaml,319c77ff2fe8,8,4,2,False,euler,103.875,10.0,40.0,4.0,107.875,False,False,False
1,mean,knn_clustered_16,iqr,2.062141534276967,1.0,0.5416666666666666,0.7708333333333334,0.7027027027027027,0.8681129476584022,0.8777397177516795,,c76270425c9e.yaml,319c77ff2fe8,8,4,2,False,euler,103.875,10.0,40.0,4.0,107.875,False,False,False
1,mean,knn_clustered_16,perentile_same_machie_95.0,1.3867332578742466,0.9659574468085106,0.8598484848484849,0.9147727272727272,0.9098196392785572,0.9139261937557392,0.9212066840655356,,b257164b50d8.yaml,adaafd0734ff,8,4,1,True,zoh,58.0625,5.08203125,20.328125,4.0,62.0625,False,False,False
1,mean,knn_clustered_16,perentile_same_machie_99.0,1.6079870442129922,0.9897959183673468,0.7348484848484849,0.8636363636363636,0.8434782608695652,0.9139261937557392,0.9212066840655356,,b257164b50d8.yaml,adaafd0734ff,8,4,1,True,zoh,58.0625,5.08203125,20.328125,4.0,62.0625,False,False,False
1,mean,knn_clustered_16,perentile_same_machie_99.5,1.6390154198014928,0.9895833333333334,0.7196969696969697,0.8560606060606061,0.8333333333333334,0.9139261937557392,0.9212066840655356,,b257164b50d8.yaml,adaafd0734ff,8,4,1,True,zoh,58.0625,5.08203125,20.328125,4.0,62.0625,False,False,False
1,mean,knn_clustered_16,evt_p95_equiv,1.3987562125869413,0.9699570815450644,0.8560606060606061,0.9147727272727272,0.909456740442656,0.9139261937557392,0.9212066840655356,,b257164b50d8.yaml,adaafd0734ff,8,4,1,True,zoh,58.0625,5.08203125,20.328125,4.0,62.0625,False,False,False
1,mean,knn_clustered_16,parametric_p95_equiv,1.4264157408942866,0.9781659388646288,0.8484848484848485,0.9147727272727272,0.9087221095334684,0.9139261937557392,0.9212066840655356,,b257164b50d8.yaml,adaafd0734ff,8,4,1,True,zoh,58.0625,5.08203125,20.328125,4.0,62.0625,False,False,False
1,mean,knn_clustered_16,kde_p95_equiv,1.4009702015585923,0.9741379310344828,0.8560606060606061,0.9166666666666666,0.9112903225806452,0.9139261937557392,0.9212066840655356,,b257164b50d8.yaml,adaafd0734ff,8,4,1,True,zoh,58.0625,5.08203125,20.328125,4.0,62.0625,False,False,False
1,mean,knn_clustered_16,evt_p99_equiv,1.558595706890739,0.99,0.75,0.8712121212121212,0.853448275862069,0.9139261937557392,0.9212066840655356,,b257164b50d8.yaml,adaafd0734ff,8,4,1,True,zoh,58.0625,5.08203125,20.328125,4.0,62.0625,False,False,False
1,mean,knn_clustered_16,parametric_p99_equiv,1.5021302753921748,0.9859154929577464,0.7954545454545454,0.8920454545454546,0.8805031446540881,0.9139261937557392,0.9212066840655356,,b257164b50d8.yaml,adaafd0734ff,8,4,1,True,zoh,58.0625,5.08203125,20.328125,4.0,62.0625,False,False,False
1,mean,knn_clustered_16,kde_p99_equiv,1.605315528502118,0.9897959183673468,0.7348484848484849,0.8636363636363636,0.8434782608695652,0.9139261937557392,0.9212066840655356,,b257164b50d8.yaml,adaafd0734ff,8,4,1,True,zoh,58.0625,5.08203125,20.328125,4.0,62.0625,False,False,False
1,mean,knn_clustered_16,evt_p999_equiv,1.81607504863176,1.0,0.5037878787878788,0.7518939393939394,0.6700251889168766,0.9139261937557392,0.9212066840655356,,b257164b50d8.yaml,adaafd0734ff,8,4,1,True,zoh,58.0625,5.08203125,20.328125,4.0,62.0625,False,False,False
1,mean,knn_clustered_16,parametric_p999_equiv,1.5772041771279277,0.9899497487437184,0.7462121212121212,0.8693181818181818,0.8509719222462203,0.9139261937557392,0.9212066840655356,,b257164b50d8.yaml,adaafd0734ff,8,4,1,True,zoh,58.0625,5.08203125,20.328125,4.0,62.0625,False,False,False
1,mean,knn_clustered_16,kde_p999_equiv,1.7166043181386874,1.0,0.6553030303030303,0.8276515151515151,0.7917620137299771,0.9139261937557392,0.9212066840655356,,b257164b50d8.yaml,adaafd0734ff,8,4,1,True,zoh,58.0625,5.08203125,20.328125,4.0,62.0625,False,False,False
1,mean,knn_clustered_16,mad,1.5964553620044606,0.9898477157360406,0.7386363636363636,0.865530303030303,0.8459869848156182,0.9139261937557392,0.9212066840655356,,b257164b50d8.yaml,adaafd0734ff,8,4,1,True,zoh,58.0625,5.08203125,20.328125,4.0,62.0625,False,False,False
1,mean,knn_clustered_16,iqr,1.7202584477125749,1.0,0.6515151515151515,0.8257575757575758,0.7889908256880734,0.9139261937557392,0.9212066840655356,,b257164b50d8.yaml,adaafd0734ff,8,4,1,True,zoh,58.0625,5.08203125,20.328125,4.0,62.0625,False,False,False
1,mean,knn_clustered_16,perentile_same_machie_95.0,1.5321965428250102,0.946341463414634,0.7348484848484849,0.8465909090909091,0.8272921108742004,0.8360594582185492,0.8510372867430283,,a50245a10669.yaml,0f5602c303a5,8,4,1,True,euler,58.0625,5.08203125,20.328125,4.0,62.0625,False,False,False
1,mean,knn_clustered_16,perentile_same_machie_99.0,1.6995771261558683,0.9806451612903224,0.5757575757575758,0.7821969696969697,0.7255369928400954,0.8360594582185492,0.8510372867430283,,a50245a10669.yaml,0f5602c303a5,8,4,1,True,euler,58.0625,5.08203125,20.328125,4.0,62.0625,False,False,False
1,mean,knn_clustered_16,perentile_same_machie_99.5,1.7492134203634038,0.9863013698630136,0.5454545454545454,0.7689393939393939,0.7024390243902439,0.8360594582185492,0.8510372867430283,,a50245a10669.yaml,0f5602c303a5,8,4,1,True,euler,58.0625,5.08203125,20.328125,4.0,62.0625,False,False,False
1,mean,knn_clustered_16,evt_p95_equiv,1.5411876798896982,0.9455445544554456,0.7234848484848485,0.8409090909090909,0.8197424892703863,0.8360594582185492,0.8510372867430283,,a50245a10669.yaml,0f5602c303a5,8,4,1,True,euler,58.0625,5.08203125,20.328125,4.0,62.0625,False,False,False
1,mean,knn_clustered_16,parametric_p95_equiv,1.5608061500282264,0.9583333333333334,0.696969696969697,0.8333333333333334,0.8070175438596491,0.8360594582185492,0.8510372867430283,,a50245a10669.yaml,0f5602c303a5,8,4,1,True,euler,58.0625,5.08203125,20.328125,4.0,62.0625,False,False,False
1,mean,knn_clustered_16,kde_p95_equiv,1.542719023898448,0.945273631840796,0.7196969696969697,0.8390151515151515,0.8172043010752689,0.8360594582185492,0.8510372867430283,,a50245a10669.yaml,0f5602c303a5,8,4,1,True,euler,58.0625,5.08203125,20.328125,4.0,62.0625,False,False,False
1,mean,knn_clustered_16,evt_p99_equiv,1.6908499613475263,0.9683544303797468,0.5795454545454546,0.7803030303030303,0.7251184834123223,0.8360594582185492,0.8510372867430283,,a50245a10669.yaml,0f5602c303a5,8,4,1,True,euler,58.0625,5.08203125,20.328125,4.0,62.0625,False,False,False
1,mean,knn_clustered_16,parametric_p99_equiv,1.635916258374417,0.971264367816092,0.6401515151515151,0.8106060606060606,0.771689497716895,0.8360594582185492,0.8510372867430283,,a50245a10669.yaml,0f5602c303a5,8,4,1,True,euler,58.0625,5.08203125,20.328125,4.0,62.0625,False,False,False
1,mean,knn_clustered_16,kde_p99_equiv,1.7159061694381612,0.9866666666666668,0.5606060606060606,0.7765151515151515,0.714975845410628,0.8360594582185492,0.8510372867430283,,a50245a10669.yaml,0f5602c303a5,8,4,1,True,euler,58.0625,5.08203125,20.328125,4.0,62.0625,False,False,False
1,mean,knn_clustered_16,evt_p999_equiv,1.8596990930207888,1.0,0.5227272727272727,0.7613636363636364,0.6865671641791045,0.8360594582185492,0.8510372867430283,,a50245a10669.yaml,0f5602c303a5,8,4,1,True,euler,58.0625,5.08203125,20.328125,4.0,62.0625,False,False,False
1,mean,knn_clustered_16,parametric_p999_equiv,1.7100503762144323,0.986842105263158,0.5681818181818182,0.7803030303030303,0.7211538461538461,0.8360594582185492,0.8510372867430283,,a50245a10669.yaml,0f5602c303a5,8,4,1,True,euler,58.0625,5.08203125,20.328125,4.0,62.0625,False,False,False
1,mean,knn_clustered_16,kde_p999_equiv,1.8380817638776288,1.0,0.5265151515151515,0.7632575757575758,0.6898263027295285,0.8360594582185492,0.8510372867430283,,a50245a10669.yaml,0f5602c303a5,8,4,1,True,euler,58.0625,5.08203125,20.328125,4.0,62.0625,False,False,False
1,mean,knn_clustered_16,mad,1.6640557497790804,0.9695121951219512,0.6022727272727273,0.7916666666666666,0.7429906542056075,0.8360594582185492,0.8510372867430283,,a50245a10669.yaml,0f5602c303a5,8,4,1,True,euler,58.0625,5.08203125,20.328125,4.0,62.0625,False,False,False
1,mean,knn_clustered_16,iqr,1.781205618488345,1.0,0.5265151515151515,0.7632575757575758,0.6898263027295285,0.8360594582185492,0.8510372867430283,,a50245a10669.yaml,0f5602c303a5,8,4,1,True,euler,58.0625,5.08203125,20.328125,4.0,62.0625,False,False,False
1,mean,knn_clustered_16,perentile_same_machie_95.0,1.48587360446567,0.9487179487179488,0.8409090909090909,0.8977272727272727,0.891566265060241,0.9217745638200184,0.915890362959741,,61a995157d85.yaml,50e3ef07f16f,8,4,1,False,zoh,52.125,5.0625,20.25,4.0,56.125,False,False,False
1,mean,knn_clustered_16,perentile_same_machie_99.0,1.622705029382094,0.9902912621359224,0.7727272727272727,0.8825757575757576,0.8680851063829788,0.9217745638200184,0.915890362959741,,61a995157d85.yaml,50e3ef07f16f,8,4,1,False,zoh,52.125,5.0625,20.25,4.0,56.125,False,False,False
1,mean,knn_clustered_16,perentile_same_machie_99.5,1.644968602516648,1.0,0.7575757575757576,0.8787878787878788,0.8620689655172413,0.9217745638200184,0.915890362959741,,61a995157d85.yaml,50e3ef07f16f,8,4,1,False,zoh,52.125,5.0625,20.25,4.0,56.125,False,False,False
1,mean,knn_clustered_16,evt_p95_equiv,1.4971309360661764,0.9523809523809524,0.8333333333333334,0.8958333333333334,0.8888888888888888,0.9217745638200184,0.915890362959741,,61a995157d85.yaml,50e3ef07f16f,8,4,1,False,zoh,52.125,5.0625,20.25,4.0,56.125,False,False,False
1,mean,knn_clustered_16,parametric_p95_equiv,1.482456540904539,0.948936170212766,0.8446969696969697,0.8996212121212122,0.8937875751503006,0.9217745638200184,0.915890362959741,,61a995157d85.yaml,50e3ef07f16f,8,4,1,False,zoh,52.125,5.0625,20.25,4.0,56.125,False,False,False
1,mean,knn_clustered_16,kde_p95_equiv,1.488462569559268,0.9525862068965516,0.8371212121212122,0.8977272727272727,0.8911290322580645,0.9217745638200184,0.915890362959741,,61a995157d85.yaml,50e3ef07f16f,8,4,1,False,zoh,52.125,5.0625,20.25,4.0,56.125,False,False,False
1,mean,knn_clustered_16,evt_p99_equiv,1.6144434583505616,0.9808612440191388,0.7765151515151515,0.8806818181818182,0.8668076109936576,0.9217745638200184,0.915890362959741,,61a995157d85.yaml,50e3ef07f16f,8,4,1,False,zoh,52.125,5.0625,20.25,4.0,56.125,False,False,False
1,mean,knn_clustered_16,parametric_p99_equiv,1.548292662223597,0.9730941704035876,0.821969696969697,0.8996212121212122,0.891170431211499,0.9217745638200184,0.915890362959741,,61a995157d85.yaml,50e3ef07f16f,8,4,1,False,zoh,52.125,5.0625,20.25,4.0,56.125,False,False,False
1,mean,knn_clustered_16,kde_p99_equiv,1.6326286869919169,0.9950738916256158,0.7651515151515151,0.8806818181818182,0.8650963597430407,0.9217745638200184,0.915890362959741,,61a995157d85.yaml,50e3ef07f16f,8,4,1,False,zoh,52.125,5.0625,20.25,4.0,56.125,False,False,False
1,mean,knn_clustered_16,evt_p999_equiv,1.6788273551334325,1.0,0.7272727272727273,0.8636363636363636,0.8421052631578947,0.9217745638200184,0.915890362959741,,61a995157d85.yaml,50e3ef07f16f,8,4,1,False,zoh,52.125,5.0625,20.25,4.0,56.125,False,False,False
1,mean,knn_clustered_16,parametric_p999_equiv,1.6130497855743102,0.9808612440191388,0.7765151515151515,0.8806818181818182,0.8668076109936576,0.9217745638200184,0.915890362959741,,61a995157d85.yaml,50e3ef07f16f,8,4,1,False,zoh,52.125,5.0625,20.25,4.0,56.125,False,False,False
1,mean,knn_clustered_16,kde_p999_equiv,1.7057473489273147,1.0,0.7196969696969697,0.8598484848484849,0.8370044052863436,0.9217745638200184,0.915890362959741,,61a995157d85.yaml,50e3ef07f16f,8,4,1,False,zoh,52.125,5.0625,20.25,4.0,56.125,False,False,False
1,mean,knn_clustered_16,mad,1.5076287085540032,0.9563318777292577,0.8295454545454546,0.8958333333333334,0.8884381338742393,0.9217745638200184,0.915890362959741,,61a995157d85.yaml,50e3ef07f16f,8,4,1,False,zoh,52.125,5.0625,20.25,4.0,56.125,False,False,False
1,mean,knn_clustered_16,iqr,1.588715231297996,0.976525821596244,0.7878787878787878,0.884469696969697,0.8721174004192872,0.9217745638200184,0.915890362959741,,61a995157d85.yaml,50e3ef07f16f,8,4,1,False,zoh,52.125,5.0625,20.25,4.0,56.125,False,False,False
1,mean,knn_clustered_16,perentile_same_machie_95.0,1.6459730825545758,0.9234972677595628,0.6401515151515151,0.7935606060606061,0.756152125279642,0.7837178604224059,0.8012873954859601,,e0902212d370.yaml,dfe6f2bb093c,8,4,1,False,euler,52.125,5.0625,20.25,4.0,56.125,False,False,False
1,mean,knn_clustered_16,perentile_same_machie_99.0,1.8290225907856312,0.9791666666666666,0.5340909090909091,0.7613636363636364,0.6911764705882353,0.7837178604224059,0.8012873954859601,,e0902212d370.yaml,dfe6f2bb093c,8,4,1,False,euler,52.125,5.0625,20.25,4.0,56.125,False,False,False
1,mean,knn_clustered_16,perentile_same_machie_99.5,1.9037090964817105,0.9779411764705882,0.5037878787878788,0.7462121212121212,0.665,0.7837178604224059,0.8012873954859601,,e0902212d370.yaml,dfe6f2bb093c,8,4,1,False,euler,52.125,5.0625,20.25,4.0,56.125,False,False,False
1,mean,knn_clustered_16,evt_p95_equiv,1.6478894317691115,0.9230769230769232,0.6363636363636364,0.7916666666666666,0.7533632286995515,0.7837178604224059,0.8012873954859601,,e0902212d370.yaml,dfe6f2bb093c,8,4,1,False,euler,52.125,5.0625,20.25,4.0,56.125,False,False,False
1,mean,knn_clustered_16,parametric_p95_equiv,1.683629952953296,0.9476744186046512,0.6174242424242424,0.7916666666666666,0.7477064220183486,0.7837178604224059,0.8012873954859601,,e0902212d370.yaml,dfe6f2bb093c,8,4,1,False,euler,52.125,5.0625,20.25,4.0,56.125,False,False,False
1,mean,knn_clustered_16,kde_p95_equiv,1.6602934199467407,0.9329608938547486,0.6325757575757576,0.7935606060606061,0.7539503386004515,0.7837178604224059,0.8012873954859601,,e0902212d370.yaml,dfe6f2bb093c,8,4,1,False,euler,52.125,5.0625,20.25,4.0,56.125,False,False,False
1,mean,knn_clustered_16,evt_p99_equiv,1.7950741804564885,0.9726027397260274,0.5378787878787878,0.7613636363636364,0.6926829268292682,0.7837178604224059,0.8012873954859601,,e0902212d370.yaml,dfe6f2bb093c,8,4,1,False,euler,52.125,5.0625,20.25,4.0,56.125,False,False,False
1,mean,knn_clustered_16,parametric_p99_equiv,1.756331953637589,0.9664429530201344,0.5454545454545454,0.7632575757575758,0.6973365617433414,0.7837178604224059,0.8012873954859601,,e0902212d370.yaml,dfe6f2bb093c,8,4,1,False,euler,52.125,5.0625,20.25,4.0,56.125,False,False,False
1,mean,knn_clustered_16,kde_p99_equiv,1.829810560222884,0.9791666666666666,0.5340909090909091,0.7613636363636364,0.6911764705882353,0.7837178604224059,0.8012873954859601,,e0902212d370.yaml,dfe6f2bb093c,8,4,1,False,euler,52.125,5.0625,20.25,4.0,56.125,False,False,False
1,mean,knn_clustered_16,evt_p999_equiv,2.1034919790335715,1.0,0.4469696969696969,0.7234848484848485,0.6178010471204188,0.7837178604224059,0.8012873954859601,,e0902212d370.yaml,dfe6f2bb093c,8,4,1,False,euler,52.125,5.0625,20.25,4.0,56.125,False,False,False
1,mean,knn_clustered_16,parametric_p999_equiv,1.827760749195568,0.9791666666666666,0.5340909090909091,0.7613636363636364,0.6911764705882353,0.7837178604224059,0.8012873954859601,,e0902212d370.yaml,dfe6f2bb093c,8,4,1,False,euler,52.125,5.0625,20.25,4.0,56.125,False,False,False
1,mean,knn_clustered_16,kde_p999_equiv,1.992213626642941,1.0,0.4924242424242424,0.7462121212121212,0.6598984771573604,0.7837178604224059,0.8012873954859601,,e0902212d370.yaml,dfe6f2bb093c,8,4,1,False,euler,52.125,5.0625,20.25,4.0,56.125,False,False,False
1,mean,knn_clustered_16,mad,1.819385077702168,0.9791666666666666,0.5340909090909091,0.7613636363636364,0.6911764705882353,0.7837178604224059,0.8012873954859601,,e0902212d370.yaml,dfe6f2bb093c,8,4,1,False,euler,52.125,5.0625,20.25,4.0,56.125,False,False,False
1,mean,knn_clustered_16,iqr,1.935453185753245,0.9924812030075189,0.5,0.7481060606060606,0.6649874055415617,0.7837178604224059,0.8012873954859601,,e0902212d370.yaml,dfe6f2bb093c,8,4,1,False,euler,52.125,5.0625,20.25,4.0,56.125,False,False,False
1,mean,knn_clustered_16,perentile_same_machie_95.0,1.6086097515997984,0.9,0.7159090909090909,0.8181818181818182,0.7974683544303798,0.8226727502295684,0.8391057706249094,,3ec7186fad7e.yaml,201c928c631f,8,2,2,True,zoh,57.9375,7.26953125,29.078125,4.0,61.9375,False,False,False
1,mean,knn_clustered_16,perentile_same_machie_99.0,1.7063726073350038,0.9775280898876404,0.6590909090909091,0.821969696969697,0.7873303167420814,0.8226727502295684,0.8391057706249094,,3ec7186fad7e.yaml,201c928c631f,8,2,2,True,zoh,57.9375,7.26953125,29.078125,4.0,61.9375,False,False,False
1,mean,knn_clustered_16,perentile_same_machie_99.5,1.7365720495150636,0.9882352941176472,0.6363636363636364,0.8143939393939394,0.7741935483870968,0.8226727502295684,0.8391057706249094,,3ec7186fad7e.yaml,201c928c631f,8,2,2,True,zoh,57.9375,7.26953125,29.078125,4.0,61.9375,False,False,False
1,mean,knn_clustered_16,evt_p95_equiv,1.6130144493376748,0.9170731707317074,0.7121212121212122,0.8238636363636364,0.8017057569296375,0.8226727502295684,0.8391057706249094,,3ec7186fad7e.yaml,201c928c631f,8,2,2,True,zoh,57.9375,7.26953125,29.078125,4.0,61.9375,False,False,False
1,mean,knn_clustered_16,parametric_p95_equiv,1.624703353244904,0.935,0.7083333333333334,0.8295454545454546,0.8060344827586207,0.8226727502295684,0.8391057706249094,,3ec7186fad7e.yaml,201c928c631f,8,2,2,True,zoh,57.9375,7.26953125,29.078125,4.0,61.9375,False,False,False
1,mean,knn_clustered_16,kde_p95_equiv,1.6257996322999009,0.9346733668341708,0.7045454545454546,0.8276515151515151,0.8034557235421166,0.8226727502295684,0.8391057706249094,,3ec7186fad7e.yaml,201c928c631f,8,2,2,True,zoh,57.9375,7.26953125,29.078125,4.0,61.9375,False,False,False
1,mean,knn_clustered_16,evt_p99_equiv,1.6959655514712388,0.9775280898876404,0.6590909090909091,0.821969696969697,0.7873303167420814,0.8226727502295684,0.8391057706249094,,3ec7186fad7e.yaml,201c928c631f,8,2,2,True,zoh,57.9375,7.26953125,29.078125,4.0,61.9375,False,False,False
1,mean,knn_clustered_16,parametric_p99_equiv,1.689217625252261,0.9776536312849162,0.6628787878787878,0.8238636363636364,0.7900677200902935,0.8226727502295684,0.8391057706249094,,3ec7186fad7e.yaml,201c928c631f,8,2,2,True,zoh,57.9375,7.26953125,29.078125,4.0,61.9375,False,False,False
1,mean,knn_clustered_16,kde_p99_equiv,1.7177806531923094,0.9885057471264368,0.6515151515151515,0.821969696969697,0.7853881278538812,0.8226727502295684,0.8391057706249094,,3ec7186fad7e.yaml,201c928c631f,8,2,2,True,zoh,57.9375,7.26953125,29.078125,4.0,61.9375,False,False,False
1,mean,knn_clustered_16,evt_p999_equiv,1.7920498331974677,0.9937106918238994,0.5984848484848485,0.7973484848484849,0.7470449172576832,0.8226727502295684,0.8391057706249094,,3ec7186fad7e.yaml,201c928c631f,8,2,2,True,zoh,57.9375,7.26953125,29.078125,4.0,61.9375,False,False,False
1,mean,knn_clustered_16,parametric_p999_equiv,1.7523971252932276,0.9880239520958084,0.625,0.8087121212121212,0.765661252900232,0.8226727502295684,0.8391057706249094,,3ec7186fad7e.yaml,201c928c631f,8,2,2,True,zoh,57.9375,7.26953125,29.078125,4.0,61.9375,False,False,False
1,mean,knn_clustered_16,kde_p999_equiv,1.8085300174632264,1.0,0.5909090909090909,0.7954545454545454,0.7428571428571429,0.8226727502295684,0.8391057706249094,,3ec7186fad7e.yaml,201c928c631f,8,2,2,True,zoh,57.9375,7.26953125,29.078125,4.0,61.9375,False,False,False
1,mean,knn_clustered_16,mad,1.852426701598597,1.0,0.5606060606060606,0.7803030303030303,0.7184466019417476,0.8226727502295684,0.8391057706249094,,3ec7186fad7e.yaml,201c928c631f,8,2,2,True,zoh,57.9375,7.26953125,29.078125,4.0,61.9375,False,False,False
1,mean,knn_clustered_16,iqr,1.980735808478795,1.0,0.5075757575757576,0.7537878787878788,0.6733668341708543,0.8226727502295684,0.8391057706249094,,3ec7186fad7e.yaml,201c928c631f,8,2,2,True,zoh,57.9375,7.26953125,29.078125,4.0,61.9375,False,False,False
1,mean,knn_clustered_16,perentile_same_machie_95.0,1.6123626616522548,0.9264705882352942,0.7159090909090909,0.8295454545454546,0.8076923076923077,0.819128787878788,0.8372631820598329,,b39731b66741.yaml,086acf0275b8,8,2,2,True,euler,57.9375,7.26953125,29.078125,4.0,61.9375,False,False,False
1,mean,knn_clustered_16,perentile_same_machie_99.0,1.6939079471558327,0.9880239520958084,0.625,0.8087121212121212,0.765661252900232,0.819128787878788,0.8372631820598329,,b39731b66741.yaml,086acf0275b8,8,2,2,True,euler,57.9375,7.26953125,29.078125,4.0,61.9375,False,False,False
1,mean,knn_clustered_16,perentile_same_machie_99.5,1.7297036749096986,0.9873417721518988,0.5909090909090909,0.7916666666666666,0.7393364928909952,0.819128787878788,0.8372631820598329,,b39731b66741.yaml,086acf0275b8,8,2,2,True,euler,57.9375,7.26953125,29.078125,4.0,61.9375,False,False,False
1,mean,knn_clustered_16,evt_p95_equiv,1.6115308615555577,0.926829268292683,0.7196969696969697,0.8314393939393939,0.8102345415778252,0.819128787878788,0.8372631820598329,,b39731b66741.yaml,086acf0275b8,8,2,2,True,euler,57.9375,7.26953125,29.078125,4.0,61.9375,False,False,False
1,mean,knn_clustered_16,parametric_p95_equiv,1.6181066458729405,0.935,0.7083333333333334,0.8295454545454546,0.8060344827586207,0.819128787878788,0.8372631820598329,,b39731b66741.yaml,086acf0275b8,8,2,2,True,euler,57.9375,7.26953125,29.078125,4.0,61.9375,False,False,False
1,mean,knn_clustered_16,kde_p95_equiv,1.6220451612633882,0.9487179487179488,0.7007575757575758,0.8314393939393939,0.8061002178649237,0.819128787878788,0.8372631820598329,,b39731b66741.yaml,086acf0275b8,8,2,2,True,euler,57.9375,7.26953125,29.078125,4.0,61.9375,False,False,False
1,mean,knn_clustered_16,evt_p99_equiv,1.6945324952655825,0.987878787878788,0.6174242424242424,0.8049242424242424,0.7599067599067599,0.819128787878788,0.8372631820598329,,b39731b66741.yaml,086acf0275b8,8,2,2,True,euler,57.9375,7.26953125,29.078125,4.0,61.9375,False,False,False
1,mean,knn_clustered_16,parametric_p99_equiv,1.6743791743890144,0.9825581395348836,0.6401515151515151,0.8143939393939394,0.7752293577981652,0.819128787878788,0.8372631820598329,,b39731b66741.yaml,086acf0275b8,8,2,2,True,euler,57.9375,7.26953125,29.078125,4.0,61.9375,False,False,False
1,mean,knn_clustered_16,kde_p99_equiv,1.7057560241628291,0.9876543209876544,0.6060606060606061,0.7992424242424242,0.7511737089201878,0.819128787878788,0.8372631820598329,,b39731b66741.yaml,086acf0275b8,8,2,2,True,euler,57.9375,7.26953125,29.078125,4.0,61.9375,False,False,False
1,mean,knn_clustered_16,evt_p999_equiv,1.8406106370703608,1.0,0.5113636363636364,0.7556818181818182,0.6766917293233082,0.819128787878788,0.8372631820598329,,b39731b66741.yaml,086acf0275b8,8,2,2,True,euler,57.9375,7.26953125,29.078125,4.0,61.9375,False,False,False
1,mean,knn_clustered_16,parametric_p999_equiv,1.729233583765814,0.9873417721518988,0.5909090909090909,0.7916666666666666,0.7393364928909952,0.819128787878788,0.8372631820598329,,b39731b66741.yaml,086acf0275b8,8,2,2,True,euler,57.9375,7.26953125,29.078125,4.0,61.9375,False,False,False
1,mean,knn_clustered_16,kde_p999_equiv,1.866451340885896,1.0,0.5113636363636364,0.7556818181818182,0.6766917293233082,0.819128787878788,0.8372631820598329,,b39731b66741.yaml,086acf0275b8,8,2,2,True,euler,57.9375,7.26953125,29.078125,4.0,61.9375,False,False,False
1,mean,knn_clustered_16,mad,1.8137506828437555,1.0,0.5303030303030303,0.7651515151515151,0.693069306930693,0.819128787878788,0.8372631820598329,,b39731b66741.yaml,086acf0275b8,8,2,2,True,euler,57.9375,7.26953125,29.078125,4.0,61.9375,False,False,False
1,mean,knn_clustered_16,iqr,1.94595053605262,1.0,0.5,0.75,0.6666666666666666,0.819128787878788,0.8372631820598329,,b39731b66741.yaml,086acf0275b8,8,2,2,True,euler,57.9375,7.26953125,29.078125,4.0,61.9375,False,False,False
1,mean,knn_clustered_16,perentile_same_machie_95.0,1.1989215553990689,0.9392712550607288,0.8787878787878788,0.9109848484848484,0.9080234833659492,0.9124626951331496,0.9214030254700112,,e622e3993a72.yaml,04f342ed4dcb,8,2,2,False,zoh,51.96875,7.25,29.0,4.0,55.96875,False,False,False
1,mean,knn_clustered_16,perentile_same_machie_99.0,1.366662208960375,0.9950738916256158,0.7651515151515151,0.8806818181818182,0.8650963597430407,0.9124626951331496,0.9214030254700112,,e622e3993a72.yaml,04f342ed4dcb,8,2,2,False,zoh,51.96875,7.25,29.0,4.0,55.96875,False,False,False
1,mean,knn_clustered_16,perentile_same_machie_99.5,1.497139161826229,0.9945652173913044,0.6931818181818182,0.8446969696969697,0.8169642857142857,0.9124626951331496,0.9214030254700112,,e622e3993a72.yaml,04f342ed4dcb,8,2,2,False,zoh,51.96875,7.25,29.0,4.0,55.96875,False,False,False
1,mean,knn_clustered_16,evt_p95_equiv,1.2049491220307875,0.9508196721311476,0.8787878787878788,0.9166666666666666,0.9133858267716536,0.9124626951331496,0.9214030254700112,,e622e3993a72.yaml,04f342ed4dcb,8,2,2,False,zoh,51.96875,7.25,29.0,4.0,55.96875,False,False,False
1,mean,knn_clustered_16,parametric_p95_equiv,1.2835638722388696,0.9866666666666668,0.8409090909090909,0.9147727272727272,0.9079754601226994,0.9124626951331496,0.9214030254700112,,e622e3993a72.yaml,04f342ed4dcb,8,2,2,False,zoh,51.96875,7.25,29.0,4.0,55.96875,False,False,False
1,mean,knn_clustered_16,kde_p95_equiv,1.2162864371352151,0.9545454545454546,0.875,0.9166666666666666,0.9130434782608696,0.9124626951331496,0.9214030254700112,,e622e3993a72.yaml,04f342ed4dcb,8,2,2,False,zoh,51.96875,7.25,29.0,4.0,55.96875,False,False,False
1,mean,knn_clustered_16,evt_p99_equiv,1.368031629092188,0.9950738916256158,0.7651515151515151,0.8806818181818182,0.8650963597430407,0.9124626951331496,0.9214030254700112,,e622e3993a72.yaml,04f342ed4dcb,8,2,2,False,zoh,51.96875,7.25,29.0,4.0,55.96875,False,False,False
1,mean,knn_clustered_16,parametric_p99_equiv,1.3728483427334464,0.9950738916256158,0.7651515151515151,0.8806818181818182,0.8650963597430407,0.9124626951331496,0.9214030254700112,,e622e3993a72.yaml,04f342ed4dcb,8,2,2,False,zoh,51.96875,7.25,29.0,4.0,55.96875,False,False,False
1,mean,knn_clustered_16,kde_p99_equiv,1.3867461474910758,0.9949238578680204,0.7424242424242424,0.8693181818181818,0.8503253796095445,0.9124626951331496,0.9214030254700112,,e622e3993a72.yaml,04f342ed4dcb,8,2,2,False,zoh,51.96875,7.25,29.0,4.0,55.96875,False,False,False
1,mean,knn_clustered_16,evt_p999_equiv,2.302388780640776,0.0,0.0,0.5,0.0,0.9124626951331496,0.9214030254700112,,e622e3993a72.yaml,04f342ed4dcb,8,2,2,False,zoh,51.96875,7.25,29.0,4.0,55.96875,True,False,True
1,mean,knn_clustered_16,parametric_p999_equiv,1.4749057701582136,0.9946524064171124,0.7045454545454546,0.8503787878787878,0.8248337028824834,0.9124626951331496,0.9214030254700112,,e622e3993a72.yaml,04f342ed4dcb,8,2,2,False,zoh,51.96875,7.25,29.0,4.0,55.96875,False,False,False
1,mean,knn_clustered_16,kde_p999_equiv,1.7624168236626416,0.990909090909091,0.4128787878787879,0.7045454545454546,0.5828877005347594,0.9124626951331496,0.9214030254700112,,e622e3993a72.yaml,04f342ed4dcb,8,2,2,False,zoh,51.96875,7.25,29.0,4.0,55.96875,False,False,False
1,mean,knn_clustered_16,mad,1.4229913200449638,0.9948186528497408,0.7272727272727273,0.8617424242424242,0.8402625820568927,0.9124626951331496,0.9214030254700112,,e622e3993a72.yaml,04f342ed4dcb,8,2,2,False,zoh,51.96875,7.25,29.0,4.0,55.96875,False,False,False
1,mean,knn_clustered_16,iqr,1.5414624068392568,0.9942196531791908,0.6515151515151515,0.8238636363636364,0.7871853546910755,0.9124626951331496,0.9214030254700112,,e622e3993a72.yaml,04f342ed4dcb,8,2,2,False,zoh,51.96875,7.25,29.0,4.0,55.96875,False,False,False
1,mean,knn_clustered_16,perentile_same_machie_95.0,1.2640040070228125,0.9442231075697212,0.8977272727272727,0.9223484848484848,0.920388349514563,0.9275424701561064,0.9441937315741143,,352f70960ed3.yaml,b77482e85dc3,8,2,2,False,euler,51.96875,7.25,29.0,4.0,55.96875,False,False,False
1,mean,knn_clustered_16,perentile_same_machie_99.0,1.372070038545554,0.9912663755458516,0.8598484848484849,0.9261363636363636,0.920892494929006,0.9275424701561064,0.9441937315741143,,352f70960ed3.yaml,b77482e85dc3,8,2,2,False,euler,51.96875,7.25,29.0,4.0,55.96875,False,False,False
1,mean,knn_clustered_16,perentile_same_machie_99.5,1.413881703056706,1.0,0.8295454545454546,0.9147727272727272,0.906832298136646,0.9275424701561064,0.9441937315741143,,352f70960ed3.yaml,b77482e85dc3,8,2,2,False,euler,51.96875,7.25,29.0,4.0,55.96875,False,False,False
1,mean,knn_clustered_16,evt_p95_equiv,1.2684256170097583,0.9442231075697212,0.8977272727272727,0.9223484848484848,0.920388349514563,0.9275424701561064,0.9441937315741143,,352f70960ed3.yaml,b77482e85dc3,8,2,2,False,euler,51.96875,7.25,29.0,4.0,55.96875,False,False,False
1,mean,knn_clustered_16,parametric_p95_equiv,1.2756303381661085,0.9518072289156626,0.8977272727272727,0.9261363636363636,0.9239766081871345,0.9275424701561064,0.9441937315741143,,352f70960ed3.yaml,b77482e85dc3,8,2,2,False,euler,51.96875,7.25,29.0,4.0,55.96875,False,False,False
1,mean,knn_clustered_16,kde_p95_equiv,1.2745045989962411,0.9518072289156626,0.8977272727272727,0.9261363636363636,0.9239766081871345,0.9275424701561064,0.9441937315741143,,352f70960ed3.yaml,b77482e85dc3,8,2,2,False,euler,51.96875,7.25,29.0,4.0,55.96875,False,False,False
1,mean,knn_clustered_16,evt_p99_equiv,1.366853776965954,0.9827586206896552,0.8636363636363636,0.9242424242424242,0.9193548387096774,0.9275424701561064,0.9441937315741143,,352f70960ed3.yaml,b77482e85dc3,8,2,2,False,euler,51.96875,7.25,29.0,4.0,55.96875,False,False,False
1,mean,knn_clustered_16,parametric_p99_equiv,1.3331639247682348,0.9669421487603306,0.8863636363636364,0.928030303030303,0.924901185770751,0.9275424701561064,0.9441937315741143,,352f70960ed3.yaml,b77482e85dc3,8,2,2,False,euler,51.96875,7.25,29.0,4.0,55.96875,False,False,False
1,mean,knn_clustered_16,kde_p99_equiv,1.3801180504316493,0.995575221238938,0.8522727272727273,0.9242424242424242,0.9183673469387756,0.9275424701561064,0.9441937315741143,,352f70960ed3.yaml,b77482e85dc3,8,2,2,False,euler,51.96875,7.25,29.0,4.0,55.96875,False,False,False
1,mean,knn_clustered_16,evt_p999_equiv,1.4818549119985962,1.0,0.821969696969697,0.9109848484848484,0.9022869022869024,0.9275424701561064,0.9441937315741143,,352f70960ed3.yaml,b77482e85dc3,8,2,2,False,euler,51.96875,7.25,29.0,4.0,55.96875,False,False,False
1,mean,knn_clustered_16,parametric_p999_equiv,1.3897909919690783,0.995575221238938,0.8522727272727273,0.9242424242424242,0.9183673469387756,0.9275424701561064,0.9441937315741143,,352f70960ed3.yaml,b77482e85dc3,8,2,2,False,euler,51.96875,7.25,29.0,4.0,55.96875,False,False,False
1,mean,knn_clustered_16,kde_p999_equiv,1.49493590730963,1.0,0.8143939393939394,0.9071969696969696,0.8977035490605428,0.9275424701561064,0.9441937315741143,,352f70960ed3.yaml,b77482e85dc3,8,2,2,False,euler,51.96875,7.25,29.0,4.0,55.96875,False,False,False
1,mean,knn_clustered_16,mad,1.4151381058414745,1.0,0.8295454545454546,0.9147727272727272,0.906832298136646,0.9275424701561064,0.9441937315741143,,352f70960ed3.yaml,b77482e85dc3,8,2,2,False,euler,51.96875,7.25,29.0,4.0,55.96875,False,False,False
1,mean,knn_clustered_16,iqr,1.5225317190155878,1.0,0.7954545454545454,0.8977272727272727,0.8860759493670886,0.9275424701561064,0.9441937315741143,,352f70960ed3.yaml,b77482e85dc3,8,2,2,False,euler,51.96875,7.25,29.0,4.0,55.96875,False,False,False
1,mean,knn_clustered_16,perentile_same_machie_95.0,1.8043722666189457,0.9558823529411764,0.7386363636363636,0.8522727272727273,0.8333333333333334,0.8317837465564739,0.8567916002126528,,58fd79f02b2d.yaml,08bf71867940,8,2,1,True,zoh,29.0625,3.70703125,14.828125,4.0,33.0625,False,False,False
1,mean,knn_clustered_16,perentile_same_machie_99.0,2.0488045789507554,0.993006993006993,0.5378787878787878,0.7670454545454546,0.6977886977886978,0.8317837465564739,0.8567916002126528,,58fd79f02b2d.yaml,08bf71867940,8,2,1,True,zoh,29.0625,3.70703125,14.828125,4.0,33.0625,False,False,False
1,mean,knn_clustered_16,perentile_same_machie_99.5,2.09848902313678,0.9925925925925926,0.5075757575757576,0.7518939393939394,0.6716791979949874,0.8317837465564739,0.8567916002126528,,58fd79f02b2d.yaml,08bf71867940,8,2,1,True,zoh,29.0625,3.70703125,14.828125,4.0,33.0625,False,False,False
1,mean,knn_clustered_16,evt_p95_equiv,1.8044041697030733,0.9558823529411764,0.7386363636363636,0.8522727272727273,0.8333333333333334,0.8317837465564739,0.8567916002126528,,58fd79f02b2d.yaml,08bf71867940,8,2,1,True,zoh,29.0625,3.70703125,14.828125,4.0,33.0625,False,False,False
1,mean,knn_clustered_16,parametric_p95_equiv,1.8278351900714944,0.96,0.7272727272727273,0.8484848484848485,0.8275862068965517,0.8317837465564739,0.8567916002126528,,58fd79f02b2d.yaml,08bf71867940,8,2,1,True,zoh,29.0625,3.70703125,14.828125,4.0,33.0625,False,False,False
1,mean,knn_clustered_16,kde_p95_equiv,1.806423722506579,0.9558823529411764,0.7386363636363636,0.8522727272727273,0.8333333333333334,0.8317837465564739,0.8567916002126528,,58fd79f02b2d.yaml,08bf71867940,8,2,1,True,zoh,29.0625,3.70703125,14.828125,4.0,33.0625,False,False,False
1,mean,knn_clustered_16,evt_p99_equiv,2.004931073314688,0.9932885906040269,0.5606060606060606,0.7784090909090909,0.7167070217917676,0.8317837465564739,0.8567916002126528,,58fd79f02b2d.yaml,08bf71867940,8,2,1,True,zoh,29.0625,3.70703125,14.828125,4.0,33.0625,False,False,False
1,mean,knn_clustered_16,parametric_p99_equiv,1.9091919061381064,0.9776536312849162,0.6628787878787878,0.8238636363636364,0.7900677200902935,0.8317837465564739,0.8567916002126528,,58fd79f02b2d.yaml,08bf71867940,8,2,1,True,zoh,29.0625,3.70703125,14.828125,4.0,33.0625,False,False,False
1,mean,knn_clustered_16,kde_p99_equiv,2.05115576902162,0.993006993006993,0.5378787878787878,0.7670454545454546,0.6977886977886978,0.8317837465564739,0.8567916002126528,,58fd79f02b2d.yaml,08bf71867940,8,2,1,True,zoh,29.0625,3.70703125,14.828125,4.0,33.0625,False,False,False
1,mean,knn_clustered_16,evt_p999_equiv,2.2942667970974155,1.0,0.4090909090909091,0.7045454545454546,0.5806451612903226,0.8317837465564739,0.8567916002126528,,58fd79f02b2d.yaml,08bf71867940,8,2,1,True,zoh,29.0625,3.70703125,14.828125,4.0,33.0625,False,False,False
1,mean,knn_clustered_16,parametric_p999_equiv,1.989222674712608,0.987012987012987,0.5757575757575758,0.7840909090909091,0.7272727272727273,0.8317837465564739,0.8567916002126528,,58fd79f02b2d.yaml,08bf71867940,8,2,1,True,zoh,29.0625,3.70703125,14.828125,4.0,33.0625,False,False,False
1,mean,knn_clustered_16,kde_p999_equiv,2.2387357688478144,1.0,0.4431818181818182,0.7215909090909091,0.6141732283464567,0.8317837465564739,0.8567916002126528,,58fd79f02b2d.yaml,08bf71867940,8,2,1,True,zoh,29.0625,3.70703125,14.828125,4.0,33.0625,False,False,False
1,mean,knn_clustered_16,mad,1.8590593884672784,0.9689119170984456,0.7083333333333334,0.8428030303030303,0.8183807439824945,0.8317837465564739,0.8567916002126528,,58fd79f02b2d.yaml,08bf71867940,8,2,1,True,zoh,29.0625,3.70703125,14.828125,4.0,33.0625,False,False,False
1,mean,knn_clustered_16,iqr,1.9806725442605204,0.9871794871794872,0.5833333333333334,0.7878787878787878,0.7333333333333333,0.8317837465564739,0.8567916002126528,,58fd79f02b2d.yaml,08bf71867940,8,2,1,True,zoh,29.0625,3.70703125,14.828125,4.0,33.0625,False,False,False
1,mean,knn_clustered_16,perentile_same_machie_95.0,1.4276941359465432,0.9473684210526316,0.8181818181818182,0.8863636363636364,0.8780487804878049,0.906838269054178,0.8910003141462471,,b4778c6ea130.yaml,15fba0d893ec,8,2,1,True,euler,29.0625,3.70703125,14.828125,4.0,33.0625,False,False,False
1,mean,knn_clustered_16,perentile_same_machie_99.0,1.667496229566903,0.9883720930232558,0.6439393939393939,0.8181818181818182,0.7798165137614679,0.906838269054178,0.8910003141462471,,b4778c6ea130.yaml,15fba0d893ec,8,2,1,True,euler,29.0625,3.70703125,14.828125,4.0,33.0625,False,False,False
1,mean,knn_clustered_16,perentile_same_machie_99.5,1.7013583287113376,0.9939024390243902,0.6174242424242424,0.8068181818181818,0.7616822429906542,0.906838269054178,0.8910003141462471,,b4778c6ea130.yaml,15fba0d893ec,8,2,1,True,euler,29.0625,3.70703125,14.828125,4.0,33.0625,False,False,False
1,mean,knn_clustered_16,evt_p95_equiv,1.4412202462824328,0.9506726457399104,0.803030303030303,0.8806818181818182,0.8706365503080082,0.906838269054178,0.8910003141462471,,b4778c6ea130.yaml,15fba0d893ec,8,2,1,True,euler,29.0625,3.70703125,14.828125,4.0,33.0625,False,False,False
1,mean,knn_clustered_16,parametric_p95_equiv,1.4600463327161477,0.9502262443438914,0.7954545454545454,0.8768939393939394,0.865979381443299,0.906838269054178,0.8910003141462471,,b4778c6ea130.yaml,15fba0d893ec,8,2,1,True,euler,29.0625,3.70703125,14.828125,4.0,33.0625,False,False,False
1,mean,knn_clustered_16,kde_p95_equiv,1.4334553637556275,0.9508928571428572,0.8068181818181818,0.8825757575757576,0.8729508196721312,0.906838269054178,0.8910003141462471,,b4778c6ea130.yaml,15fba0d893ec,8,2,1,True,euler,29.0625,3.70703125,14.828125,4.0,33.0625,False,False,False
1,mean,knn_clustered_16,evt_p99_equiv,1.6319121121533209,0.9891891891891892,0.6931818181818182,0.8428030303030303,0.8151447661469933,0.906838269054178,0.8910003141462471,,b4778c6ea130.yaml,15fba0d893ec,8,2,1,True,euler,29.0625,3.70703125,14.828125,4.0,33.0625,False,False,False
1,mean,knn_clustered_16,parametric_p99_equiv,1.5312876496712209,0.961352657004831,0.7537878787878788,0.8617424242424242,0.8450106157112527,0.906838269054178,0.8910003141462471,,b4778c6ea130.yaml,15fba0d893ec,8,2,1,True,euler,29.0625,3.70703125,14.828125,4.0,33.0625,False,False,False
1,mean,knn_clustered_16,kde_p99_equiv,1.6635924482262971,0.9883720930232558,0.6439393939393939,0.8181818181818182,0.7798165137614679,0.906838269054178,0.8910003141462471,,b4778c6ea130.yaml,15fba0d893ec,8,2,1,True,euler,29.0625,3.70703125,14.828125,4.0,33.0625,False,False,False
1,mean,knn_clustered_16,evt_p999_equiv,1.8105598189545915,1.0,0.5113636363636364,0.7556818181818182,0.6766917293233082,0.906838269054178,0.8910003141462471,,b4778c6ea130.yaml,15fba0d893ec,8,2,1,True,euler,29.0625,3.70703125,14.828125,4.0,33.0625,False,False,False
1,mean,knn_clustered_16,parametric_p999_equiv,1.601646974749472,0.984375,0.7159090909090909,0.8522727272727273,0.8289473684210527,0.906838269054178,0.8910003141462471,,b4778c6ea130.yaml,15fba0d893ec,8,2,1,True,euler,29.0625,3.70703125,14.828125,4.0,33.0625,False,False,False
1,mean,knn_clustered_16,kde_p999_equiv,1.7934312128633236,1.0,0.5227272727272727,0.7613636363636364,0.6865671641791045,0.906838269054178,0.8910003141462471,,b4778c6ea130.yaml,15fba0d893ec,8,2,1,True,euler,29.0625,3.70703125,14.828125,4.0,33.0625,False,False,False
1,mean,knn_clustered_16,mad,1.4417946191430824,0.9506726457399104,0.803030303030303,0.8806818181818182,0.8706365503080082,0.906838269054178,0.8910003141462471,,b4778c6ea130.yaml,15fba0d893ec,8,2,1,True,euler,29.0625,3.70703125,14.828125,4.0,33.0625,False,False,False
1,mean,knn_clustered_16,iqr,1.5219379391394698,0.9569377990430622,0.7575757575757576,0.8617424242424242,0.8456659619450317,0.906838269054178,0.8910003141462471,,b4778c6ea130.yaml,15fba0d893ec,8,2,1,True,euler,29.0625,3.70703125,14.828125,4.0,33.0625,False,False,False
1,mean,knn_clustered_16,perentile_same_machie_95.0,1.582331675081743,0.9547511312217196,0.7992424242424242,0.8806818181818182,0.8701030927835052,0.8656307392102847,0.8687080131458123,,27a2b2159d54.yaml,d19d06b1cbfa,8,2,1,False,zoh,26.09375,3.6875,14.75,4.0,30.09375,False,False,False
1,mean,knn_clustered_16,perentile_same_machie_99.0,2.059251264047205,0.984126984126984,0.4696969696969697,0.7310606060606061,0.6358974358974359,0.8656307392102847,0.8687080131458123,,27a2b2159d54.yaml,d19d06b1cbfa,8,2,1,False,zoh,26.09375,3.6875,14.75,4.0,30.09375,False,False,False
1,mean,knn_clustered_16,perentile_same_machie_99.5,2.143440091674543,0.9818181818181818,0.4090909090909091,0.7007575757575758,0.5775401069518716,0.8656307392102847,0.8687080131458123,,27a2b2159d54.yaml,d19d06b1cbfa,8,2,1,False,zoh,26.09375,3.6875,14.75,4.0,30.09375,False,False,False
1,mean,knn_clustered_16,evt_p95_equiv,1.590827424703409,0.9590909090909092,0.7992424242424242,0.8825757575757576,0.871900826446281,0.8656307392102847,0.8687080131458123,,27a2b2159d54.yaml,d19d06b1cbfa,8,2,1,False,zoh,26.09375,3.6875,14.75,4.0,30.09375,False,False,False
1,mean,knn_clustered_16,parametric_p95_equiv,1.7366120168606085,0.9800995024875622,0.7462121212121212,0.865530303030303,0.8473118279569892,0.8656307392102847,0.8687080131458123,,27a2b2159d54.yaml,d19d06b1cbfa,8,2,1,False,zoh,26.09375,3.6875,14.75,4.0,30.09375,False,False,False
1,mean,knn_clustered_16,kde_p95_equiv,1.6079713576607468,0.963302752293578,0.7954545454545454,0.8825757575757576,0.8713692946058091,0.8656307392102847,0.8687080131458123,,27a2b2159d54.yaml,d19d06b1cbfa,8,2,1,False,zoh,26.09375,3.6875,14.75,4.0,30.09375,False,False,False
1,mean,knn_clustered_16,evt_p99_equiv,2.0164286721463127,0.9772727272727272,0.4886363636363636,0.7386363636363636,0.6515151515151515,0.8656307392102847,0.8687080131458123,,27a2b2159d54.yaml,d19d06b1cbfa,8,2,1,False,zoh,26.09375,3.6875,14.75,4.0,30.09375,False,False,False
1,mean,knn_clustered_16,parametric_p99_equiv,1.8471139770685765,0.976878612716763,0.6401515151515151,0.8125,0.7734553775743707,0.8656307392102847,0.8687080131458123,,27a2b2159d54.yaml,d19d06b1cbfa,8,2,1,False,zoh,26.09375,3.6875,14.75,4.0,30.09375,False,False,False
1,mean,knn_clustered_16,kde_p99_equiv,2.07970041586812,0.9836065573770492,0.4545454545454545,0.7234848484848485,0.6217616580310881,0.8656307392102847,0.8687080131458123,,27a2b2159d54.yaml,d19d06b1cbfa,8,2,1,False,zoh,26.09375,3.6875,14.75,4.0,30.09375,False,False,False
1,mean,knn_clustered_16,evt_p999_equiv,6.690449456676226,0.0,0.0,0.5,0.0,0.8656307392102847,0.8687080131458123,,27a2b2159d54.yaml,d19d06b1cbfa,8,2,1,False,zoh,26.09375,3.6875,14.75,4.0,30.09375,True,False,True
1,mean,knn_clustered_16,parametric_p999_equiv,1.95774664652093,0.9782608695652174,0.5113636363636364,0.75,0.6716417910447762,0.8656307392102847,0.8687080131458123,,27a2b2159d54.yaml,d19d06b1cbfa,8,2,1,False,zoh,26.09375,3.6875,14.75,4.0,30.09375,False,False,False
1,mean,knn_clustered_16,kde_p999_equiv,2.27800030439826,1.0,0.2765151515151515,0.6382575757575758,0.4332344213649852,0.8656307392102847,0.8687080131458123,,27a2b2159d54.yaml,d19d06b1cbfa,8,2,1,False,zoh,26.09375,3.6875,14.75,4.0,30.09375,False,False,False
1,mean,knn_clustered_16,mad,1.744716744326425,0.9798994974874372,0.7386363636363636,0.8617424242424242,0.8423326133909287,0.8656307392102847,0.8687080131458123,,27a2b2159d54.yaml,d19d06b1cbfa,8,2,1,False,zoh,26.09375,3.6875,14.75,4.0,30.09375,False,False,False
1,mean,knn_clustered_16,iqr,1.8647638199938192,0.9759036144578314,0.6136363636363636,0.7992424242424242,0.7534883720930232,0.8656307392102847,0.8687080131458123,,27a2b2159d54.yaml,d19d06b1cbfa,8,2,1,False,zoh,26.09375,3.6875,14.75,4.0,30.09375,False,False,False
1,mean,knn_clustered_16,perentile_same_machie_95.0,2.05531171621513,0.9352941176470588,0.6022727272727273,0.7803030303030303,0.7327188940092166,0.7327536730945822,0.791485428447151,,f4c0e20e66b2.yaml,ac827ae4b94b,8,2,1,False,euler,26.09375,3.6875,14.75,4.0,30.09375,False,False,False
1,mean,knn_clustered_16,perentile_same_machie_99.0,2.3055521716121152,0.9925373134328358,0.5037878787878788,0.75,0.6683417085427136,0.7327536730945822,0.791485428447151,,f4c0e20e66b2.yaml,ac827ae4b94b,8,2,1,False,euler,26.09375,3.6875,14.75,4.0,30.09375,False,False,False
1,mean,knn_clustered_16,perentile_same_machie_99.5,2.3523429667885467,0.992063492063492,0.4734848484848485,0.7348484848484849,0.6410256410256411,0.7327536730945822,0.791485428447151,,f4c0e20e66b2.yaml,ac827ae4b94b,8,2,1,False,euler,26.09375,3.6875,14.75,4.0,30.09375,False,False,False
1,mean,knn_clustered_16,evt_p95_equiv,2.0698069803454047,0.9457831325301204,0.5946969696969697,0.7803030303030303,0.7302325581395349,0.7327536730945822,0.791485428447151,,f4c0e20e66b2.yaml,ac827ae4b94b,8,2,1,False,euler,26.09375,3.6875,14.75,4.0,30.09375,False,False,False
1,mean,knn_clustered_16,parametric_p95_equiv,2.0725369644168405,0.9454545454545454,0.5909090909090909,0.7784090909090909,0.7272727272727273,0.7327536730945822,0.791485428447151,,f4c0e20e66b2.yaml,ac827ae4b94b,8,2,1,False,euler,26.09375,3.6875,14.75,4.0,30.09375,False,False,False
1,mean,knn_clustered_16,kde_p95_equiv,2.0677596576442188,0.9457831325301204,0.5946969696969697,0.7803030303030303,0.7302325581395349,0.7327536730945822,0.791485428447151,,f4c0e20e66b2.yaml,ac827ae4b94b,8,2,1,False,euler,26.09375,3.6875,14.75,4.0,30.09375,False,False,False
1,mean,knn_clustered_16,evt_p99_equiv,2.289603953970236,0.9851851851851852,0.5037878787878788,0.7481060606060606,0.6666666666666666,0.7327536730945822,0.791485428447151,,f4c0e20e66b2.yaml,ac827ae4b94b,8,2,1,False,euler,26.09375,3.6875,14.75,4.0,30.09375,False,False,False
1,mean,knn_clustered_16,parametric_p99_equiv,2.170874642688278,0.9539473684210528,0.5492424242424242,0.7613636363636364,0.6971153846153846,0.7327536730945822,0.791485428447151,,f4c0e20e66b2.yaml,ac827ae4b94b,8,2,1,False,euler,26.09375,3.6875,14.75,4.0,30.09375,False,False,False
1,mean,knn_clustered_16,kde_p99_equiv,2.310253471011013,0.9924812030075189,0.5,0.7481060606060606,0.6649874055415617,0.7327536730945822,0.791485428447151,,f4c0e20e66b2.yaml,ac827ae4b94b,8,2,1,False,euler,26.09375,3.6875,14.75,4.0,30.09375,False,False,False
1,mean,knn_clustered_16,evt_p999_equiv,2.4971002486666323,1.0,0.4393939393939394,0.7196969696969697,0.6105263157894737,0.7327536730945822,0.791485428447151,,f4c0e20e66b2.yaml,ac827ae4b94b,8,2,1,False,euler,26.09375,3.6875,14.75,4.0,30.09375,False,False,False
1,mean,knn_clustered_16,parametric_p999_equiv,2.267873840226585,0.978102189781022,0.5075757575757576,0.7481060606060606,0.6683291770573566,0.7327536730945822,0.791485428447151,,f4c0e20e66b2.yaml,ac827ae4b94b,8,2,1,False,euler,26.09375,3.6875,14.75,4.0,30.09375,False,False,False
1,mean,knn_clustered_16,kde_p999_equiv,2.498256504865749,1.0,0.4393939393939394,0.7196969696969697,0.6105263157894737,0.7327536730945822,0.791485428447151,,f4c0e20e66b2.yaml,ac827ae4b94b,8,2,1,False,euler,26.09375,3.6875,14.75,4.0,30.09375,False,False,False
1,mean,knn_clustered_16,mad,2.1659458868421617,0.9539473684210528,0.5492424242424242,0.7613636363636364,0.6971153846153846,0.7327536730945822,0.791485428447151,,f4c0e20e66b2.yaml,ac827ae4b94b,8,2,1,False,euler,26.09375,3.6875,14.75,4.0,30.09375,False,False,False
1,mean,knn_clustered_16,iqr,2.318106680716705,0.9924242424242424,0.4962121212121212,0.7462121212121212,0.6616161616161617,0.7327536730945822,0.791485428447151,,f4c0e20e66b2.yaml,ac827ae4b94b,8,2,1,False,euler,26.09375,3.6875,14.75,4.0,30.09375,False,False,False
1,mean,knn_clustered_16,perentile_same_machie_95.0,2.109881106847784,0.9526627218934912,0.6098484848484849,0.7897727272727273,0.74364896073903,0.7563561753902663,0.785791527717365,,bcf3e2800b54.yaml,17c75659257f,8,1,2,True,zoh,29.0,5.89453125,23.578125,4.0,33.0,False,False,False
1,mean,knn_clustered_16,perentile_same_machie_99.0,2.33883015867992,0.9834710743801652,0.4507575757575757,0.7215909090909091,0.6181818181818182,0.7563561753902663,0.785791527717365,,bcf3e2800b54.yaml,17c75659257f,8,1,2,True,zoh,29.0,5.89453125,23.578125,4.0,33.0,False,False,False
1,mean,knn_clustered_16,perentile_same_machie_99.5,2.374759750294304,1.0,0.428030303030303,0.7140151515151515,0.5994694960212201,0.7563561753902663,0.785791527717365,,bcf3e2800b54.yaml,17c75659257f,8,1,2,True,zoh,29.0,5.89453125,23.578125,4.0,33.0,False,False,False
1,mean,knn_clustered_16,evt_p95_equiv,2.137364217020375,0.9565217391304348,0.5833333333333334,0.7784090909090909,0.7247058823529412,0.7563561753902663,0.785791527717365,,bcf3e2800b54.yaml,17c75659257f,8,1,2,True,zoh,29.0,5.89453125,23.578125,4.0,33.0,False,False,False
1,mean,knn_clustered_16,parametric_p95_equiv,2.097677785857504,0.9364161849710982,0.6136363636363636,0.7859848484848485,0.7414187643020596,0.7563561753902663,0.785791527717365,,bcf3e2800b54.yaml,17c75659257f,8,1,2,True,zoh,29.0,5.89453125,23.578125,4.0,33.0,False,False,False
1,mean,knn_clustered_16,kde_p95_equiv,2.121388030990733,0.9518072289156626,0.5984848484848485,0.7840909090909091,0.7348837209302326,0.7563561753902663,0.785791527717365,,bcf3e2800b54.yaml,17c75659257f,8,1,2,True,zoh,29.0,5.89453125,23.578125,4.0,33.0,False,False,False
1,mean,knn_clustered_16,evt_p99_equiv,2.313285550057098,0.984251968503937,0.4734848484848485,0.7329545454545454,0.639386189258312,0.7563561753902663,0.785791527717365,,bcf3e2800b54.yaml,17c75659257f,8,1,2,True,zoh,29.0,5.89453125,23.578125,4.0,33.0,False,False,False
1,mean,knn_clustered_16,parametric_p99_equiv,2.201836771449611,0.9662162162162162,0.5416666666666666,0.7613636363636364,0.6941747572815534,0.7563561753902663,0.785791527717365,,bcf3e2800b54.yaml,17c75659257f,8,1,2,True,zoh,29.0,5.89453125,23.578125,4.0,33.0,False,False,False
1,mean,knn_clustered_16,kde_p99_equiv,2.343188986817951,1.0,0.4469696969696969,0.7234848484848485,0.6178010471204188,0.7563561753902663,0.785791527717365,,bcf3e2800b54.yaml,17c75659257f,8,1,2,True,zoh,29.0,5.89453125,23.578125,4.0,33.0,False,False,False
1,mean,knn_clustered_16,evt_p999_equiv,2.411253470186714,1.0,0.3901515151515151,0.6950757575757576,0.5613079019073569,0.7563561753902663,0.785791527717365,,bcf3e2800b54.yaml,17c75659257f,8,1,2,True,zoh,29.0,5.89453125,23.578125,4.0,33.0,False,False,False
1,mean,knn_clustered_16,parametric_p999_equiv,2.30478819354089,0.984375,0.4772727272727273,0.7348484848484849,0.6428571428571429,0.7563561753902663,0.785791527717365,,bcf3e2800b54.yaml,17c75659257f,8,1,2,True,zoh,29.0,5.89453125,23.578125,4.0,33.0,False,False,False
1,mean,knn_clustered_16,kde_p999_equiv,2.4486396981884084,1.0,0.3522727272727273,0.6761363636363636,0.5210084033613446,0.7563561753902663,0.785791527717365,,bcf3e2800b54.yaml,17c75659257f,8,1,2,True,zoh,29.0,5.89453125,23.578125,4.0,33.0,False,False,False
1,mean,knn_clustered_16,mad,2.166947066114559,0.961038961038961,0.5606060606060606,0.7689393939393939,0.7081339712918661,0.7563561753902663,0.785791527717365,,bcf3e2800b54.yaml,17c75659257f,8,1,2,True,zoh,29.0,5.89453125,23.578125,4.0,33.0,False,False,False
1,mean,knn_clustered_16,iqr,2.403047103584688,1.0,0.4015151515151515,0.7007575757575758,0.572972972972973,0.7563561753902663,0.785791527717365,,bcf3e2800b54.yaml,17c75659257f,8,1,2,True,zoh,29.0,5.89453125,23.578125,4.0,33.0,False,False,False
1,mean,knn_clustered_16,perentile_same_machie_95.0,1.8710351343982845,0.93717277486911,0.678030303030303,0.8162878787878788,0.7868131868131868,0.8142504591368227,0.8122221013967426,,49cc1bf5d8c4.yaml,7660b0f094a1,8,1,2,True,euler,29.0,5.89453125,23.578125,4.0,33.0,False,False,False
1,mean,knn_clustered_16,perentile_same_machie_99.0,2.1111848814230414,0.9724137931034482,0.5340909090909091,0.759469696969697,0.6894865525672371,0.8142504591368227,0.8122221013967426,,49cc1bf5d8c4.yaml,7660b0f094a1,8,1,2,True,euler,29.0,5.89453125,23.578125,4.0,33.0,False,False,False
1,mean,knn_clustered_16,perentile_same_machie_99.5,2.192177065860237,0.9852941176470588,0.5075757575757576,0.75,0.67,0.8142504591368227,0.8122221013967426,,49cc1bf5d8c4.yaml,7660b0f094a1,8,1,2,True,euler,29.0,5.89453125,23.578125,4.0,33.0,False,False,False
1,mean,knn_clustered_16,evt_p95_equiv,1.8759410764640985,0.936842105263158,0.6742424242424242,0.8143939393939394,0.7841409691629956,0.8142504591368227,0.8122221013967426,,49cc1bf5d8c4.yaml,7660b0f094a1,8,1,2,True,euler,29.0,5.89453125,23.578125,4.0,33.0,False,False,False
1,mean,knn_clustered_16,parametric_p95_equiv,1.9124439849607124,0.9456521739130436,0.6590909090909091,0.8106060606060606,0.7767857142857143,0.8142504591368227,0.8122221013967426,,49cc1bf5d8c4.yaml,7660b0f094a1,8,1,2,True,euler,29.0,5.89453125,23.578125,4.0,33.0,False,False,False
1,mean,knn_clustered_16,kde_p95_equiv,1.8942460185298104,0.9408602150537636,0.6628787878787878,0.8106060606060606,0.7777777777777778,0.8142504591368227,0.8122221013967426,,49cc1bf5d8c4.yaml,7660b0f094a1,8,1,2,True,euler,29.0,5.89453125,23.578125,4.0,33.0,False,False,False
1,mean,knn_clustered_16,evt_p99_equiv,2.063412413589167,0.9675324675324676,0.5643939393939394,0.7727272727272727,0.7129186602870813,0.8142504591368227,0.8122221013967426,,49cc1bf5d8c4.yaml,7660b0f094a1,8,1,2,True,euler,29.0,5.89453125,23.578125,4.0,33.0,False,False,False
1,mean,knn_clustered_16,parametric_p99_equiv,2.01790431917813,0.9570552147239264,0.5909090909090909,0.7821969696969697,0.7306791569086651,0.8142504591368227,0.8122221013967426,,49cc1bf5d8c4.yaml,7660b0f094a1,8,1,2,True,euler,29.0,5.89453125,23.578125,4.0,33.0,False,False,False
1,mean,knn_clustered_16,kde_p99_equiv,2.114713192255864,0.9791666666666666,0.5340909090909091,0.7613636363636364,0.6911764705882353,0.8142504591368227,0.8122221013967426,,49cc1bf5d8c4.yaml,7660b0f094a1,8,1,2,True,euler,29.0,5.89453125,23.578125,4.0,33.0,False,False,False
1,mean,knn_clustered_16,evt_p999_equiv,2.5062686500317795,1.0,0.3409090909090909,0.6704545454545454,0.5084745762711864,0.8142504591368227,0.8122221013967426,,49cc1bf5d8c4.yaml,7660b0f094a1,8,1,2,True,euler,29.0,5.89453125,23.578125,4.0,33.0,False,False,False
1,mean,knn_clustered_16,parametric_p999_equiv,2.122671336151124,0.986013986013986,0.5340909090909091,0.7632575757575758,0.6928746928746928,0.8142504591368227,0.8122221013967426,,49cc1bf5d8c4.yaml,7660b0f094a1,8,1,2,True,euler,29.0,5.89453125,23.578125,4.0,33.0,False,False,False
1,mean,knn_clustered_16,kde_p999_equiv,2.2901954474587267,1.0,0.4469696969696969,0.7234848484848485,0.6178010471204188,0.8142504591368227,0.8122221013967426,,49cc1bf5d8c4.yaml,7660b0f094a1,8,1,2,True,euler,29.0,5.89453125,23.578125,4.0,33.0,False,False,False
1,mean,knn_clustered_16,mad,2.144061945159375,0.9857142857142858,0.5227272727272727,0.7575757575757576,0.6831683168316832,0.8142504591368227,0.8122221013967426,,49cc1bf5d8c4.yaml,7660b0f094a1,8,1,2,True,euler,29.0,5.89453125,23.578125,4.0,33.0,False,False,False
1,mean,knn_clustered_16,iqr,2.392899203798443,1.0,0.3825757575757575,0.6912878787878788,0.5534246575342465,0.8142504591368227,0.8122221013967426,,49cc1bf5d8c4.yaml,7660b0f094a1,8,1,2,True,euler,29.0,5.89453125,23.578125,4.0,33.0,False,False,False
1,mean,knn_clustered_16,perentile_same_machie_95.0,2.054091190051542,0.9127906976744186,0.5946969696969697,0.7689393939393939,0.7201834862385321,0.7099833562901745,0.7811699531197138,,1e3c7295dbd7.yaml,ab254bc63c41,8,1,2,False,zoh,26.015625,5.875,23.5,4.0,30.015625,False,False,False
1,mean,knn_clustered_16,perentile_same_machie_99.0,2.1509291432814583,0.9612903225806452,0.5643939393939394,0.7708333333333334,0.711217183770883,0.7099833562901745,0.7811699531197138,,1e3c7295dbd7.yaml,ab254bc63c41,8,1,2,False,zoh,26.015625,5.875,23.5,4.0,30.015625,False,False,False
1,mean,knn_clustered_16,perentile_same_machie_99.5,2.187667675815732,0.9801324503311258,0.5606060606060606,0.7746212121212122,0.7132530120481928,0.7099833562901745,0.7811699531197138,,1e3c7295dbd7.yaml,ab254bc63c41,8,1,2,False,zoh,26.015625,5.875,23.5,4.0,30.015625,False,False,False
1,mean,knn_clustered_16,evt_p95_equiv,2.0543153093242066,0.9127906976744186,0.5946969696969697,0.7689393939393939,0.7201834862385321,0.7099833562901745,0.7811699531197138,,1e3c7295dbd7.yaml,ab254bc63c41,8,1,2,False,zoh,26.015625,5.875,23.5,4.0,30.015625,False,False,False
1,mean,knn_clustered_16,parametric_p95_equiv,2.052214559655181,0.9022988505747126,0.5946969696969697,0.7651515151515151,0.7168949771689498,0.7099833562901745,0.7811699531197138,,1e3c7295dbd7.yaml,ab254bc63c41,8,1,2,False,zoh,26.015625,5.875,23.5,4.0,30.015625,False,False,False
1,mean,knn_clustered_16,kde_p95_equiv,2.0707450010112867,0.9221556886227544,0.5833333333333334,0.7670454545454546,0.7146171693735499,0.7099833562901745,0.7811699531197138,,1e3c7295dbd7.yaml,ab254bc63c41,8,1,2,False,zoh,26.015625,5.875,23.5,4.0,30.015625,False,False,False
1,mean,knn_clustered_16,evt_p99_equiv,2.155948789139845,0.9612903225806452,0.5643939393939394,0.7708333333333334,0.711217183770883,0.7099833562901745,0.7811699531197138,,1e3c7295dbd7.yaml,ab254bc63c41,8,1,2,False,zoh,26.015625,5.875,23.5,4.0,30.015625,False,False,False
1,mean,knn_clustered_16,parametric_p99_equiv,2.140265942179088,0.9612903225806452,0.5643939393939394,0.7708333333333334,0.711217183770883,0.7099833562901745,0.7811699531197138,,1e3c7295dbd7.yaml,ab254bc63c41,8,1,2,False,zoh,26.015625,5.875,23.5,4.0,30.015625,False,False,False
1,mean,knn_clustered_16,kde_p99_equiv,2.1753850495784515,0.9801324503311258,0.5606060606060606,0.7746212121212122,0.7132530120481928,0.7099833562901745,0.7811699531197138,,1e3c7295dbd7.yaml,ab254bc63c41,8,1,2,False,zoh,26.015625,5.875,23.5,4.0,30.015625,False,False,False
1,mean,knn_clustered_16,evt_p999_equiv,2.284965601662213,1.0,0.5454545454545454,0.7727272727272727,0.7058823529411765,0.7099833562901745,0.7811699531197138,,1e3c7295dbd7.yaml,ab254bc63c41,8,1,2,False,zoh,26.015625,5.875,23.5,4.0,30.015625,False,False,False
1,mean,knn_clustered_16,parametric_p999_equiv,2.226753072062868,1.0,0.553030303030303,0.7765151515151515,0.7121951219512195,0.7099833562901745,0.7811699531197138,,1e3c7295dbd7.yaml,ab254bc63c41,8,1,2,False,zoh,26.015625,5.875,23.5,4.0,30.015625,False,False,False
1,mean,knn_clustered_16,kde_p999_equiv,2.3138829965927155,1.0,0.5454545454545454,0.7727272727272727,0.7058823529411765,0.7099833562901745,0.7811699531197138,,1e3c7295dbd7.yaml,ab254bc63c41,8,1,2,False,zoh,26.015625,5.875,23.5,4.0,30.015625,False,False,False
1,mean,knn_clustered_16,mad,2.381214684310675,1.0,0.5378787878787878,0.7689393939393939,0.6995073891625616,0.7099833562901745,0.7811699531197138,,1e3c7295dbd7.yaml,ab254bc63c41,8,1,2,False,zoh,26.015625,5.875,23.5,4.0,30.015625,False,False,False
1,mean,knn_clustered_16,iqr,2.6685139550605688,1.0,0.4318181818181818,0.7159090909090909,0.6031746031746031,0.7099833562901745,0.7811699531197138,,1e3c7295dbd7.yaml,ab254bc63c41,8,1,2,False,zoh,26.015625,5.875,23.5,4.0,30.015625,False,False,False
1,mean,knn_clustered_16,perentile_same_machie_95.0,1.7182851071203322,0.9468599033816424,0.7424242424242424,0.8503787878787878,0.832271762208068,0.8390581955922864,0.8466724662896912,,1631f682bea0.yaml,2429d5856f8e,8,1,2,False,euler,26.015625,5.875,23.5,4.0,30.015625,False,False,False
1,mean,knn_clustered_16,perentile_same_machie_99.0,2.157165736026824,0.984126984126984,0.4696969696969697,0.7310606060606061,0.6358974358974359,0.8390581955922864,0.8466724662896912,,1631f682bea0.yaml,2429d5856f8e,8,1,2,False,euler,26.015625,5.875,23.5,4.0,30.015625,False,False,False
1,mean,knn_clustered_16,perentile_same_machie_99.5,2.198184951047744,0.984126984126984,0.4696969696969697,0.7310606060606061,0.6358974358974359,0.8390581955922864,0.8466724662896912,,1631f682bea0.yaml,2429d5856f8e,8,1,2,False,euler,26.015625,5.875,23.5,4.0,30.015625,False,False,False
1,mean,knn_clustered_16,evt_p95_equiv,1.732382575737554,0.9507389162561576,0.7310606060606061,0.8465909090909091,0.8265524625267666,0.8390581955922864,0.8466724662896912,,1631f682bea0.yaml,2429d5856f8e,8,1,2,False,euler,26.015625,5.875,23.5,4.0,30.015625,False,False,False
1,mean,knn_clustered_16,parametric_p95_equiv,1.8331229154978683,0.9770114942528736,0.6439393939393939,0.8143939393939394,0.776255707762557,0.8390581955922864,0.8466724662896912,,1631f682bea0.yaml,2429d5856f8e,8,1,2,False,euler,26.015625,5.875,23.5,4.0,30.015625,False,False,False
1,mean,knn_clustered_16,kde_p95_equiv,1.7376541359352493,0.9552238805970148,0.7272727272727273,0.8465909090909091,0.8258064516129032,0.8390581955922864,0.8466724662896912,,1631f682bea0.yaml,2429d5856f8e,8,1,2,False,euler,26.015625,5.875,23.5,4.0,30.015625,False,False,False
1,mean,knn_clustered_16,evt_p99_equiv,2.046397802376796,0.9794520547945206,0.5416666666666666,0.7651515151515151,0.697560975609756,0.8390581955922864,0.8466724662896912,,1631f682bea0.yaml,2429d5856f8e,8,1,2,False,euler,26.015625,5.875,23.5,4.0,30.015625,False,False,False
1,mean,knn_clustered_16,parametric_p99_equiv,1.9532040123702668,0.9807692307692308,0.5795454545454546,0.7840909090909091,0.7285714285714285,0.8390581955922864,0.8466724662896912,,1631f682bea0.yaml,2429d5856f8e,8,1,2,False,euler,26.015625,5.875,23.5,4.0,30.015625,False,False,False
1,mean,knn_clustered_16,kde_p99_equiv,2.152954608502145,0.984126984126984,0.4696969696969697,0.7310606060606061,0.6358974358974359,0.8390581955922864,0.8466724662896912,,1631f682bea0.yaml,2429d5856f8e,8,1,2,False,euler,26.015625,5.875,23.5,4.0,30.015625,False,False,False
1,mean,knn_clustered_16,evt_p999_equiv,3.716903072426077,1.0,0.0378787878787878,0.5189393939393939,0.072992700729927,0.8390581955922864,0.8466724662896912,,1631f682bea0.yaml,2429d5856f8e,8,1,2,False,euler,26.015625,5.875,23.5,4.0,30.015625,False,False,False
1,mean,knn_clustered_16,parametric_p999_equiv,2.090342251005522,0.9784172661870504,0.5151515151515151,0.7518939393939394,0.674937965260546,0.8390581955922864,0.8466724662896912,,1631f682bea0.yaml,2429d5856f8e,8,1,2,False,euler,26.015625,5.875,23.5,4.0,30.015625,False,False,False
1,mean,knn_clustered_16,kde_p999_equiv,2.357648180362518,1.0,0.4242424242424242,0.7121212121212122,0.5957446808510638,0.8390581955922864,0.8466724662896912,,1631f682bea0.yaml,2429d5856f8e,8,1,2,False,euler,26.015625,5.875,23.5,4.0,30.015625,False,False,False
1,mean,knn_clustered_16,mad,1.8214615741062976,0.9771428571428572,0.6477272727272727,0.8162878787878788,0.7790432801822323,0.8390581955922864,0.8466724662896912,,1631f682bea0.yaml,2429d5856f8e,8,1,2,False,euler,26.015625,5.875,23.5,4.0,30.015625,False,False,False
1,mean,knn_clustered_16,iqr,1.9142976383888712,0.9759036144578314,0.6136363636363636,0.7992424242424242,0.7534883720930232,0.8390581955922864,0.8466724662896912,,1631f682bea0.yaml,2429d5856f8e,8,1,2,False,euler,26.015625,5.875,23.5,4.0,30.015625,False,False,False
1,mean,knn_clustered_16,perentile_same_machie_95.0,2.076740967108199,0.9197860962566844,0.6515151515151515,0.7973484848484849,0.7627494456762749,0.8051251147842058,0.8061053114880865,,51374aa4c5f8.yaml,05f0f3d0db06,8,1,1,True,zoh,14.5625,3.01953125,12.078125,4.0,18.5625,False,False,False
1,mean,knn_clustered_16,perentile_same_machie_99.0,2.30525723930796,0.975609756097561,0.6060606060606061,0.7954545454545454,0.7476635514018691,0.8051251147842058,0.8061053114880865,,51374aa4c5f8.yaml,05f0f3d0db06,8,1,1,True,zoh,14.5625,3.01953125,12.078125,4.0,18.5625,False,False,False
1,mean,knn_clustered_16,perentile_same_machie_99.5,2.382261455454163,0.9801324503311258,0.5606060606060606,0.7746212121212122,0.7132530120481928,0.8051251147842058,0.8061053114880865,,51374aa4c5f8.yaml,05f0f3d0db06,8,1,1,True,zoh,14.5625,3.01953125,12.078125,4.0,18.5625,False,False,False
1,mean,knn_clustered_16,evt_p95_equiv,2.0841119200298186,0.9395604395604396,0.6477272727272727,0.803030303030303,0.7668161434977578,0.8051251147842058,0.8061053114880865,,51374aa4c5f8.yaml,05f0f3d0db06,8,1,1,True,zoh,14.5625,3.01953125,12.078125,4.0,18.5625,False,False,False
1,mean,knn_clustered_16,parametric_p95_equiv,2.135410827036844,0.9488636363636364,0.6325757575757576,0.7992424242424242,0.759090909090909,0.8051251147842058,0.8061053114880865,,51374aa4c5f8.yaml,05f0f3d0db06,8,1,1,True,zoh,14.5625,3.01953125,12.078125,4.0,18.5625,False,False,False
1,mean,knn_clustered_16,kde_p95_equiv,2.098589686805303,0.9441340782122905,0.6401515151515151,0.8011363636363636,0.7629796839729119,0.8051251147842058,0.8061053114880865,,51374aa4c5f8.yaml,05f0f3d0db06,8,1,1,True,zoh,14.5625,3.01953125,12.078125,4.0,18.5625,False,False,False
1,mean,knn_clustered_16,evt_p99_equiv,2.2675722228039104,0.9700598802395208,0.6136363636363636,0.7973484848484849,0.7517401392111369,0.8051251147842058,0.8061053114880865,,51374aa4c5f8.yaml,05f0f3d0db06,8,1,1,True,zoh,14.5625,3.01953125,12.078125,4.0,18.5625,False,False,False
1,mean,knn_clustered_16,parametric_p99_equiv,2.219999627592653,0.9649122807017544,0.625,0.8011363636363636,0.7586206896551724,0.8051251147842058,0.8061053114880865,,51374aa4c5f8.yaml,05f0f3d0db06,8,1,1,True,zoh,14.5625,3.01953125,12.078125,4.0,18.5625,False,False,False
1,mean,knn_clustered_16,kde_p99_equiv,2.3178210436859743,0.975,0.5909090909090909,0.7878787878787878,0.7358490566037735,0.8051251147842058,0.8061053114880865,,51374aa4c5f8.yaml,05f0f3d0db06,8,1,1,True,zoh,14.5625,3.01953125,12.078125,4.0,18.5625,False,False,False
1,mean,knn_clustered_16,evt_p999_equiv,2.62226767904409,1.0,0.4886363636363636,0.7443181818181818,0.6564885496183206,0.8051251147842058,0.8061053114880865,,51374aa4c5f8.yaml,05f0f3d0db06,8,1,1,True,zoh,14.5625,3.01953125,12.078125,4.0,18.5625,False,False,False
1,mean,knn_clustered_16,parametric_p999_equiv,2.302830901685236,0.975609756097561,0.6060606060606061,0.7954545454545454,0.7476635514018691,0.8051251147842058,0.8061053114880865,,51374aa4c5f8.yaml,05f0f3d0db06,8,1,1,True,zoh,14.5625,3.01953125,12.078125,4.0,18.5625,False,False,False
1,mean,knn_clustered_16,kde_p999_equiv,2.502053132727402,1.0,0.5303030303030303,0.7651515151515151,0.693069306930693,0.8051251147842058,0.8061053114880865,,51374aa4c5f8.yaml,05f0f3d0db06,8,1,1,True,zoh,14.5625,3.01953125,12.078125,4.0,18.5625,False,False,False
1,mean,knn_clustered_16,mad,2.2192521106574734,0.9649122807017544,0.625,0.8011363636363636,0.7586206896551724,0.8051251147842058,0.8061053114880865,,51374aa4c5f8.yaml,05f0f3d0db06,8,1,1,True,zoh,14.5625,3.01953125,12.078125,4.0,18.5625,False,False,False
1,mean,knn_clustered_16,iqr,2.3530187005537275,0.9745222929936306,0.5795454545454546,0.7821969696969697,0.7268408551068883,0.8051251147842058,0.8061053114880865,,51374aa4c5f8.yaml,05f0f3d0db06,8,1,1,True,zoh,14.5625,3.01953125,12.078125,4.0,18.5625,False,False,False
1,mean,knn_clustered_16,perentile_same_machie_95.0,2.47869966758579,0.8972602739726028,0.4962121212121212,0.7196969696969697,0.6390243902439025,0.600034435261708,0.732039292445991,,c8b06986e2fc.yaml,2173b8bdf0f9,8,1,1,True,euler,14.5625,3.01953125,12.078125,4.0,18.5625,False,False,False
1,mean,knn_clustered_16,perentile_same_machie_99.0,2.6095389557223307,0.983739837398374,0.4583333333333333,0.7253787878787878,0.6253229974160207,0.600034435261708,0.732039292445991,,c8b06986e2fc.yaml,2173b8bdf0f9,8,1,1,True,euler,14.5625,3.01953125,12.078125,4.0,18.5625,False,False,False
1,mean,knn_clustered_16,perentile_same_machie_99.5,2.641533302094844,0.9914529914529916,0.4393939393939394,0.7178030303030303,0.6089238845144357,0.600034435261708,0.732039292445991,,c8b06986e2fc.yaml,2173b8bdf0f9,8,1,1,True,euler,14.5625,3.01953125,12.078125,4.0,18.5625,False,False,False
1,mean,knn_clustered_16,evt_p95_equiv,2.488323193993537,0.8958333333333334,0.4886363636363636,0.7159090909090909,0.6323529411764706,0.600034435261708,0.732039292445991,,c8b06986e2fc.yaml,2173b8bdf0f9,8,1,1,True,euler,14.5625,3.01953125,12.078125,4.0,18.5625,False,False,False
1,mean,knn_clustered_16,parametric_p95_equiv,2.514492687969966,0.9411764705882352,0.4848484848484848,0.7272727272727273,0.64,0.600034435261708,0.732039292445991,,c8b06986e2fc.yaml,2173b8bdf0f9,8,1,1,True,euler,14.5625,3.01953125,12.078125,4.0,18.5625,False,False,False
1,mean,knn_clustered_16,kde_p95_equiv,2.510586577389343,0.927536231884058,0.4848484848484848,0.7234848484848485,0.6368159203980099,0.600034435261708,0.732039292445991,,c8b06986e2fc.yaml,2173b8bdf0f9,8,1,1,True,euler,14.5625,3.01953125,12.078125,4.0,18.5625,False,False,False
1,mean,knn_clustered_16,evt_p99_equiv,2.6032140960429104,0.9758064516129032,0.4583333333333333,0.7234848484848485,0.6237113402061856,0.600034435261708,0.732039292445991,,c8b06986e2fc.yaml,2173b8bdf0f9,8,1,1,True,euler,14.5625,3.01953125,12.078125,4.0,18.5625,False,False,False
1,mean,knn_clustered_16,parametric_p99_equiv,2.597153220507103,0.968,0.4583333333333333,0.7215909090909091,0.622107969151671,0.600034435261708,0.732039292445991,,c8b06986e2fc.yaml,2173b8bdf0f9,8,1,1,True,euler,14.5625,3.01953125,12.078125,4.0,18.5625,False,False,False
1,mean,knn_clustered_16,kde_p99_equiv,2.635359106210463,0.9916666666666668,0.4507575757575757,0.7234848484848485,0.6197916666666666,0.600034435261708,0.732039292445991,,c8b06986e2fc.yaml,2173b8bdf0f9,8,1,1,True,euler,14.5625,3.01953125,12.078125,4.0,18.5625,False,False,False
1,mean,knn_clustered_16,evt_p999_equiv,2.728731464866094,0.9904761904761904,0.3939393939393939,0.6950757575757576,0.5636856368563685,0.600034435261708,0.732039292445991,,c8b06986e2fc.yaml,2173b8bdf0f9,8,1,1,True,euler,14.5625,3.01953125,12.078125,4.0,18.5625,False,False,False
1,mean,knn_clustered_16,parametric_p999_equiv,2.677586704540067,0.9910714285714286,0.4204545454545454,0.7083333333333334,0.5904255319148937,0.600034435261708,0.732039292445991,,c8b06986e2fc.yaml,2173b8bdf0f9,8,1,1,True,euler,14.5625,3.01953125,12.078125,4.0,18.5625,False,False,False
1,mean,knn_clustered_16,kde_p999_equiv,2.7597089514726383,1.0,0.3712121212121212,0.6856060606060606,0.5414364640883977,0.600034435261708,0.732039292445991,,c8b06986e2fc.yaml,2173b8bdf0f9,8,1,1,True,euler,14.5625,3.01953125,12.078125,4.0,18.5625,False,False,False
1,mean,knn_clustered_16,mad,2.728251683572996,0.9904761904761904,0.3939393939393939,0.6950757575757576,0.5636856368563685,0.600034435261708,0.732039292445991,,c8b06986e2fc.yaml,2173b8bdf0f9,8,1,1,True,euler,14.5625,3.01953125,12.078125,4.0,18.5625,False,False,False
1,mean,knn_clustered_16,iqr,2.888808276621773,1.0,0.3181818181818182,0.6590909090909091,0.4827586206896552,0.600034435261708,0.732039292445991,,c8b06986e2fc.yaml,2173b8bdf0f9,8,1,1,True,euler,14.5625,3.01953125,12.078125,4.0,18.5625,False,False,False
1,mean,knn_clustered_16,perentile_same_machie_95.0,2.469954306074125,0.9202898550724636,0.4810606060606061,0.7196969696969697,0.6318407960199005,0.597279614325069,0.7247897636653619,,b8d158135893.yaml,fcfc484ffa45,8,1,1,False,zoh,13.078125,3.0,12.0,4.0,17.078125,False,False,False
1,mean,knn_clustered_16,perentile_same_machie_99.0,2.6970185525295287,0.979381443298969,0.3598484848484848,0.6761363636363636,0.5263157894736842,0.597279614325069,0.7247897636653619,,b8d158135893.yaml,fcfc484ffa45,8,1,1,False,zoh,13.078125,3.0,12.0,4.0,17.078125,False,False,False
1,mean,knn_clustered_16,perentile_same_machie_99.5,2.746093920523064,0.9876543209876544,0.303030303030303,0.6496212121212122,0.463768115942029,0.597279614325069,0.7247897636653619,,b8d158135893.yaml,fcfc484ffa45,8,1,1,False,zoh,13.078125,3.0,12.0,4.0,17.078125,False,False,False
1,mean,knn_clustered_16,evt_p95_equiv,2.47719084708877,0.9202898550724636,0.4810606060606061,0.7196969696969697,0.6318407960199005,0.597279614325069,0.7247897636653619,,b8d158135893.yaml,fcfc484ffa45,8,1,1,False,zoh,13.078125,3.0,12.0,4.0,17.078125,False,False,False
1,mean,knn_clustered_16,parametric_p95_equiv,2.516964928830097,0.931297709923664,0.4621212121212121,0.7140151515151515,0.6177215189873417,0.597279614325069,0.7247897636653619,,b8d158135893.yaml,fcfc484ffa45,8,1,1,False,zoh,13.078125,3.0,12.0,4.0,17.078125,False,False,False
1,mean,knn_clustered_16,kde_p95_equiv,2.500896135007048,0.9264705882352942,0.4772727272727273,0.7196969696969697,0.63,0.597279614325069,0.7247897636653619,,b8d158135893.yaml,fcfc484ffa45,8,1,1,False,zoh,13.078125,3.0,12.0,4.0,17.078125,False,False,False
1,mean,knn_clustered_16,evt_p99_equiv,2.6471245464965127,0.971153846153846,0.3825757575757575,0.6856060606060606,0.5489130434782609,0.597279614325069,0.7247897636653619,,b8d158135893.yaml,fcfc484ffa45,8,1,1,False,zoh,13.078125,3.0,12.0,4.0,17.078125,False,False,False
1,mean,knn_clustered_16,parametric_p99_equiv,2.6456440253902995,0.971153846153846,0.3825757575757575,0.6856060606060606,0.5489130434782609,0.597279614325069,0.7247897636653619,,b8d158135893.yaml,fcfc484ffa45,8,1,1,False,zoh,13.078125,3.0,12.0,4.0,17.078125,False,False,False
1,mean,knn_clustered_16,kde_p99_equiv,2.700593348673171,0.9789473684210528,0.3522727272727273,0.6723484848484849,0.5181058495821727,0.597279614325069,0.7247897636653619,,b8d158135893.yaml,fcfc484ffa45,8,1,1,False,zoh,13.078125,3.0,12.0,4.0,17.078125,False,False,False
1,mean,knn_clustered_16,evt_p999_equiv,2.869058722837063,1.0,0.25,0.625,0.4,0.597279614325069,0.7247897636653619,,b8d158135893.yaml,fcfc484ffa45,8,1,1,False,zoh,13.078125,3.0,12.0,4.0,17.078125,False,False,False
1,mean,knn_clustered_16,parametric_p999_equiv,2.7730042752064628,0.986842105263158,0.2840909090909091,0.6401515151515151,0.4411764705882353,0.597279614325069,0.7247897636653619,,b8d158135893.yaml,fcfc484ffa45,8,1,1,False,zoh,13.078125,3.0,12.0,4.0,17.078125,False,False,False
1,mean,knn_clustered_16,kde_p999_equiv,2.860327070219921,1.0,0.2537878787878788,0.6268939393939394,0.404833836858006,0.597279614325069,0.7247897636653619,,b8d158135893.yaml,fcfc484ffa45,8,1,1,False,zoh,13.078125,3.0,12.0,4.0,17.078125,False,False,False
1,mean,knn_clustered_16,mad,2.84511557323098,0.9855072463768116,0.2575757575757575,0.6268939393939394,0.4084084084084084,0.597279614325069,0.7247897636653619,,b8d158135893.yaml,fcfc484ffa45,8,1,1,False,zoh,13.078125,3.0,12.0,4.0,17.078125,False,False,False
1,mean,knn_clustered_16,iqr,3.080064335561615,1.0,0.1818181818181818,0.5909090909090909,0.3076923076923077,0.597279614325069,0.7247897636653619,,b8d158135893.yaml,fcfc484ffa45,8,1,1,False,zoh,13.078125,3.0,12.0,4.0,17.078125,False,False,False
1,mean,knn_clustered_16,perentile_same_machie_95.0,2.3625931015049435,0.9397590361445785,0.5909090909090909,0.7765151515151515,0.7255813953488373,0.6659349173553719,0.7833750181238219,,6ea798f3a406.yaml,b4ec1d58679c,8,1,1,False,euler,13.078125,3.0,12.0,4.0,17.078125,False,False,False
1,mean,knn_clustered_16,perentile_same_machie_99.0,2.490097747936166,0.9802631578947368,0.5643939393939394,0.7765151515151515,0.7163461538461539,0.6659349173553719,0.7833750181238219,,6ea798f3a406.yaml,b4ec1d58679c,8,1,1,False,euler,13.078125,3.0,12.0,4.0,17.078125,False,False,False
1,mean,knn_clustered_16,perentile_same_machie_99.5,2.510076304147513,0.9865771812080536,0.5568181818181818,0.7746212121212122,0.711864406779661,0.6659349173553719,0.7833750181238219,,6ea798f3a406.yaml,b4ec1d58679c,8,1,1,False,euler,13.078125,3.0,12.0,4.0,17.078125,False,False,False
1,mean,knn_clustered_16,evt_p95_equiv,2.368312123240593,0.9397590361445785,0.5909090909090909,0.7765151515151515,0.7255813953488373,0.6659349173553719,0.7833750181238219,,6ea798f3a406.yaml,b4ec1d58679c,8,1,1,False,euler,13.078125,3.0,12.0,4.0,17.078125,False,False,False
1,mean,knn_clustered_16,parametric_p95_equiv,2.374033856505449,0.9397590361445785,0.5909090909090909,0.7765151515151515,0.7255813953488373,0.6659349173553719,0.7833750181238219,,6ea798f3a406.yaml,b4ec1d58679c,8,1,1,False,euler,13.078125,3.0,12.0,4.0,17.078125,False,False,False
1,mean,knn_clustered_16,kde_p95_equiv,2.382986135483378,0.9393939393939394,0.5871212121212122,0.7746212121212122,0.7226107226107226,0.6659349173553719,0.7833750181238219,,6ea798f3a406.yaml,b4ec1d58679c,8,1,1,False,euler,13.078125,3.0,12.0,4.0,17.078125,False,False,False
1,mean,knn_clustered_16,evt_p99_equiv,2.467794574648233,0.9803921568627452,0.5681818181818182,0.7784090909090909,0.7194244604316546,0.6659349173553719,0.7833750181238219,,6ea798f3a406.yaml,b4ec1d58679c,8,1,1,False,euler,13.078125,3.0,12.0,4.0,17.078125,False,False,False
1,mean,knn_clustered_16,parametric_p99_equiv,2.446860055700979,0.9743589743589745,0.5757575757575758,0.7803030303030303,0.7238095238095238,0.6659349173553719,0.7833750181238219,,6ea798f3a406.yaml,b4ec1d58679c,8,1,1,False,euler,13.078125,3.0,12.0,4.0,17.078125,False,False,False
1,mean,knn_clustered_16,kde_p99_equiv,2.496484469105736,0.9867549668874172,0.5643939393939394,0.7784090909090909,0.7180722891566265,0.6659349173553719,0.7833750181238219,,6ea798f3a406.yaml,b4ec1d58679c,8,1,1,False,euler,13.078125,3.0,12.0,4.0,17.078125,False,False,False
1,mean,knn_clustered_16,evt_p999_equiv,2.574973136959599,0.9932432432432432,0.5568181818181818,0.7765151515151515,0.7135922330097088,0.6659349173553719,0.7833750181238219,,6ea798f3a406.yaml,b4ec1d58679c,8,1,1,False,euler,13.078125,3.0,12.0,4.0,17.078125,False,False,False
1,mean,knn_clustered_16,parametric_p999_equiv,2.5175777351920265,0.9865771812080536,0.5568181818181818,0.7746212121212122,0.711864406779661,0.6659349173553719,0.7833750181238219,,6ea798f3a406.yaml,b4ec1d58679c,8,1,1,False,euler,13.078125,3.0,12.0,4.0,17.078125,False,False,False
1,mean,knn_clustered_16,kde_p999_equiv,2.595630005788639,0.9932432432432432,0.5568181818181818,0.7765151515151515,0.7135922330097088,0.6659349173553719,0.7833750181238219,,6ea798f3a406.yaml,b4ec1d58679c,8,1,1,False,euler,13.078125,3.0,12.0,4.0,17.078125,False,False,False
1,mean,knn_clustered_16,mad,2.638952626911212,1.0,0.553030303030303,0.7765151515151515,0.7121951219512195,0.6659349173553719,0.7833750181238219,,6ea798f3a406.yaml,b4ec1d58679c,8,1,1,False,euler,13.078125,3.0,12.0,4.0,17.078125,False,False,False
1,mean,knn_clustered_16,iqr,2.812691812148238,1.0,0.5189393939393939,0.759469696969697,0.683291770573566,0.6659349173553719,0.7833750181238219,,6ea798f3a406.yaml,b4ec1d58679c,8,1,1,False,euler,13.078125,3.0,12.0,4.0,17.078125,False,False,False
