"translation_unit","source_file","source_line","function","frame_bytes","qualifier"
"Core\Src\main.su","../Core/Src/main.c","80","main","2712","static,ignoring_inline_asm"
"Core\Src\ssm_backbone.su","../Core/Src/ssm_backbone.c","162","SSMBackbone_ProcessFrame","1904","static"
"Middlewares\CMSIS-DSP\Source\MatrixFunctions\arm_mat_mult_fast_q15.su","../Middlewares/CMSIS-DSP/Source/MatrixFunctions/arm_mat_mult_fast_q15.c","67","arm_mat_mult_fast_q15","168","static,ignoring_inline_asm"
"Middlewares\CMSIS-DSP\Source\TransformFunctions\arm_cfft_radix8_f32.su","../Middlewares/CMSIS-DSP/Source/TransformFunctions/arm_cfft_radix8_f32.c","51","arm_radix8_butterfly_f32","160","static"
"Drivers\STM32H7RSxx_HAL_Driver\stm32h7rsxx_hal_dma_ex.su","D:/Tudor/Master/Disertatie/ssm-mcu-asd-deploy/nucleo-h7s3l8-ssm-mamba-asd/Drivers/STM32H7RSxx_HAL_Driver/Src/stm32h7rsxx_hal_dma_ex.c","2902","HAL_DMAEx_List_ConvertQToDynamic","160","static"
"Middlewares\CMSIS-DSP\Source\MatrixFunctions\arm_mat_qr_f64.su","../Middlewares/CMSIS-DSP/Source/MatrixFunctions/arm_mat_qr_f64.c","72","arm_mat_qr_f64","152","static"
"Drivers\STM32H7RSxx_HAL_Driver\stm32h7rsxx_hal_dma_ex.su","D:/Tudor/Master/Disertatie/ssm-mcu-asd-deploy/nucleo-h7s3l8-ssm-mamba-asd/Drivers/STM32H7RSxx_HAL_Driver/Src/stm32h7rsxx_hal_dma_ex.c","3004","HAL_DMAEx_List_ConvertQToStatic","144","static"
"Middlewares\CMSIS-DSP\Source\TransformFunctions\arm_cfft_f64.su","../Middlewares/CMSIS-DSP/Source/TransformFunctions/arm_cfft_f64.c","56","arm_radix4_butterfly_f64","144","static"
"Middlewares\CMSIS-DSP\Source\MatrixFunctions\arm_mat_qr_f32.su","../Middlewares/CMSIS-DSP/Source/MatrixFunctions/arm_mat_qr_f32.c","614","arm_mat_qr_f32","144","static"
"Middlewares\CMSIS-DSP\Source\MatrixFunctions\arm_mat_vec_mult_q15.su","../Middlewares/CMSIS-DSP/Source/MatrixFunctions/arm_mat_vec_mult_q15.c","269","arm_mat_vec_mult_q15","136","static,ignoring_inline_asm"
"Middlewares\CMSIS-DSP\Source\TransformFunctions\arm_cfft_f32.su","../Middlewares/CMSIS-DSP/Source/TransformFunctions/arm_cfft_f32.c","1131","arm_cfft_f32","128","static"
"Middlewares\CMSIS-DSP\Source\FilteringFunctions\arm_conv_partial_q15.su","../Middlewares/CMSIS-DSP/Source/FilteringFunctions/arm_conv_partial_q15.c","59","arm_conv_partial_q15","128","static,ignoring_inline_asm"
"Middlewares\CMSIS-DSP\Source\FilteringFunctions\arm_biquad_cascade_df1_32x64_q31.su","../Middlewares/CMSIS-DSP/Source/FilteringFunctions/arm_biquad_cascade_df1_32x64_q31.c","522","arm_biquad_cas_df1_32x64_q31","128","static"
"Middlewares\CMSIS-DSP\Source\FilteringFunctions\arm_correlate_fast_q31.su","../Middlewares/CMSIS-DSP/Source/FilteringFunctions/arm_correlate_fast_q31.c","64","arm_correlate_fast_q31","128","static"
"Middlewares\CMSIS-DSP\Source\MatrixFunctions\arm_mat_mult_fast_q31.su","../Middlewares/CMSIS-DSP/Source/MatrixFunctions/arm_mat_mult_fast_q31.c","66","arm_mat_mult_fast_q31","120","static,ignoring_inline_asm"
"Middlewares\CMSIS-DSP\Source\TransformFunctions\arm_cfft_radix4_q31.su","../Middlewares/CMSIS-DSP/Source/TransformFunctions/arm_cfft_radix4_q31.c","524","arm_radix4_butterfly_inverse_q31","120","static"
"Middlewares\CMSIS-DSP\Source\TransformFunctions\arm_cfft_radix4_q31.su","../Middlewares/CMSIS-DSP/Source/TransformFunctions/arm_cfft_radix4_q31.c","153","arm_radix4_butterfly_q31","120","static"
"Middlewares\CMSIS-DSP\Source\MatrixFunctions\arm_mat_vec_mult_q7.su","../Middlewares/CMSIS-DSP/Source/MatrixFunctions/arm_mat_vec_mult_q7.c","279","arm_mat_vec_mult_q7","112","static,ignoring_inline_asm"
"Middlewares\CMSIS-DSP\Source\FilteringFunctions\arm_conv_partial_fast_q15.su","../Middlewares/CMSIS-DSP/Source/FilteringFunctions/arm_conv_partial_fast_q15.c","56","arm_conv_partial_fast_q15","112","static,ignoring_inline_asm"
"Middlewares\CMSIS-DSP\Source\FilteringFunctions\arm_conv_fast_q31.su","../Middlewares/CMSIS-DSP/Source/FilteringFunctions/arm_conv_fast_q31.c","62","arm_conv_fast_q31","112","static"
"Middlewares\CMSIS-DSP\Source\FilteringFunctions\arm_correlate_q15.su","../Middlewares/CMSIS-DSP/Source/FilteringFunctions/arm_correlate_q15.c","267","arm_correlate_q15","112","static,ignoring_inline_asm"
"Middlewares\CMSIS-DSP\Source\BayesFunctions\arm_gaussian_naive_bayes_predict_f32.su","../Middlewares/CMSIS-DSP/Source/BayesFunctions/arm_gaussian_naive_bayes_predict_f32.c","335","arm_gaussian_naive_bayes_predict_f32","112","static"
"Middlewares\CMSIS-DSP\Source\MatrixFunctions\arm_mat_inverse_f64.su","../Middlewares/CMSIS-DSP/Source/MatrixFunctions/arm_mat_inverse_f64.c","52","arm_mat_inverse_f64","104","static"
"Middlewares\CMSIS-DSP\Source\MatrixFunctions\arm_mat_inverse_f32.su","../Middlewares/CMSIS-DSP/Source/MatrixFunctions/arm_mat_inverse_f32.c","87","arm_mat_inverse_f32","104","static"
"Middlewares\CMSIS-DSP\Source\MatrixFunctions\arm_mat_mult_q15.su","../Middlewares/CMSIS-DSP/Source/MatrixFunctions/arm_mat_mult_q15.c","624","arm_mat_mult_q15","104","static,ignoring_inline_asm"
"Middlewares\CMSIS-DSP\Source\TransformFunctions\arm_cfft_radix4_q15.su","../Middlewares/CMSIS-DSP/Source/TransformFunctions/arm_cfft_radix4_q15.c","154","arm_radix4_butterfly_q15","104","static,ignoring_inline_asm"
"Middlewares\CMSIS-DSP\Source\TransformFunctions\arm_cfft_radix4_q15.su","../Middlewares/CMSIS-DSP/Source/TransformFunctions/arm_cfft_radix4_q15.c","1023","arm_radix4_butterfly_inverse_q15","104","static,ignoring_inline_asm"
"Middlewares\CMSIS-DSP\Source\FilteringFunctions\arm_conv_q15.su","../Middlewares/CMSIS-DSP/Source/FilteringFunctions/arm_conv_q15.c","229","arm_conv_q15","104","static,ignoring_inline_asm"
"Middlewares\CMSIS-DSP\Source\MatrixFunctions\arm_mat_vec_mult_q31.su","../Middlewares/CMSIS-DSP/Source/MatrixFunctions/arm_mat_vec_mult_q31.c","266","arm_mat_vec_mult_q31","104","static"
"Middlewares\CMSIS-DSP\Source\FilteringFunctions\arm_correlate_opt_q7.su","../Middlewares/CMSIS-DSP/Source/FilteringFunctions/arm_correlate_opt_q7.c","58","arm_correlate_opt_q7","96","static,ignoring_inline_asm"
"Middlewares\CMSIS-DSP\Source\FilteringFunctions\arm_correlate_fast_q15.su","../Middlewares/CMSIS-DSP/Source/FilteringFunctions/arm_correlate_fast_q15.c","62","arm_correlate_fast_q15","96","static,ignoring_inline_asm"
"Middlewares\CMSIS-DSP\Source\FilteringFunctions\arm_fir_decimate_fast_q15.su","../Middlewares/CMSIS-DSP/Source/FilteringFunctions/arm_fir_decimate_fast_q15.c","61","arm_fir_decimate_fast_q15","88","static,ignoring_inline_asm"
"Middlewares\CMSIS-DSP\Source\FilteringFunctions\arm_conv_fast_q15.su","../Middlewares/CMSIS-DSP/Source/FilteringFunctions/arm_conv_fast_q15.c","62","arm_conv_fast_q15","88","static,ignoring_inline_asm"
"Middlewares\CMSIS-DSP\Source\TransformFunctions\arm_cfft_radix4_f32.su","../Middlewares/CMSIS-DSP/Source/TransformFunctions/arm_cfft_radix4_f32.c","605","arm_radix4_butterfly_inverse_f32","88","static"
"Middlewares\CMSIS-DSP\Source\FilteringFunctions\arm_iir_lattice_q31.su","../Middlewares/CMSIS-DSP/Source/FilteringFunctions/arm_iir_lattice_q31.c","55","arm_iir_lattice_q31","88","static,ignoring_inline_asm"
"Middlewares\CMSIS-DSP\Source\FilteringFunctions\arm_lms_norm_q31.su","../Middlewares/CMSIS-DSP/Source/FilteringFunctions/arm_lms_norm_q31.c","64","arm_lms_norm_q31","88","static"
"Middlewares\CMSIS-DSP\Source\FilteringFunctions\arm_iir_lattice_q15.su","../Middlewares/CMSIS-DSP/Source/FilteringFunctions/arm_iir_lattice_q15.c","56","arm_iir_lattice_q15","80","static,ignoring_inline_asm"
"Middlewares\CMSIS-DSP\Source\FilteringFunctions\arm_biquad_cascade_df1_q31.su","../Middlewares/CMSIS-DSP/Source/FilteringFunctions/arm_biquad_cascade_df1_q31.c","320","arm_biquad_cascade_df1_q31","80","static"
"Middlewares\CMSIS-DSP\Source\FilteringFunctions\arm_lms_norm_q15.su","../Middlewares/CMSIS-DSP/Source/FilteringFunctions/arm_lms_norm_q15.c","64","arm_lms_norm_q15","80","static,ignoring_inline_asm"
"Middlewares\CMSIS-DSP\Source\FilteringFunctions\arm_levinson_durbin_q31.su","../Middlewares/CMSIS-DSP/Source/FilteringFunctions/arm_levinson_durbin_q31.c","300","arm_levinson_durbin_q31","80","static"
"Middlewares\CMSIS-DSP\Source\FilteringFunctions\arm_biquad_cascade_df1_fast_q31.su","../Middlewares/CMSIS-DSP/Source/FilteringFunctions/arm_biquad_cascade_df1_fast_q31.c","61","arm_biquad_cascade_df1_fast_q31","80","static"
"Middlewares\CMSIS-DSP\Source\WindowFunctions\arm_hft116d_f64.su","../Middlewares/CMSIS-DSP/Source/WindowFunctions/arm_hft116d_f64.c","83","arm_hft116d_f64","80","static"
"Middlewares\CMSIS-DSP\Source\TransformFunctions\arm_rfft_q31.su","../Middlewares/CMSIS-DSP/Source/TransformFunctions/arm_rfft_q31.c","216","arm_split_rfft_q31","80","static"
"Middlewares\CMSIS-DSP\Source\TransformFunctions\arm_mfcc_q31.su","../Middlewares/CMSIS-DSP/Source/TransformFunctions/arm_mfcc_q31.c","75","arm_mfcc_q31","80","static,ignoring_inline_asm"
"Middlewares\CMSIS-DSP\Source\TransformFunctions\arm_cfft_radix2_q31.su","../Middlewares/CMSIS-DSP/Source/TransformFunctions/arm_cfft_radix2_q31.c","85","arm_radix2_butterfly_q31","80","static"
"Middlewares\CMSIS-DSP\Source\TransformFunctions\arm_cfft_radix4_f32.su","../Middlewares/CMSIS-DSP/Source/TransformFunctions/arm_cfft_radix4_f32.c","106","arm_radix4_butterfly_f32","80","static"
"Middlewares\CMSIS-DSP\Source\FilteringFunctions\arm_conv_opt_q7.su","../Middlewares/CMSIS-DSP/Source/FilteringFunctions/arm_conv_opt_q7.c","58","arm_conv_opt_q7","80","static,ignoring_inline_asm"
"Middlewares\CMSIS-DSP\Source\MatrixFunctions\arm_mat_cmplx_mult_q15.su","../Middlewares/CMSIS-DSP/Source/MatrixFunctions/arm_mat_cmplx_mult_q15.c","315","arm_mat_cmplx_mult_q15","80","static,ignoring_inline_asm"
"Middlewares\CMSIS-DSP\Source\WindowFunctions\arm_blackman_harris_92db_f64.su","../Middlewares/CMSIS-DSP/Source/WindowFunctions/arm_blackman_harris_92db_f64.c","68","arm_blackman_harris_92db_f64","80","static"
"Middlewares\CMSIS-DSP\Source\TransformFunctions\arm_mfcc_q15.su","../Middlewares/CMSIS-DSP/Source/TransformFunctions/arm_mfcc_q15.c","74","arm_mfcc_q15","80","static,ignoring_inline_asm"
"Middlewares\CMSIS-DSP\Source\WindowFunctions\arm_hft144d_f64.su","../Middlewares/CMSIS-DSP/Source/WindowFunctions/arm_hft144d_f64.c","82","arm_hft144d_f64","80","static"
"Middlewares\CMSIS-DSP\Source\WindowFunctions\arm_nuttall4a_f64.su","../Middlewares/CMSIS-DSP/Source/WindowFunctions/arm_nuttall4a_f64.c","69","arm_nuttall4a_f64","80","static"
"Middlewares\CMSIS-DSP\Source\WindowFunctions\arm_nuttall4b_f64.su","../Middlewares/CMSIS-DSP/Source/WindowFunctions/arm_nuttall4b_f64.c","69","arm_nuttall4b_f64","80","static"
"Middlewares\CMSIS-DSP\Source\WindowFunctions\arm_hft90d_f64.su","../Middlewares/CMSIS-DSP/Source/WindowFunctions/arm_hft90d_f64.c","94","arm_hft90d_f64","80","static"
"Middlewares\CMSIS-DSP\Source\WindowFunctions\arm_hft196d_f64.su","../Middlewares/CMSIS-DSP/Source/WindowFunctions/arm_hft196d_f64.c","82","arm_hft196d_f64","80","static"
"Middlewares\CMSIS-DSP\Source\WindowFunctions\arm_hft95_f64.su","../Middlewares/CMSIS-DSP/Source/WindowFunctions/arm_hft95_f64.c","82","arm_hft95_f64","80","static"
"Middlewares\CMSIS-DSP\Source\WindowFunctions\arm_hft169d_f64.su","../Middlewares/CMSIS-DSP/Source/WindowFunctions/arm_hft169d_f64.c","82","arm_hft169d_f64","80","static"
"Middlewares\CMSIS-DSP\Source\WindowFunctions\arm_hft223d_f64.su","../Middlewares/CMSIS-DSP/Source/WindowFunctions/arm_hft223d_f64.c","82","arm_hft223d_f64","80","static"
"Middlewares\CMSIS-DSP\Source\WindowFunctions\arm_hft248d_f64.su","../Middlewares/CMSIS-DSP/Source/WindowFunctions/arm_hft248d_f64.c","82","arm_hft248d_f64","80","static"
"Middlewares\CMSIS-DSP\Source\FilteringFunctions\arm_fir_decimate_q15.su","../Middlewares/CMSIS-DSP/Source/FilteringFunctions/arm_fir_decimate_q15.c","318","arm_fir_decimate_q15","80","static,ignoring_inline_asm"
"Middlewares\CMSIS-DSP\Source\WindowFunctions\arm_nuttall4c_f64.su","../Middlewares/CMSIS-DSP/Source/WindowFunctions/arm_nuttall4c_f64.c","68","arm_nuttall4c_f64","80","static"
"Middlewares\CMSIS-DSP\Source\WindowFunctions\arm_nuttall4_f64.su","../Middlewares/CMSIS-DSP/Source/WindowFunctions/arm_nuttall4_f64.c","68","arm_nuttall4_f64","80","static"
"Middlewares\CMSIS-DSP\Source\FilteringFunctions\arm_conv_partial_opt_q7.su","../Middlewares/CMSIS-DSP/Source/FilteringFunctions/arm_conv_partial_opt_q7.c","56","arm_conv_partial_opt_q7","80","static,ignoring_inline_asm"
"Drivers\STM32H7RSxx_HAL_Driver\stm32h7rsxx_hal_dma_ex.su","D:/Tudor/Master/Disertatie/ssm-mcu-asd-deploy/nucleo-h7s3l8-ssm-mamba-asd/Drivers/STM32H7RSxx_HAL_Driver/Src/stm32h7rsxx_hal_dma_ex.c","2380","HAL_DMAEx_List_InsertQ_Head","72","static"
"Middlewares\CMSIS-DSP\Source\TransformFunctions\arm_cfft_radix2_q15.su","../Middlewares/CMSIS-DSP/Source/TransformFunctions/arm_cfft_radix2_q15.c","393","arm_radix2_butterfly_inverse_q15","72","static,ignoring_inline_asm"
"Middlewares\CMSIS-DSP\Source\FilteringFunctions\arm_conv_partial_q31.su","../Middlewares/CMSIS-DSP/Source/FilteringFunctions/arm_conv_partial_q31.c","57","arm_conv_partial_q31","72","static"
"Middlewares\CMSIS-DSP\Source\FilteringFunctions\arm_conv_partial_fast_q31.su","../Middlewares/CMSIS-DSP/Source/FilteringFunctions/arm_conv_partial_fast_q31.c","57","arm_conv_partial_fast_q31","72","static"
"Middlewares\CMSIS-DSP\Source\FilteringFunctions\arm_biquad_cascade_df1_q15.su","../Middlewares/CMSIS-DSP/Source/FilteringFunctions/arm_biquad_cascade_df1_q15.c","312","arm_biquad_cascade_df1_q15","72","static,ignoring_inline_asm"
"Middlewares\CMSIS-DSP\Source\FilteringFunctions\arm_fir_interpolate_q15.su","../Middlewares/CMSIS-DSP/Source/FilteringFunctions/arm_fir_interpolate_q15.c","351","arm_fir_interpolate_q15","72","static,ignoring_inline_asm"
"Middlewares\CMSIS-DSP\Source\TransformFunctions\arm_rfft_q31.su","../Middlewares/CMSIS-DSP/Source/TransformFunctions/arm_rfft_q31.c","365","arm_split_rifft_q31","72","static"
"Drivers\STM32H7RSxx_HAL_Driver\stm32h7rsxx_hal_dma_ex.su","D:/Tudor/Master/Disertatie/ssm-mcu-asd-deploy/nucleo-h7s3l8-ssm-mamba-asd/Drivers/STM32H7RSxx_HAL_Driver/Src/stm32h7rsxx_hal_dma_ex.c","2172","HAL_DMAEx_List_InsertQ","72","static"
"Middlewares\CMSIS-DSP\Source\TransformFunctions\arm_cfft_radix2_q31.su","../Middlewares/CMSIS-DSP/Source/TransformFunctions/arm_cfft_radix2_q31.c","213","arm_radix2_butterfly_inverse_q31","72","static"
"Middlewares\CMSIS-DSP\Source\TransformFunctions\arm_cfft_radix2_q15.su","../Middlewares/CMSIS-DSP/Source/TransformFunctions/arm_cfft_radix2_q15.c","83","arm_radix2_butterfly_q15","72","static,ignoring_inline_asm"
"Drivers\STM32H7RSxx_HAL_Driver\stm32h7rsxx_hal_dma_ex.su","D:/Tudor/Master/Disertatie/ssm-mcu-asd-deploy/nucleo-h7s3l8-ssm-mamba-asd/Drivers/STM32H7RSxx_HAL_Driver/Src/stm32h7rsxx_hal_dma_ex.c","2517","HAL_DMAEx_List_InsertQ_Tail","72","static"
"Middlewares\CMSIS-DSP\Source\FilteringFunctions\arm_conv_partial_q7.su","../Middlewares/CMSIS-DSP/Source/FilteringFunctions/arm_conv_partial_q7.c","57","arm_conv_partial_q7","64","static,ignoring_inline_asm"
"Middlewares\CMSIS-DSP\Source\WindowFunctions\arm_nuttall3b_f64.su","../Middlewares/CMSIS-DSP/Source/WindowFunctions/arm_nuttall3b_f64.c","69","arm_nuttall3b_f64","64","static"
"Middlewares\CMSIS-DSP\Source\MatrixFunctions\arm_mat_mult_q7.su","../Middlewares/CMSIS-DSP/Source/MatrixFunctions/arm_mat_mult_q7.c","579","arm_mat_mult_q7","64","static,ignoring_inline_asm"
"Middlewares\CMSIS-DSP\Source\WindowFunctions\arm_nuttall3_f64.su","../Middlewares/CMSIS-DSP/Source/WindowFunctions/arm_nuttall3_f64.c","68","arm_nuttall3_f64","64","static"
"Middlewares\CMSIS-DSP\Source\MatrixFunctions\arm_mat_cmplx_mult_q31.su","../Middlewares/CMSIS-DSP/Source/MatrixFunctions/arm_mat_cmplx_mult_q31.c","837","arm_mat_cmplx_mult_q31","64","static"
"Middlewares\CMSIS-DSP\Source\WindowFunctions\arm_hft169d_f32.su","../Middlewares/CMSIS-DSP/Source/WindowFunctions/arm_hft169d_f32.c","86","arm_hft169d_f32","64","static"
"Middlewares\CMSIS-DSP\Source\FilteringFunctions\arm_lms_q15.su","../Middlewares/CMSIS-DSP/Source/FilteringFunctions/arm_lms_q15.c","61","arm_lms_q15","64","static,ignoring_inline_asm"
"Middlewares\CMSIS-DSP\Source\WindowFunctions\arm_hft116d_f32.su","../Middlewares/CMSIS-DSP/Source/WindowFunctions/arm_hft116d_f32.c","87","arm_hft116d_f32","64","static"
"Middlewares\CMSIS-DSP\Source\WindowFunctions\arm_hft144d_f32.su","../Middlewares/CMSIS-DSP/Source/WindowFunctions/arm_hft144d_f32.c","86","arm_hft144d_f32","64","static"
"Middlewares\CMSIS-DSP\Source\MatrixFunctions\arm_mat_solve_upper_triangular_f32.su","../Middlewares/CMSIS-DSP/Source/MatrixFunctions/arm_mat_solve_upper_triangular_f32.c","247","arm_mat_solve_upper_triangular_f32","64","static"
"Middlewares\CMSIS-DSP\Source\FilteringFunctions\arm_fir_decimate_fast_q31.su","../Middlewares/CMSIS-DSP/Source/FilteringFunctions/arm_fir_decimate_fast_q31.c","61","arm_fir_decimate_fast_q31","64","static"
"Middlewares\CMSIS-DSP\Source\FilteringFunctions\arm_lms_q31.su","../Middlewares/CMSIS-DSP/Source/FilteringFunctions/arm_lms_q31.c","65","arm_lms_q31","64","static"
"Middlewares\CMSIS-DSP\Source\WindowFunctions\arm_hft248d_f32.su","../Middlewares/CMSIS-DSP/Source/WindowFunctions/arm_hft248d_f32.c","86","arm_hft248d_f32","64","static"
"Middlewares\CMSIS-DSP\Source\WindowFunctions\arm_hft90d_f32.su","../Middlewares/CMSIS-DSP/Source/WindowFunctions/arm_hft90d_f32.c","87","arm_hft90d_f32","64","static"
"Middlewares\CMSIS-DSP\Source\WindowFunctions\arm_hft196d_f32.su","../Middlewares/CMSIS-DSP/Source/WindowFunctions/arm_hft196d_f32.c","86","arm_hft196d_f32","64","static"
"Middlewares\CMSIS-DSP\Source\WindowFunctions\arm_hft223d_f32.su","../Middlewares/CMSIS-DSP/Source/WindowFunctions/arm_hft223d_f32.c","86","arm_hft223d_f32","64","static"
"Middlewares\CMSIS-DSP\Source\MatrixFunctions\arm_mat_ldlt_f64.su","../Middlewares/CMSIS-DSP/Source/MatrixFunctions/arm_mat_ldlt_f64.c","59","arm_mat_ldlt_f64","64","static"
"Middlewares\CMSIS-DSP\Source\FilteringFunctions\arm_correlate_q31.su","../Middlewares/CMSIS-DSP/Source/FilteringFunctions/arm_correlate_q31.c","258","arm_correlate_q31","64","static"
"Middlewares\CMSIS-DSP\Source\FilteringFunctions\arm_fir_interpolate_q31.su","../Middlewares/CMSIS-DSP/Source/FilteringFunctions/arm_fir_interpolate_q31.c","348","arm_fir_interpolate_q31","64","static"
"Middlewares\CMSIS-DSP\Source\MatrixFunctions\arm_mat_ldlt_f32.su","../Middlewares/CMSIS-DSP/Source/MatrixFunctions/arm_mat_ldlt_f32.c","318","arm_mat_ldlt_f32","64","static"
"Middlewares\CMSIS-DSP\Source\TransformFunctions\arm_cfft_q31.su","../Middlewares/CMSIS-DSP/Source/TransformFunctions/arm_cfft_q31.c","719","arm_cfft_radix4by2_q31","64","static"
"Middlewares\CMSIS-DSP\Source\WindowFunctions\arm_hft95_f32.su","../Middlewares/CMSIS-DSP/Source/WindowFunctions/arm_hft95_f32.c","86","arm_hft95_f32","64","static"
"Middlewares\CMSIS-DSP\Source\MatrixFunctions\arm_mat_solve_upper_triangular_f64.su","../Middlewares/CMSIS-DSP/Source/MatrixFunctions/arm_mat_solve_upper_triangular_f64.c","147","arm_mat_solve_upper_triangular_f64","64","static"
"Middlewares\CMSIS-DSP\Source\WindowFunctions\arm_nuttall3a_f64.su","../Middlewares/CMSIS-DSP/Source/WindowFunctions/arm_nuttall3a_f64.c","69","arm_nuttall3a_f64","64","static"
"Drivers\STM32H7RSxx_HAL_Driver\stm32h7rsxx_hal_dma_ex.su","D:/Tudor/Master/Disertatie/ssm-mcu-asd-deploy/nucleo-h7s3l8-ssm-mamba-asd/Drivers/STM32H7RSxx_HAL_Driver/Src/stm32h7rsxx_hal_dma_ex.c","1749","HAL_DMAEx_List_ReplaceNode","56","static"
"Middlewares\CMSIS-DSP\Source\SVMFunctions\arm_svm_sigmoid_predict_f32.su","../Middlewares/CMSIS-DSP/Source/SVMFunctions/arm_svm_sigmoid_predict_f32.c","459","arm_svm_sigmoid_predict_f32","56","static"
"Middlewares\CMSIS-DSP\Source\FilteringFunctions\arm_fir_decimate_q31.su","../Middlewares/CMSIS-DSP/Source/FilteringFunctions/arm_fir_decimate_q31.c","305","arm_fir_decimate_q31","56","static"
"Middlewares\CMSIS-DSP\Source\TransformFunctions\arm_bitreversal.su","../Middlewares/CMSIS-DSP/Source/TransformFunctions/arm_bitreversal.c","46","arm_bitreversal_f32","56","static"
"Drivers\STM32H7RSxx_HAL_Driver\stm32h7rsxx_hal_dma_ex.su","D:/Tudor/Master/Disertatie/ssm-mcu-asd-deploy/nucleo-h7s3l8-ssm-mamba-asd/Drivers/STM32H7RSxx_HAL_Driver/Src/stm32h7rsxx_hal_dma_ex.c","1120","HAL_DMAEx_List_InsertNode","56","static"
"Middlewares\CMSIS-DSP\Source\FilteringFunctions\arm_fir_lattice_q31.su","../Middlewares/CMSIS-DSP/Source/FilteringFunctions/arm_fir_lattice_q31.c","51","arm_fir_lattice_q31","56","static"
"Middlewares\CMSIS-DSP\Source\FilteringFunctions\arm_fir_q7.su","../Middlewares/CMSIS-DSP/Source/FilteringFunctions/arm_fir_q7.c","446","arm_fir_q7","56","static,ignoring_inline_asm"
"Middlewares\CMSIS-DSP\Source\SVMFunctions\arm_svm_rbf_predict_f32.su","../Middlewares/CMSIS-DSP/Source/SVMFunctions/arm_svm_rbf_predict_f32.c","494","arm_svm_rbf_predict_f32","56","static"
"Middlewares\CMSIS-DSP\Source\FilteringFunctions\arm_fir_sparse_q15.su","../Middlewares/CMSIS-DSP/Source/FilteringFunctions/arm_fir_sparse_q15.c","58","arm_fir_sparse_q15","56","static,ignoring_inline_asm"
"Middlewares\CMSIS-DSP\Source\FilteringFunctions\arm_fir_fast_q31.su","../Middlewares/CMSIS-DSP/Source/FilteringFunctions/arm_fir_fast_q31.c","60","arm_fir_fast_q31","56","static"
"Middlewares\CMSIS-DSP\Source\FilteringFunctions\arm_fir_q15.su","../Middlewares/CMSIS-DSP/Source/FilteringFunctions/arm_fir_q15.c","458","arm_fir_q15","56","static,ignoring_inline_asm"
"Middlewares\CMSIS-DSP\Source\FilteringFunctions\arm_conv_partial_f32.su","../Middlewares/CMSIS-DSP/Source/FilteringFunctions/arm_conv_partial_f32.c","86","arm_conv_partial_f32","56","static"
"Middlewares\CMSIS-DSP\Source\TransformFunctions\arm_mfcc_f32.su","../Middlewares/CMSIS-DSP/Source/TransformFunctions/arm_mfcc_f32.c","68","arm_mfcc_f32","56","static"
"Middlewares\CMSIS-DSP\Source\ComplexMathFunctions\arm_cmplx_dot_prod_q15.su","../Middlewares/CMSIS-DSP/Source/ComplexMathFunctions/arm_cmplx_dot_prod_q15.c","158","arm_cmplx_dot_prod_q15","56","static"
"Middlewares\CMSIS-DSP\Source\DistanceFunctions\arm_dtw_distance_f32.su","../Middlewares/CMSIS-DSP/Source/DistanceFunctions/arm_dtw_distance_f32.c","86","arm_dtw_distance_f32","56","static"
"Core\Src\main.su","../Core/Src/main.c","422","TransmitAcked","56","static"
"Middlewares\CMSIS-DSP\Source\ControllerFunctions\arm_sin_cos_q31.su","../Middlewares/CMSIS-DSP/Source/ControllerFunctions/arm_sin_cos_q31.c","50","arm_sin_cos_q31","56","static"
"Middlewares\CMSIS-DSP\Source\MatrixFunctions\arm_mat_cholesky_f64.su","../Middlewares/CMSIS-DSP/Source/MatrixFunctions/arm_mat_cholesky_f64.c","217","arm_mat_cholesky_f64","56","static"
"Middlewares\CMSIS-DSP\Source\MatrixFunctions\arm_mat_vec_mult_f32.su","../Middlewares/CMSIS-DSP/Source/MatrixFunctions/arm_mat_vec_mult_f32.c","290","arm_mat_vec_mult_f32","56","static"
"Middlewares\CMSIS-DSP\Source\WindowFunctions\arm_nuttall4_f32.su","../Middlewares/CMSIS-DSP/Source/WindowFunctions/arm_nuttall4_f32.c","72","arm_nuttall4_f32","56","static"
"Middlewares\CMSIS-DSP\Source\WindowFunctions\arm_nuttall4b_f32.su","../Middlewares/CMSIS-DSP/Source/WindowFunctions/arm_nuttall4b_f32.c","73","arm_nuttall4b_f32","56","static"
"Middlewares\CMSIS-DSP\Source\WindowFunctions\arm_nuttall4a_f32.su","../Middlewares/CMSIS-DSP/Source/WindowFunctions/arm_nuttall4a_f32.c","73","arm_nuttall4a_f32","56","static"
"Drivers\BSP\STM32H7xx_Nucleo\stm32h7rsxx_nucleo.su","D:/Tudor/Master/Disertatie/ssm-mcu-asd-deploy/nucleo-h7s3l8-ssm-mamba-asd/Drivers/BSP/STM32H7RSxx_Nucleo/stm32h7rsxx_nucleo.c","440","BSP_COM_Init","56","static"
"Middlewares\CMSIS-DSP\Source\DistanceFunctions\arm_boolean_distance.su","../Middlewares/CMSIS-DSP/Source/DistanceFunctions/arm_boolean_distance_template.h","458","arm_boolean_distance_TT_FF_TF_FT","56","static"
"Middlewares\CMSIS-DSP\Source\WindowFunctions\arm_blackman_harris_92db_f32.su","../Middlewares/CMSIS-DSP/Source/WindowFunctions/arm_blackman_harris_92db_f32.c","72","arm_blackman_harris_92db_f32","56","static"
"Middlewares\CMSIS-DSP\Source\MatrixFunctions\arm_mat_cholesky_f32.su","../Middlewares/CMSIS-DSP/Source/MatrixFunctions/arm_mat_cholesky_f32.c","368","arm_mat_cholesky_f32","56","static"
"Middlewares\CMSIS-DSP\Source\ComplexMathFunctions\arm_cmplx_dot_prod_q31.su","../Middlewares/CMSIS-DSP/Source/ComplexMathFunctions/arm_cmplx_dot_prod_q31.c","162","arm_cmplx_dot_prod_q31","56","static"
"Middlewares\CMSIS-DSP\Source\InterpolationFunctions\arm_spline_interp_f32.su","../Middlewares/CMSIS-DSP/Source/InterpolationFunctions/arm_spline_interp_f32.c","146","arm_spline_f32","56","static"
"Drivers\STM32H7RSxx_HAL_Driver\stm32h7rsxx_hal_dma_ex.su","D:/Tudor/Master/Disertatie/ssm-mcu-asd-deploy/nucleo-h7s3l8-ssm-mamba-asd/Drivers/STM32H7RSxx_HAL_Driver/Src/stm32h7rsxx_hal_dma_ex.c","1416","HAL_DMAEx_List_RemoveNode","56","static"
"Middlewares\CMSIS-DSP\Source\SupportFunctions\arm_bitonic_sort_f32.su","../Middlewares/CMSIS-DSP/Source/SupportFunctions/arm_bitonic_sort_f32.c","912","arm_bitonic_sort_f32","56","static"
"Middlewares\CMSIS-DSP\Source\TransformFunctions\arm_cfft_q31.su","../Middlewares/CMSIS-DSP/Source/TransformFunctions/arm_cfft_q31.c","780","arm_cfft_radix4by2_inverse_q31","56","static"
"Middlewares\CMSIS-DSP\Source\WindowFunctions\arm_nuttall4c_f32.su","../Middlewares/CMSIS-DSP/Source/WindowFunctions/arm_nuttall4c_f32.c","72","arm_nuttall4c_f32","56","static"
"Middlewares\CMSIS-DSP\Source\FilteringFunctions\arm_correlate_fast_opt_q15.su","../Middlewares/CMSIS-DSP/Source/FilteringFunctions/arm_correlate_fast_opt_q15.c","63","arm_correlate_fast_opt_q15","48","static,ignoring_inline_asm"
"Middlewares\CMSIS-DSP\Source\FilteringFunctions\arm_correlate_f64.su","../Middlewares/CMSIS-DSP/Source/FilteringFunctions/arm_correlate_f64.c","49","arm_correlate_f64","48","static"
"Middlewares\CMSIS-DSP\Source\MatrixFunctions\arm_mat_solve_lower_triangular_f32.su","../Middlewares/CMSIS-DSP/Source/MatrixFunctions/arm_mat_solve_lower_triangular_f32.c","255","arm_mat_solve_lower_triangular_f32","48","static"
"Middlewares\CMSIS-DSP\Source\FilteringFunctions\arm_correlate_q7.su","../Middlewares/CMSIS-DSP/Source/FilteringFunctions/arm_correlate_q7.c","261","arm_correlate_q7","48","static,ignoring_inline_asm"
"Middlewares\CMSIS-DSP\Source\TransformFunctions\arm_cfft_radix2_f32.su","../Middlewares/CMSIS-DSP/Source/TransformFunctions/arm_cfft_radix2_f32.c","110","arm_radix2_butterfly_f32","48","static"
"Drivers\STM32H7RSxx_HAL_Driver\stm32h7rsxx_hal_dma.su","D:/Tudor/Master/Disertatie/ssm-mcu-asd-deploy/nucleo-h7s3l8-ssm-mamba-asd/Drivers/STM32H7RSxx_HAL_Driver/Src/stm32h7rsxx_hal_dma.c","374","HAL_DMA_Init","48","static"
"Middlewares\CMSIS-DSP\Source\FilteringFunctions\arm_correlate_opt_q15.su","../Middlewares/CMSIS-DSP/Source/FilteringFunctions/arm_correlate_opt_q15.c","60","arm_correlate_opt_q15","48","static,ignoring_inline_asm"
"Middlewares\CMSIS-DSP\Source\DistanceFunctions\arm_yule_distance.su","../Middlewares/CMSIS-DSP/Source/DistanceFunctions/arm_yule_distance.c","60","arm_yule_distance","48","static"
"Middlewares\CMSIS-DSP\Source\MatrixFunctions\arm_mat_solve_lower_triangular_f64.su","../Middlewares/CMSIS-DSP/Source/MatrixFunctions/arm_mat_solve_lower_triangular_f64.c","152","arm_mat_solve_lower_triangular_f64","48","static"
"Middlewares\CMSIS-DSP\Source\TransformFunctions\arm_cfft_radix2_f32.su","../Middlewares/CMSIS-DSP/Source/TransformFunctions/arm_cfft_radix2_f32.c","278","arm_radix2_butterfly_inverse_f32","48","static"
"Middlewares\CMSIS-DSP\Source\FilteringFunctions\arm_correlate_f32.su","../Middlewares/CMSIS-DSP/Source/FilteringFunctions/arm_correlate_f32.c","309","arm_correlate_f32","48","static"
"Middlewares\CMSIS-DSP\Source\FilteringFunctions\arm_conv_partial_opt_q15.su","../Middlewares/CMSIS-DSP/Source/FilteringFunctions/arm_conv_partial_opt_q15.c","59","arm_conv_partial_opt_q15","48","static,ignoring_inline_asm"
"Middlewares\CMSIS-DSP\Source\DistanceFunctions\arm_rogerstanimoto_distance.su","../Middlewares/CMSIS-DSP/Source/DistanceFunctions/arm_rogerstanimoto_distance.c","61","arm_rogerstanimoto_distance","48","static"
"Core\Src\feature_pipeline.su","../Core/Src/feature_pipeline.c","20","FeaturePipeline_ComputeLogMelFrame","48","static"
"Middlewares\CMSIS-DSP\Source\DistanceFunctions\arm_dtw_path_f32.su","../Middlewares/CMSIS-DSP/Source/DistanceFunctions/arm_dtw_path_f32.c","66","arm_dtw_path_f32","48","static"
"Drivers\STM32H7RSxx_HAL_Driver\stm32h7rsxx_hal_dma_ex.su","D:/Tudor/Master/Disertatie/ssm-mcu-asd-deploy/nucleo-h7s3l8-ssm-mamba-asd/Drivers/STM32H7RSxx_HAL_Driver/Src/stm32h7rsxx_hal_dma_ex.c","1329","HAL_DMAEx_List_InsertNode_Tail","48","static"
"Drivers\STM32H7RSxx_HAL_Driver\stm32h7rsxx_hal_dma_ex.su","D:/Tudor/Master/Disertatie/ssm-mcu-asd-deploy/nucleo-h7s3l8-ssm-mamba-asd/Drivers/STM32H7RSxx_HAL_Driver/Src/stm32h7rsxx_hal_dma_ex.c","1557","HAL_DMAEx_List_RemoveNode_Head","48","static"
"Drivers\STM32H7RSxx_HAL_Driver\stm32h7rsxx_hal_dma_ex.su","D:/Tudor/Master/Disertatie/ssm-mcu-asd-deploy/nucleo-h7s3l8-ssm-mamba-asd/Drivers/STM32H7RSxx_HAL_Driver/Src/stm32h7rsxx_hal_dma_ex.c","1654","HAL_DMAEx_List_RemoveNode_Tail","48","static"
"Middlewares\CMSIS-DSP\Source\MatrixFunctions\arm_householder_f64.su","../Middlewares/CMSIS-DSP/Source/MatrixFunctions/arm_householder_f64.c","61","arm_householder_f64","48","static"
"Middlewares\CMSIS-DSP\Source\FilteringFunctions\arm_conv_q31.su","../Middlewares/CMSIS-DSP/Source/FilteringFunctions/arm_conv_q31.c","225","arm_conv_q31","48","static"
"Middlewares\CMSIS-DSP\Source\FilteringFunctions\arm_conv_q7.su","../Middlewares/CMSIS-DSP/Source/FilteringFunctions/arm_conv_q7.c","219","arm_conv_q7","48","static,ignoring_inline_asm"
"Middlewares\CMSIS-DSP\Source\DistanceFunctions\arm_sokalmichener_distance.su","../Middlewares/CMSIS-DSP/Source/DistanceFunctions/arm_sokalmichener_distance.c","60","arm_sokalmichener_distance","48","static"
"Drivers\STM32H7RSxx_HAL_Driver\stm32h7rsxx_hal_dma_ex.su","D:/Tudor/Master/Disertatie/ssm-mcu-asd-deploy/nucleo-h7s3l8-ssm-mamba-asd/Drivers/STM32H7RSxx_HAL_Driver/Src/stm32h7rsxx_hal_dma_ex.c","1912","HAL_DMAEx_List_ReplaceNode_Head","48","static"
"Drivers\STM32H7RSxx_HAL_Driver\stm32h7rsxx_hal_dma_ex.su","D:/Tudor/Master/Disertatie/ssm-mcu-asd-deploy/nucleo-h7s3l8-ssm-mamba-asd/Drivers/STM32H7RSxx_HAL_Driver/Src/stm32h7rsxx_hal_dma_ex.c","4507","DMA_List_UpdateDynamicQueueNodesCLLR","48","static"
"Drivers\STM32H7RSxx_HAL_Driver\stm32h7rsxx_hal_dma_ex.su","D:/Tudor/Master/Disertatie/ssm-mcu-asd-deploy/nucleo-h7s3l8-ssm-mamba-asd/Drivers/STM32H7RSxx_HAL_Driver/Src/stm32h7rsxx_hal_dma_ex.c","2009","HAL_DMAEx_List_ReplaceNode_Tail","48","static"
"Middlewares\CMSIS-DSP\Source\FilteringFunctions\arm_fir_lattice_q15.su","../Middlewares/CMSIS-DSP/Source/FilteringFunctions/arm_fir_lattice_q15.c","48","arm_fir_lattice_q15","48","static,ignoring_inline_asm"
"Middlewares\CMSIS-DSP\Source\DistanceFunctions\arm_boolean_distance.su","../Middlewares/CMSIS-DSP/Source/DistanceFunctions/arm_boolean_distance_template.h","458","arm_boolean_distance_TF_FT","48","static"
"Middlewares\CMSIS-DSP\Source\FilteringFunctions\arm_fir_q31.su","../Middlewares/CMSIS-DSP/Source/FilteringFunctions/arm_fir_q31.c","931","arm_fir_q31","48","static"
"Middlewares\CMSIS-DSP\Source\DistanceFunctions\arm_boolean_distance.su","../Middlewares/CMSIS-DSP/Source/DistanceFunctions/arm_boolean_distance_template.h","458","arm_boolean_distance_TT_TF_FT","48","static"
"Middlewares\CMSIS-DSP\Source\FilteringFunctions\arm_conv_opt_q15.su","../Middlewares/CMSIS-DSP/Source/FilteringFunctions/arm_conv_opt_q15.c","60","arm_conv_opt_q15","48","static,ignoring_inline_asm"
"Middlewares\CMSIS-DSP\Source\MatrixFunctions\arm_mat_mult_f64.su","../Middlewares/CMSIS-DSP/Source/MatrixFunctions/arm_mat_mult_f64.c","376","arm_mat_mult_f64","48","static"
"Drivers\STM32H7RSxx_HAL_Driver\stm32h7rsxx_hal_rcc.su","D:/Tudor/Master/Disertatie/ssm-mcu-asd-deploy/nucleo-h7s3l8-ssm-mamba-asd/Drivers/STM32H7RSxx_HAL_Driver/Src/stm32h7rsxx_hal_rcc.c","1138","HAL_RCC_MCOConfig","48","static"
"Middlewares\CMSIS-DSP\Source\TransformFunctions\arm_rfft_q15.su","../Middlewares/CMSIS-DSP/Source/TransformFunctions/arm_rfft_q15.c","222","arm_split_rfft_q15","48","static,ignoring_inline_asm"
"Middlewares\CMSIS-DSP\Source\InterpolationFunctions\arm_spline_interp_init_f32.su","../Middlewares/CMSIS-DSP/Source/InterpolationFunctions/arm_spline_interp_init_f32.c","65","arm_spline_init_f32","48","static"
"Middlewares\CMSIS-DSP\Source\FilteringFunctions\arm_biquad_cascade_df1_fast_q15.su","../Middlewares/CMSIS-DSP/Source/FilteringFunctions/arm_biquad_cascade_df1_fast_q15.c","59","arm_biquad_cascade_df1_fast_q15","48","static,ignoring_inline_asm"
"Middlewares\CMSIS-DSP\Source\FilteringFunctions\arm_lms_f32.su","../Middlewares/CMSIS-DSP/Source/FilteringFunctions/arm_lms_f32.c","337","arm_lms_f32","48","static"
"Middlewares\CMSIS-DSP\Source\FilteringFunctions\arm_lms_norm_f32.su","../Middlewares/CMSIS-DSP/Source/FilteringFunctions/arm_lms_norm_f32.c","348","arm_lms_norm_f32","48","static"
"Middlewares\CMSIS-DSP\Source\FilteringFunctions\arm_fir_sparse_q31.su","../Middlewares/CMSIS-DSP/Source/FilteringFunctions/arm_fir_sparse_q31.c","56","arm_fir_sparse_q31","48","static"
"Middlewares\CMSIS-DSP\Source\FilteringFunctions\arm_fir_sparse_f32.su","../Middlewares/CMSIS-DSP/Source/FilteringFunctions/arm_fir_sparse_f32.c","112","arm_fir_sparse_f32","48","static"
"Middlewares\CMSIS-DSP\Source\FilteringFunctions\arm_iir_lattice_f32.su","../Middlewares/CMSIS-DSP/Source/FilteringFunctions/arm_iir_lattice_f32.c","120","arm_iir_lattice_f32","48","static"
"Middlewares\CMSIS-DSP\Source\FilteringFunctions\arm_fir_sparse_q7.su","../Middlewares/CMSIS-DSP/Source/FilteringFunctions/arm_fir_sparse_q7.c","58","arm_fir_sparse_q7","48","static,ignoring_inline_asm"
"Middlewares\CMSIS-DSP\Source\FilteringFunctions\arm_fir_fast_q15.su","../Middlewares/CMSIS-DSP/Source/FilteringFunctions/arm_fir_fast_q15.c","59","arm_fir_fast_q15","48","static,ignoring_inline_asm"
"Middlewares\CMSIS-DSP\Source\MatrixFunctions\arm_mat_mult_q31.su","../Middlewares/CMSIS-DSP/Source/MatrixFunctions/arm_mat_mult_q31.c","626","arm_mat_mult_q31","48","static"
"Drivers\BSP\STM32H7xx_Nucleo\stm32h7rsxx_nucleo.su","D:/Tudor/Master/Disertatie/ssm-mcu-asd-deploy/nucleo-h7s3l8-ssm-mamba-asd/Drivers/BSP/STM32H7RSxx_Nucleo/stm32h7rsxx_nucleo.c","313","BSP_PB_Init","48","static"
"Drivers\STM32H7RSxx_HAL_Driver\stm32h7rsxx_hal_dma_ex.su","D:/Tudor/Master/Disertatie/ssm-mcu-asd-deploy/nucleo-h7s3l8-ssm-mamba-asd/Drivers/STM32H7RSxx_HAL_Driver/Src/stm32h7rsxx_hal_dma_ex.c","2748","HAL_DMAEx_List_SetCircularMode","48","static"
"Middlewares\CMSIS-DSP\Source\WindowFunctions\arm_hanning_f64.su","../Middlewares/CMSIS-DSP/Source/WindowFunctions/arm_hanning_f64.c","69","arm_hanning_f64","48","static"
"Drivers\BSP\STM32H7xx_Nucleo\stm32h7rsxx_nucleo.su","D:/Tudor/Master/Disertatie/ssm-mcu-asd-deploy/nucleo-h7s3l8-ssm-mamba-asd/Drivers/BSP/STM32H7RSxx_Nucleo/stm32h7rsxx_nucleo.c","174","BSP_LED_Init","48","static"
"Drivers\STM32H7RSxx_HAL_Driver\stm32h7rsxx_hal_gpio.su","D:/Tudor/Master/Disertatie/ssm-mcu-asd-deploy/nucleo-h7s3l8-ssm-mamba-asd/Drivers/STM32H7RSxx_HAL_Driver/Src/stm32h7rsxx_hal_gpio.c","292","HAL_GPIO_DeInit","48","static"
"Middlewares\CMSIS-DSP\Source\WindowFunctions\arm_hamming_f64.su","../Middlewares/CMSIS-DSP/Source/WindowFunctions/arm_hamming_f64.c","68","arm_hamming_f64","48","static"
"Drivers\STM32H7RSxx_HAL_Driver\stm32h7rsxx_hal_dma_ex.su","D:/Tudor/Master/Disertatie/ssm-mcu-asd-deploy/nucleo-h7s3l8-ssm-mamba-asd/Drivers/STM32H7RSxx_HAL_Driver/Src/stm32h7rsxx_hal_dma_ex.c","2653","HAL_DMAEx_List_SetCircularModeConfig","48","static"
"Drivers\STM32H7RSxx_HAL_Driver\stm32h7rsxx_hal_gpio.su","D:/Tudor/Master/Disertatie/ssm-mcu-asd-deploy/nucleo-h7s3l8-ssm-mamba-asd/Drivers/STM32H7RSxx_HAL_Driver/Src/stm32h7rsxx_hal_gpio.c","164","HAL_GPIO_Init","48","static"
"Middlewares\CMSIS-DSP\Source\FilteringFunctions\arm_fir_interpolate_f32.su","../Middlewares/CMSIS-DSP/Source/FilteringFunctions/arm_fir_interpolate_f32.c","824","arm_fir_interpolate_f32","48","static"
"Middlewares\CMSIS-DSP\Source\TransformFunctions\arm_bitreversal.su","../Middlewares/CMSIS-DSP/Source/TransformFunctions/arm_bitreversal.c","121","arm_bitreversal_q31","48","static"
"Middlewares\CMSIS-DSP\Source\MatrixFunctions\arm_mat_mult_opt_q31.su","../Middlewares/CMSIS-DSP/Source/MatrixFunctions/arm_mat_mult_opt_q31.c","648","arm_mat_mult_opt_q31","48","static"
"Middlewares\CMSIS-DSP\Source\DistanceFunctions\arm_jaccard_distance.su","../Middlewares/CMSIS-DSP/Source/DistanceFunctions/arm_jaccard_distance.c","60","arm_jaccard_distance","40","static"
"Middlewares\CMSIS-DSP\Source\DistanceFunctions\arm_dice_distance.su","../Middlewares/CMSIS-DSP/Source/DistanceFunctions/arm_dice_distance.c","76","arm_dice_distance","40","static"
"Middlewares\CMSIS-DSP\Source\DistanceFunctions\arm_correlation_distance_f32.su","../Middlewares/CMSIS-DSP/Source/DistanceFunctions/arm_correlation_distance_f32.c","54","arm_correlation_distance_f32","40","static,ignoring_inline_asm"
"Middlewares\CMSIS-DSP\Source\DistanceFunctions\arm_jensenshannon_distance_f32.su","../Middlewares/CMSIS-DSP/Source/DistanceFunctions/arm_jensenshannon_distance_f32.c","221","arm_jensenshannon_distance_f32","40","static,ignoring_inline_asm"
"Middlewares\CMSIS-DSP\Source\FilteringFunctions\arm_conv_fast_opt_q15.su","../Middlewares/CMSIS-DSP/Source/FilteringFunctions/arm_conv_fast_opt_q15.c","64","arm_conv_fast_opt_q15","40","static,ignoring_inline_asm"
"Middlewares\CMSIS-DSP\Source\DistanceFunctions\arm_sokalsneath_distance.su","../Middlewares/CMSIS-DSP/Source/DistanceFunctions/arm_sokalsneath_distance.c","59","arm_sokalsneath_distance","40","static"
"Middlewares\CMSIS-DSP\Source\DistanceFunctions\arm_cosine_distance_f64.su","../Middlewares/CMSIS-DSP/Source/DistanceFunctions/arm_cosine_distance_f64.c","52","arm_cosine_distance_f64","40","static"
"Drivers\STM32H7RSxx_HAL_Driver\stm32h7rsxx_hal_dma_ex.su","D:/Tudor/Master/Disertatie/ssm-mcu-asd-deploy/nucleo-h7s3l8-ssm-mamba-asd/Drivers/STM32H7RSxx_HAL_Driver/Src/stm32h7rsxx_hal_dma_ex.c","2831","HAL_DMAEx_List_ClearCircularMode","40","static"
"Middlewares\CMSIS-DSP\Source\WindowFunctions\arm_nuttall3a_f32.su","../Middlewares/CMSIS-DSP/Source/WindowFunctions/arm_nuttall3a_f32.c","73","arm_nuttall3a_f32","40","static"
"Middlewares\CMSIS-DSP\Source\FilteringFunctions\arm_conv_partial_fast_opt_q15.su","../Middlewares/CMSIS-DSP/Source/FilteringFunctions/arm_conv_partial_fast_opt_q15.c","59","arm_conv_partial_fast_opt_q15","40","static,ignoring_inline_asm"
"Drivers\STM32H7RSxx_HAL_Driver\stm32h7rsxx_hal_rcc.su","D:/Tudor/Master/Disertatie/ssm-mcu-asd-deploy/nucleo-h7s3l8-ssm-mamba-asd/Drivers/STM32H7RSxx_HAL_Driver/Src/stm32h7rsxx_hal_rcc.c","1940","RCC_PLL_Config","40","static"
"Drivers\STM32H7RSxx_HAL_Driver\stm32h7rsxx_hal_uart.su","D:/Tudor/Master/Disertatie/ssm-mcu-asd-deploy/nucleo-h7s3l8-ssm-mamba-asd/Drivers/STM32H7RSxx_HAL_Driver/Src/stm32h7rsxx_hal_uart.c","1212","HAL_UART_Receive","40","static"
"Middlewares\CMSIS-DSP\Source\WindowFunctions\arm_nuttall3_f32.su","../Middlewares/CMSIS-DSP/Source/WindowFunctions/arm_nuttall3_f32.c","72","arm_nuttall3_f32","40","static"
"Middlewares\CMSIS-DSP\Source\WindowFunctions\arm_nuttall3b_f32.su","../Middlewares/CMSIS-DSP/Source/WindowFunctions/arm_nuttall3b_f32.c","73","arm_nuttall3b_f32","40","static"
"Drivers\STM32H7RSxx_HAL_Driver\stm32h7rsxx_hal_dma_ex.su","D:/Tudor/Master/Disertatie/ssm-mcu-asd-deploy/nucleo-h7s3l8-ssm-mamba-asd/Drivers/STM32H7RSxx_HAL_Driver/Src/stm32h7rsxx_hal_dma_ex.c","608","HAL_DMAEx_List_Init","40","static"
"Middlewares\CMSIS-DSP\Source\TransformFunctions\arm_rfft_q31.su","../Middlewares/CMSIS-DSP/Source/TransformFunctions/arm_rfft_q31.c","105","arm_rfft_q31","40","static"
"Drivers\STM32H7RSxx_HAL_Driver\stm32h7rsxx_hal_uart_ex.su","D:/Tudor/Master/Disertatie/ssm-mcu-asd-deploy/nucleo-h7s3l8-ssm-mamba-asd/Drivers/STM32H7RSxx_HAL_Driver/Src/stm32h7rsxx_hal_uart_ex.c","713","HAL_UARTEx_ReceiveToIdle","40","static"
"Middlewares\CMSIS-DSP\Source\MatrixFunctions\arm_householder_f32.su","../Middlewares/CMSIS-DSP/Source/MatrixFunctions/arm_householder_f32.c","136","arm_householder_f32","40","static,ignoring_inline_asm"
"Middlewares\CMSIS-DSP\Source\TransformFunctions\arm_rfft_q15.su","../Middlewares/CMSIS-DSP/Source/TransformFunctions/arm_rfft_q15.c","104","arm_rfft_q15","40","static"
"Middlewares\CMSIS-DSP\Source\SupportFunctions\arm_merge_sort_f32.su","../Middlewares/CMSIS-DSP/Source/SupportFunctions/arm_merge_sort_f32.c","61","arm_merge_sort_core_f32","40","static"
"Middlewares\CMSIS-DSP\Source\ComplexMathFunctions\arm_cmplx_mult_cmplx_q31.su","../Middlewares/CMSIS-DSP/Source/ComplexMathFunctions/arm_cmplx_mult_cmplx_q31.c","167","arm_cmplx_mult_cmplx_q31","36","static"
"Middlewares\CMSIS-DSP\Source\TransformFunctions\arm_bitreversal.su","../Middlewares/CMSIS-DSP/Source/TransformFunctions/arm_bitreversal.c","196","arm_bitreversal_q15","36","static"
"Middlewares\CMSIS-DSP\Source\FilteringFunctions\arm_fir_decimate_f64.su","../Middlewares/CMSIS-DSP/Source/FilteringFunctions/arm_fir_decimate_f64.c","48","arm_fir_decimate_f64","36","static"
"Middlewares\CMSIS-DSP\Source\FilteringFunctions\arm_fir_decimate_f32.su","../Middlewares/CMSIS-DSP/Source/FilteringFunctions/arm_fir_decimate_f32.c","620","arm_fir_decimate_f32","36","static"
"Middlewares\CMSIS-DSP\Source\StatisticsFunctions\arm_kullback_leibler_f64.su","../Middlewares/CMSIS-DSP/Source/StatisticsFunctions/arm_kullback_leibler_f64.c","49","arm_kullback_leibler_f64","32","static"
"Middlewares\CMSIS-DSP\Source\StatisticsFunctions\arm_absmax_q31.su","../Middlewares/CMSIS-DSP/Source/StatisticsFunctions/arm_absmax_q31.c","103","arm_absmax_q31","32","static,ignoring_inline_asm"
"Middlewares\CMSIS-DSP\Source\SupportFunctions\arm_merge_sort_f32.su","../Middlewares/CMSIS-DSP/Source/SupportFunctions/arm_merge_sort_f32.c","103","arm_merge_sort_f32","32","static"
"Drivers\STM32H7RSxx_HAL_Driver\stm32h7rsxx_hal_flash_ex.su","D:/Tudor/Master/Disertatie/ssm-mcu-asd-deploy/nucleo-h7s3l8-ssm-mamba-asd/Drivers/STM32H7RSxx_HAL_Driver/Src/stm32h7rsxx_hal_flash_ex.c","165","HAL_FLASHEx_Erase","32","static"
"Middlewares\CMSIS-DSP\Source\StatisticsFunctions\arm_entropy_f64.su","../Middlewares/CMSIS-DSP/Source/StatisticsFunctions/arm_entropy_f64.c","50","arm_entropy_f64","32","static"
"Middlewares\CMSIS-DSP\Source\SupportFunctions\arm_f64_to_q31.su","../Middlewares/CMSIS-DSP/Source/SupportFunctions/arm_f64_to_q31.c","63","arm_f64_to_q31","32","static"
"Middlewares\CMSIS-DSP\Source\DistanceFunctions\arm_hamming_distance.su","../Middlewares/CMSIS-DSP/Source/DistanceFunctions/arm_hamming_distance.c","58","arm_hamming_distance","32","static"
"Drivers\STM32H7RSxx_HAL_Driver\stm32h7rsxx_hal_uart.su","D:/Tudor/Master/Disertatie/ssm-mcu-asd-deploy/nucleo-h7s3l8-ssm-mamba-asd/Drivers/STM32H7RSxx_HAL_Driver/Src/stm32h7rsxx_hal_uart.c","4745","UART_RxISR_16BIT_FIFOEN","32","static,ignoring_inline_asm"
"Middlewares\CMSIS-DSP\Source\DistanceFunctions\arm_boolean_distance.su","../Middlewares/CMSIS-DSP/Source/DistanceFunctions/arm_boolean_distance_template.h","458","arm_boolean_distance_TT","32","static"
"Drivers\STM32H7RSxx_HAL_Driver\stm32h7rsxx_hal_uart.su","D:/Tudor/Master/Disertatie/ssm-mcu-asd-deploy/nucleo-h7s3l8-ssm-mamba-asd/Drivers/STM32H7RSxx_HAL_Driver/Src/stm32h7rsxx_hal_uart.c","3541","UART_WaitOnFlagUntilTimeout","32","static"
"Middlewares\CMSIS-DSP\Source\TransformFunctions\arm_cfft_q15.su","../Middlewares/CMSIS-DSP/Source/TransformFunctions/arm_cfft_q15.c","688","arm_cfft_radix4by2_q15","32","static,ignoring_inline_asm"
"Middlewares\CMSIS-DSP\Source\TransformFunctions\arm_cfft_q15.su","../Middlewares/CMSIS-DSP/Source/TransformFunctions/arm_cfft_q15.c","787","arm_cfft_radix4by2_inverse_q15","32","static,ignoring_inline_asm"
"Middlewares\CMSIS-DSP\Source\FastMathFunctions\arm_atan2_q31.su","../Middlewares/CMSIS-DSP/Source/FastMathFunctions/arm_atan2_q31.c","185","arm_atan2_q31","32","static,ignoring_inline_asm"
"Core\Src\ssm_distance_head.su","../Core/Src/ssm_distance_head.c","15","SSMDistanceHead_Score","32","static"
"Middlewares\CMSIS-DSP\Source\DistanceFunctions\arm_kulsinski_distance.su","../Middlewares/CMSIS-DSP/Source/DistanceFunctions/arm_kulsinski_distance.c","61","arm_kulsinski_distance","32","static"
"Middlewares\CMSIS-DSP\Source\SupportFunctions\arm_quick_sort_f32.su","../Middlewares/CMSIS-DSP/Source/SupportFunctions/arm_quick_sort_f32.c","103","arm_quick_sort_core_f32","32","static"
"Middlewares\CMSIS-DSP\Source\SupportFunctions\arm_selection_sort_f32.su","../Middlewares/CMSIS-DSP/Source/SupportFunctions/arm_selection_sort_f32.c","59","arm_selection_sort_f32","32","static"
"Middlewares\CMSIS-DSP\Source\StatisticsFunctions\arm_absmin_q31.su","../Middlewares/CMSIS-DSP/Source/StatisticsFunctions/arm_absmin_q31.c","137","arm_absmin_q31","32","static,ignoring_inline_asm"
"Middlewares\CMSIS-DSP\Source\DistanceFunctions\arm_cosine_distance_f32.su","../Middlewares/CMSIS-DSP/Source/DistanceFunctions/arm_cosine_distance_f32.c","54","arm_cosine_distance_f32","32","static,ignoring_inline_asm"
"Middlewares\CMSIS-DSP\Source\WindowFunctions\arm_hamming_f32.su","../Middlewares/CMSIS-DSP/Source/WindowFunctions/arm_hamming_f32.c","72","arm_hamming_f32","32","static"
"Middlewares\CMSIS-DSP\Source\StatisticsFunctions\arm_absmax_q15.su","../Middlewares/CMSIS-DSP/Source/StatisticsFunctions/arm_absmax_q15.c","104","arm_absmax_q15","32","static,ignoring_inline_asm"
"Middlewares\CMSIS-DSP\Source\WindowFunctions\arm_hanning_f32.su","../Middlewares/CMSIS-DSP/Source/WindowFunctions/arm_hanning_f32.c","73","arm_hanning_f32","32","static"
"Middlewares\CMSIS-DSP\Source\StatisticsFunctions\arm_absmin_q15.su","../Middlewares/CMSIS-DSP/Source/StatisticsFunctions/arm_absmin_q15.c","136","arm_absmin_q15","32","static,ignoring_inline_asm"
"Middlewares\CMSIS-DSP\Source\SupportFunctions\arm_float_to_q31.su","../Middlewares/CMSIS-DSP/Source/SupportFunctions/arm_float_to_q31.c","225","arm_float_to_q31","32","static"
"Drivers\STM32H7RSxx_HAL_Driver\stm32h7rsxx_hal_uart.su","D:/Tudor/Master/Disertatie/ssm-mcu-asd-deploy/nucleo-h7s3l8-ssm-mamba-asd/Drivers/STM32H7RSxx_HAL_Driver/Src/stm32h7rsxx_hal_uart.c","4582","UART_RxISR_8BIT_FIFOEN","32","static,ignoring_inline_asm"
"Middlewares\CMSIS-DSP\Source\StatisticsFunctions\arm_var_q31.su","../Middlewares/CMSIS-DSP/Source/StatisticsFunctions/arm_var_q31.c","127","arm_var_q31","32","static"
"Middlewares\CMSIS-DSP\Source\StatisticsFunctions\arm_std_q31.su","../Middlewares/CMSIS-DSP/Source/StatisticsFunctions/arm_std_q31.c","71","arm_std_q31","32","static"
"Drivers\STM32H7RSxx_HAL_Driver\stm32h7rsxx_hal_uart_ex.su","D:/Tudor/Master/Disertatie/ssm-mcu-asd-deploy/nucleo-h7s3l8-ssm-mamba-asd/Drivers/STM32H7RSxx_HAL_Driver/Src/stm32h7rsxx_hal_uart_ex.c","427","HAL_UARTEx_StopModeWakeUpSourceConfig","32","static"
"Middlewares\CMSIS-DSP\Source\SupportFunctions\arm_barycenter_f32.su","../Middlewares/CMSIS-DSP/Source/SupportFunctions/arm_barycenter_f32.c","352","arm_barycenter_f32","32","static"
"Middlewares\CMSIS-DSP\Source\TransformFunctions\arm_rfft_f32.su","../Middlewares/CMSIS-DSP/Source/TransformFunctions/arm_rfft_f32.c","88","arm_rfft_f32","32","static"
"Drivers\STM32H7RSxx_HAL_Driver\stm32h7rsxx_hal_rcc.su","D:/Tudor/Master/Disertatie/ssm-mcu-asd-deploy/nucleo-h7s3l8-ssm-mamba-asd/Drivers/STM32H7RSxx_HAL_Driver/Src/stm32h7rsxx_hal_rcc.c","429","HAL_RCC_OscConfig","32","static"
"Middlewares\CMSIS-DSP\Source\TransformFunctions\arm_cfft_f64.su","../Middlewares/CMSIS-DSP/Source/TransformFunctions/arm_cfft_f64.c","253","arm_cfft_f64","32","static"
"Middlewares\CMSIS-DSP\Source\FilteringFunctions\arm_conv_f32.su","../Middlewares/CMSIS-DSP/Source/FilteringFunctions/arm_conv_f32.c","253","arm_conv_f32","32","static"
"Middlewares\CMSIS-DSP\Source\MatrixFunctions\arm_mat_cmplx_mult_f32.su","../Middlewares/CMSIS-DSP/Source/MatrixFunctions/arm_mat_cmplx_mult_f32.c","1181","arm_mat_cmplx_mult_f32","32","static"
"Drivers\STM32H7RSxx_HAL_Driver\stm32h7rsxx_hal_flash.su","D:/Tudor/Master/Disertatie/ssm-mcu-asd-deploy/nucleo-h7s3l8-ssm-mamba-asd/Drivers/STM32H7RSxx_HAL_Driver/Src/stm32h7rsxx_hal_flash.c","243","HAL_FLASH_Program_IT","32","static,ignoring_inline_asm"
"Drivers\STM32H7RSxx_HAL_Driver\stm32h7rsxx_hal_uart.su","D:/Tudor/Master/Disertatie/ssm-mcu-asd-deploy/nucleo-h7s3l8-ssm-mamba-asd/Drivers/STM32H7RSxx_HAL_Driver/Src/stm32h7rsxx_hal_uart.c","1122","HAL_UART_Transmit","32","static"
"Middlewares\CMSIS-DSP\Source\ComplexMathFunctions\arm_cmplx_mult_cmplx_q15.su","../Middlewares/CMSIS-DSP/Source/ComplexMathFunctions/arm_cmplx_mult_cmplx_q15.c","172","arm_cmplx_mult_cmplx_q15","32","static"
"Middlewares\CMSIS-DSP\Source\FilteringFunctions\arm_fir_f64.su","../Middlewares/CMSIS-DSP/Source/FilteringFunctions/arm_fir_f64.c","144","arm_fir_f64","28","static"
"Middlewares\CMSIS-DSP\Source\FilteringFunctions\arm_fir_f32.su","../Middlewares/CMSIS-DSP/Source/FilteringFunctions/arm_fir_f32.c","911","arm_fir_f32","28","static"
"Middlewares\CMSIS-DSP\Source\SupportFunctions\arm_heap_sort_f32.su","../Middlewares/CMSIS-DSP/Source/SupportFunctions/arm_heap_sort_f32.c","34","arm_heapify","28","static"
"Middlewares\CMSIS-DSP\Source\FilteringFunctions\arm_fir_lattice_f32.su","../Middlewares/CMSIS-DSP/Source/FilteringFunctions/arm_fir_lattice_f32.c","123","arm_fir_lattice_f32","28","static"
"Middlewares\CMSIS-DSP\Source\StatisticsFunctions\arm_absmin_q7.su","../Middlewares/CMSIS-DSP/Source/StatisticsFunctions/arm_absmin_q7.c","190","arm_absmin_q7","28","static,ignoring_inline_asm"
"Middlewares\CMSIS-DSP\Source\MatrixFunctions\arm_mat_mult_f32.su","../Middlewares/CMSIS-DSP/Source/MatrixFunctions/arm_mat_mult_f32.c","884","arm_mat_mult_f32","28","static"
"Middlewares\CMSIS-DSP\Source\FilteringFunctions\arm_levinson_durbin_f32.su","../Middlewares/CMSIS-DSP/Source/FilteringFunctions/arm_levinson_durbin_f32.c","219","arm_levinson_durbin_f32","28","static"
"Drivers\STM32H7RSxx_HAL_Driver\stm32h7rsxx_hal_dma_ex.su","D:/Tudor/Master/Disertatie/ssm-mcu-asd-deploy/nucleo-h7s3l8-ssm-mamba-asd/Drivers/STM32H7RSxx_HAL_Driver/Src/stm32h7rsxx_hal_dma_ex.c","4583","DMA_List_UpdateStaticQueueNodesCLLR","28","static"
"Middlewares\CMSIS-DSP\Source\TransformFunctions\arm_rfft_q15.su","../Middlewares/CMSIS-DSP/Source/TransformFunctions/arm_rfft_q15.c","441","arm_split_rifft_q15","28","static,ignoring_inline_asm"
"Middlewares\CMSIS-DSP\Source\StatisticsFunctions\arm_absmax_q7.su","../Middlewares/CMSIS-DSP/Source/StatisticsFunctions/arm_absmax_q7.c","161","arm_absmax_q7","28","static,ignoring_inline_asm"
"Middlewares\CMSIS-DSP\Source\FilteringFunctions\arm_biquad_cascade_df2T_f64.su","../Middlewares/CMSIS-DSP/Source/FilteringFunctions/arm_biquad_cascade_df2T_f64.c","302","arm_biquad_cascade_df2T_f64","28","static"
"Drivers\STM32H7RSxx_HAL_Driver\stm32h7rsxx_hal_dma_ex.su","D:/Tudor/Master/Disertatie/ssm-mcu-asd-deploy/nucleo-h7s3l8-ssm-mamba-asd/Drivers/STM32H7RSxx_HAL_Driver/Src/stm32h7rsxx_hal_dma_ex.c","4191","DMA_List_FindNode","28","static"
"Middlewares\CMSIS-DSP\Source\TransformFunctions\arm_bitreversal2.su","../Middlewares/CMSIS-DSP/Source/TransformFunctions/arm_bitreversal2.c","84","arm_bitreversal_32","24","static"
"Middlewares\CMSIS-DSP\Source\StatisticsFunctions\arm_std_q15.su","../Middlewares/CMSIS-DSP/Source/StatisticsFunctions/arm_std_q15.c","68","arm_std_q15","24","static,ignoring_inline_asm"
"Middlewares\CMSIS-DSP\Source\StatisticsFunctions\arm_var_q15.su","../Middlewares/CMSIS-DSP/Source/StatisticsFunctions/arm_var_q15.c","122","arm_var_q15","24","static,ignoring_inline_asm"
"Middlewares\CMSIS-DSP\Source\TransformFunctions\arm_bitreversal2.su","../Middlewares/CMSIS-DSP/Source/TransformFunctions/arm_bitreversal2.c","123","arm_bitreversal_16","24","static"
"Middlewares\CMSIS-DSP\Source\DistanceFunctions\arm_dtw_init_window_q7.su","../Middlewares/CMSIS-DSP/Source/DistanceFunctions/arm_dtw_init_window_q7.c","60","arm_dtw_init_window_q7","24","static"
"Drivers\STM32H7RSxx_HAL_Driver\stm32h7rsxx_hal_rcc_ex.su","D:/Tudor/Master/Disertatie/ssm-mcu-asd-deploy/nucleo-h7s3l8-ssm-mamba-asd/Drivers/STM32H7RSxx_HAL_Driver/Src/stm32h7rsxx_hal_rcc_ex.c","2975","HAL_RCCEx_CRSWaitSynchronization","24","static"
"Middlewares\CMSIS-DSP\Source\StatisticsFunctions\arm_var_f64.su","../Middlewares/CMSIS-DSP/Source/StatisticsFunctions/arm_var_f64.c","46","arm_var_f64","24","static"
"Middlewares\CMSIS-DSP\Source\StatisticsFunctions\arm_logsumexp_f32.su","../Middlewares/CMSIS-DSP/Source/StatisticsFunctions/arm_logsumexp_f32.c","232","arm_logsumexp_f32","24","static"
"Middlewares\CMSIS-DSP\Source\StatisticsFunctions\arm_kullback_leibler_f32.su","../Middlewares/CMSIS-DSP/Source/StatisticsFunctions/arm_kullback_leibler_f32.c","164","arm_kullback_leibler_f32","24","static"
"Drivers\STM32H7RSxx_HAL_Driver\stm32h7rsxx_hal_rcc.su","D:/Tudor/Master/Disertatie/ssm-mcu-asd-deploy/nucleo-h7s3l8-ssm-mamba-asd/Drivers/STM32H7RSxx_HAL_Driver/Src/stm32h7rsxx_hal_rcc.c","218","HAL_RCC_DeInit","24","static"
"Middlewares\CMSIS-DSP\Source\SupportFunctions\arm_bubble_sort_f32.su","../Middlewares/CMSIS-DSP/Source/SupportFunctions/arm_bubble_sort_f32.c","60","arm_bubble_sort_f32","24","static"
"Middlewares\CMSIS-DSP\Source\ComplexMathFunctions\arm_cmplx_mag_q15.su","../Middlewares/CMSIS-DSP/Source/ComplexMathFunctions/arm_cmplx_mag_q15.c","143","arm_cmplx_mag_q15","24","static,ignoring_inline_asm"
"Drivers\STM32H7RSxx_HAL_Driver\stm32h7rsxx_hal_uart.su","D:/Tudor/Master/Disertatie/ssm-mcu-asd-deploy/nucleo-h7s3l8-ssm-mamba-asd/Drivers/STM32H7RSxx_HAL_Driver/Src/stm32h7rsxx_hal_uart.c","3472","UART_CheckIdleState","24","static,ignoring_inline_asm"
"Drivers\STM32H7RSxx_HAL_Driver\stm32h7rsxx_hal_uart_ex.su","D:/Tudor/Master/Disertatie/ssm-mcu-asd-deploy/nucleo-h7s3l8-ssm-mamba-asd/Drivers/STM32H7RSxx_HAL_Driver/Src/stm32h7rsxx_hal_uart_ex.c","166","HAL_RS485Ex_Init","24","static"
"Drivers\STM32H7RSxx_HAL_Driver\stm32h7rsxx_hal_rcc.su","D:/Tudor/Master/Disertatie/ssm-mcu-asd-deploy/nucleo-h7s3l8-ssm-mamba-asd/Drivers/STM32H7RSxx_HAL_Driver/Src/stm32h7rsxx_hal_rcc.c","874","HAL_RCC_ClockConfig","24","static"
"Drivers\STM32H7RSxx_HAL_Driver\stm32h7rsxx_hal_uart.su","D:/Tudor/Master/Disertatie/ssm-mcu-asd-deploy/nucleo-h7s3l8-ssm-mamba-asd/Drivers/STM32H7RSxx_HAL_Driver/Src/stm32h7rsxx_hal_uart.c","2317","HAL_UART_IRQHandler","24","static,ignoring_inline_asm"
"Middlewares\CMSIS-DSP\Source\SupportFunctions\arm_heap_sort_f32.su","../Middlewares/CMSIS-DSP/Source/SupportFunctions/arm_heap_sort_f32.c","84","arm_heap_sort_f32","24","static"
"Drivers\STM32H7RSxx_HAL_Driver\stm32h7rsxx_hal_rcc_ex.su","D:/Tudor/Master/Disertatie/ssm-mcu-asd-deploy/nucleo-h7s3l8-ssm-mamba-asd/Drivers/STM32H7RSxx_HAL_Driver/Src/stm32h7rsxx_hal_rcc_ex.c","105","HAL_RCCEx_PeriphCLKConfig","24","static"
"Middlewares\CMSIS-DSP\Source\SVMFunctions\arm_svm_polynomial_predict_f32.su","../Middlewares/CMSIS-DSP/Source/SVMFunctions/arm_svm_polynomial_predict_f32.c","461","arm_svm_polynomial_predict_f32","24","static"
"Middlewares\CMSIS-DSP\Source\StatisticsFunctions\arm_entropy_f32.su","../Middlewares/CMSIS-DSP/Source/StatisticsFunctions/arm_entropy_f32.c","147","arm_entropy_f32","24","static"
"Middlewares\CMSIS-DSP\Source\BasicMathFunctions\arm_shift_q31.su","../Middlewares/CMSIS-DSP/Source/BasicMathFunctions/arm_shift_q31.c","119","arm_shift_q31","24","static"
"Middlewares\CMSIS-DSP\Source\StatisticsFunctions\arm_mse_q31.su","../Middlewares/CMSIS-DSP/Source/StatisticsFunctions/arm_mse_q31.c","104","arm_mse_q31","24","static,ignoring_inline_asm"
"Middlewares\CMSIS-DSP\Source\FilteringFunctions\arm_fir_decimate_init_q15.su","../Middlewares/CMSIS-DSP/Source/FilteringFunctions/arm_fir_decimate_init_q15.c","64","arm_fir_decimate_init_q15","24","static"
"Middlewares\CMSIS-DSP\Source\FilteringFunctions\arm_fir_decimate_init_f64.su","../Middlewares/CMSIS-DSP/Source/FilteringFunctions/arm_fir_decimate_init_f64.c","63","arm_fir_decimate_init_f64","24","static"
"Middlewares\CMSIS-DSP\Source\FilteringFunctions\arm_fir_decimate_init_q31.su","../Middlewares/CMSIS-DSP/Source/FilteringFunctions/arm_fir_decimate_init_q31.c","63","arm_fir_decimate_init_q31","24","static"
"Middlewares\CMSIS-DSP\Source\TransformFunctions\arm_rfft_f32.su","../Middlewares/CMSIS-DSP/Source/TransformFunctions/arm_rfft_f32.c","144","arm_split_rfft_f32","24","static"
"Middlewares\CMSIS-DSP\Source\QuaternionMathFunctions\arm_quaternion_product_f32.su","../Middlewares/CMSIS-DSP/Source/QuaternionMathFunctions/arm_quaternion_product_f32.c","129","arm_quaternion_product_f32","24","static"
"Middlewares\CMSIS-DSP\Source\FilteringFunctions\arm_fir_decimate_init_f32.su","../Middlewares/CMSIS-DSP/Source/FilteringFunctions/arm_fir_decimate_init_f32.c","63","arm_fir_decimate_init_f32","24","static"
"Middlewares\CMSIS-DSP\Source\TransformFunctions\arm_dct4_q15.su","../Middlewares/CMSIS-DSP/Source/TransformFunctions/arm_dct4_q15.c","57","arm_dct4_q15","24","static"
"Middlewares\CMSIS-DSP\Source\TransformFunctions\arm_dct4_f32.su","../Middlewares/CMSIS-DSP/Source/TransformFunctions/arm_dct4_f32.c","131","arm_dct4_f32","24","static"
"Middlewares\CMSIS-DSP\Source\QuaternionMathFunctions\arm_rotation2quaternion_f32.su","../Middlewares/CMSIS-DSP/Source/QuaternionMathFunctions/arm_rotation2quaternion_f32.c","164","arm_rotation2quaternion_f32","24","static"
"Drivers\STM32H7RSxx_HAL_Driver\stm32h7rsxx_hal_dma.su","D:/Tudor/Master/Disertatie/ssm-mcu-asd-deploy/nucleo-h7s3l8-ssm-mamba-asd/Drivers/STM32H7RSxx_HAL_Driver/Src/stm32h7rsxx_hal_dma.c","849","HAL_DMA_PollForTransfer","24","static"
"Middlewares\CMSIS-DSP\Source\TransformFunctions\arm_dct4_q31.su","../Middlewares/CMSIS-DSP/Source/TransformFunctions/arm_dct4_q31.c","59","arm_dct4_q31","24","static"
"Core\Src\ssm_backbone.su","../Core/Src/ssm_backbone.c","52","ssm_rmsnorm","24","static"
"Middlewares\CMSIS-DSP\Source\MatrixFunctions\arm_mat_trans_f64.su","../Middlewares/CMSIS-DSP/Source/MatrixFunctions/arm_mat_trans_f64.c","177","arm_mat_trans_f64","24","static"
"Middlewares\CMSIS-DSP\Source\StatisticsFunctions\arm_absmax_no_idx_q31.su","../Middlewares/CMSIS-DSP/Source/StatisticsFunctions/arm_absmax_no_idx_q31.c","86","arm_absmax_no_idx_q31","24","static,ignoring_inline_asm"
"Core\Src\audio_ingest.su","../Core/Src/audio_ingest.c","43","AudioIngest_WaitHopComplete","24","static,ignoring_inline_asm"
"Middlewares\CMSIS-DSP\Source\StatisticsFunctions\arm_absmax_no_idx_q15.su","../Middlewares/CMSIS-DSP/Source/StatisticsFunctions/arm_absmax_no_idx_q15.c","87","arm_absmax_no_idx_q15","24","static,ignoring_inline_asm"
"Middlewares\CMSIS-DSP\Source\StatisticsFunctions\arm_absmax_no_idx_q7.su","../Middlewares/CMSIS-DSP/Source/StatisticsFunctions/arm_absmax_no_idx_q7.c","91","arm_absmax_no_idx_q7","24","static,ignoring_inline_asm"
"Middlewares\CMSIS-DSP\Source\InterpolationFunctions\arm_bilinear_interp_q15.su","../Middlewares/CMSIS-DSP/Source/InterpolationFunctions/arm_bilinear_interp_q15.c","47","arm_bilinear_interp_q15","24","static"
"Middlewares\CMSIS-DSP\Source\StatisticsFunctions\arm_absmin_no_idx_q15.su","../Middlewares/CMSIS-DSP/Source/StatisticsFunctions/arm_absmin_no_idx_q15.c","104","arm_absmin_no_idx_q15","24","static,ignoring_inline_asm"
"Middlewares\CMSIS-DSP\Source\MatrixFunctions\arm_mat_cmplx_trans_f32.su","../Middlewares/CMSIS-DSP/Source/MatrixFunctions/arm_mat_cmplx_trans_f32.c","84","arm_mat_cmplx_trans_f32","24","static"
"Middlewares\CMSIS-DSP\Source\MatrixFunctions\arm_mat_cmplx_trans_q31.su","../Middlewares/CMSIS-DSP/Source/MatrixFunctions/arm_mat_cmplx_trans_q31.c","63","arm_mat_cmplx_trans_q31","24","static"
"Middlewares\CMSIS-DSP\Source\MatrixFunctions\arm_mat_cmplx_trans_q15.su","../Middlewares/CMSIS-DSP/Source/MatrixFunctions/arm_mat_cmplx_trans_q15.c","60","arm_mat_cmplx_trans_q15","24","static"
"Drivers\STM32H7RSxx_HAL_Driver\stm32h7rsxx_hal_flash.su","D:/Tudor/Master/Disertatie/ssm-mcu-asd-deploy/nucleo-h7s3l8-ssm-mamba-asd/Drivers/STM32H7RSxx_HAL_Driver/Src/stm32h7rsxx_hal_flash.c","157","HAL_FLASH_Program","24","static,ignoring_inline_asm"
"Middlewares\CMSIS-DSP\Source\FastMathFunctions\arm_vlog_q15.su","../Middlewares/CMSIS-DSP/Source/FastMathFunctions/arm_vlog_q15.c","221","arm_vlog_q15","24","static"
"Drivers\STM32H7RSxx_HAL_Driver\stm32h7rsxx_hal_flash_ex.su","D:/Tudor/Master/Disertatie/ssm-mcu-asd-deploy/nucleo-h7s3l8-ssm-mamba-asd/Drivers/STM32H7RSxx_HAL_Driver/Src/stm32h7rsxx_hal_flash_ex.c","652","HAL_FLASHEx_ComputeCRC","24","static"
"Middlewares\CMSIS-DSP\Source\StatisticsFunctions\arm_absmin_no_idx_q31.su","../Middlewares/CMSIS-DSP/Source/StatisticsFunctions/arm_absmin_no_idx_q31.c","105","arm_absmin_no_idx_q31","24","static,ignoring_inline_asm"
"Drivers\STM32H7RSxx_HAL_Driver\stm32h7rsxx_hal_flash_ex.su","D:/Tudor/Master/Disertatie/ssm-mcu-asd-deploy/nucleo-h7s3l8-ssm-mamba-asd/Drivers/STM32H7RSxx_HAL_Driver/Src/stm32h7rsxx_hal_flash_ex.c","564","HAL_FLASHEx_GetKey","24","static"
"Middlewares\CMSIS-DSP\Source\StatisticsFunctions\arm_absmin_no_idx_q7.su","../Middlewares/CMSIS-DSP/Source/StatisticsFunctions/arm_absmin_no_idx_q7.c","107","arm_absmin_no_idx_q7","24","static,ignoring_inline_asm"
"Drivers\STM32H7RSxx_HAL_Driver\stm32h7rsxx_hal_flash_ex.su","D:/Tudor/Master/Disertatie/ssm-mcu-asd-deploy/nucleo-h7s3l8-ssm-mamba-asd/Drivers/STM32H7RSxx_HAL_Driver/Src/stm32h7rsxx_hal_flash_ex.c","292","HAL_FLASHEx_OBProgram","24","static"
"Drivers\STM32H7RSxx_HAL_Driver\stm32h7rsxx_hal_flash_ex.su","D:/Tudor/Master/Disertatie/ssm-mcu-asd-deploy/nucleo-h7s3l8-ssm-mamba-asd/Drivers/STM32H7RSxx_HAL_Driver/Src/stm32h7rsxx_hal_flash_ex.c","479","HAL_FLASHEx_KeyConfig","24","static"
"Middlewares\CMSIS-DSP\Source\FastMathFunctions\arm_divide_q15.su","../Middlewares/CMSIS-DSP/Source/FastMathFunctions/arm_divide_q15.c","60","arm_divide_q15","24","static"
"Middlewares\CMSIS-DSP\Source\FastMathFunctions\arm_divide_q31.su","../Middlewares/CMSIS-DSP/Source/FastMathFunctions/arm_divide_q31.c","55","arm_divide_q31","24","static"
"Middlewares\CMSIS-DSP\Source\DistanceFunctions\arm_minkowski_distance_f32.su","../Middlewares/CMSIS-DSP/Source/DistanceFunctions/arm_minkowski_distance_f32.c","167","arm_minkowski_distance_f32","24","static"
"Middlewares\CMSIS-DSP\Source\FastMathFunctions\arm_atan2_q15.su","../Middlewares/CMSIS-DSP/Source/FastMathFunctions/arm_atan2_q15.c","185","arm_atan2_q15","24","static,ignoring_inline_asm"
"Middlewares\CMSIS-DSP\Source\ComplexMathFunctions\arm_cmplx_mult_real_q31.su","../Middlewares/CMSIS-DSP/Source/ComplexMathFunctions/arm_cmplx_mult_real_q31.c","107","arm_cmplx_mult_real_q31","20","static,ignoring_inline_asm"
"Middlewares\CMSIS-DSP\Source\MatrixFunctions\arm_mat_trans_f32.su","../Middlewares/CMSIS-DSP/Source/MatrixFunctions/arm_mat_trans_f32.c","242","arm_mat_trans_f32","20","static"
"Middlewares\CMSIS-DSP\Source\FastMathFunctions\arm_vlog_q31.su","../Middlewares/CMSIS-DSP/Source/FastMathFunctions/arm_vlog_q31.c","214","arm_vlog_q31","20","static"
"Middlewares\CMSIS-DSP\Source\SVMFunctions\arm_svm_linear_predict_f32.su","../Middlewares/CMSIS-DSP/Source/SVMFunctions/arm_svm_linear_predict_f32.c","434","arm_svm_linear_predict_f32","20","static"
"Middlewares\CMSIS-DSP\Source\MatrixFunctions\arm_mat_trans_q31.su","../Middlewares/CMSIS-DSP/Source/MatrixFunctions/arm_mat_trans_q31.c","93","arm_mat_trans_q31","20","static"
"Drivers\STM32H7RSxx_HAL_Driver\stm32h7rsxx_hal_dma_ex.su","D:/Tudor/Master/Disertatie/ssm-mcu-asd-deploy/nucleo-h7s3l8-ssm-mamba-asd/Drivers/STM32H7RSxx_HAL_Driver/Src/stm32h7rsxx_hal_dma_ex.c","1031","HAL_DMAEx_List_BuildNode","20","static"
"Middlewares\CMSIS-DSP\Source\MatrixFunctions\arm_mat_trans_q15.su","../Middlewares/CMSIS-DSP/Source/MatrixFunctions/arm_mat_trans_q15.c","99","arm_mat_trans_q15","20","static"
"Drivers\STM32H7RSxx_HAL_Driver\stm32h7rsxx_hal_exti.su","D:/Tudor/Master/Disertatie/ssm-mcu-asd-deploy/nucleo-h7s3l8-ssm-mamba-asd/Drivers/STM32H7RSxx_HAL_Driver/Src/stm32h7rsxx_hal_exti.c","137","HAL_EXTI_SetConfigLine","20","static"
"Middlewares\CMSIS-DSP\Source\FilteringFunctions\arm_lms_norm_init_f32.su","../Middlewares/CMSIS-DSP/Source/FilteringFunctions/arm_lms_norm_init_f32.c","59","arm_lms_norm_init_f32","16","static"
"Drivers\STM32H7RSxx_HAL_Driver\stm32h7rsxx_hal_uart.su","D:/Tudor/Master/Disertatie/ssm-mcu-asd-deploy/nucleo-h7s3l8-ssm-mamba-asd/Drivers/STM32H7RSxx_HAL_Driver/Src/stm32h7rsxx_hal_uart.c","3140","UART_SetConfig","16","static"
"Middlewares\CMSIS-DSP\Source\FilteringFunctions\arm_lms_init_q15.su","../Middlewares/CMSIS-DSP/Source/FilteringFunctions/arm_lms_init_q15.c","61","arm_lms_init_q15","16","static"
"Drivers\STM32H7RSxx_HAL_Driver\stm32h7rsxx_hal_uart.su","D:/Tudor/Master/Disertatie/ssm-mcu-asd-deploy/nucleo-h7s3l8-ssm-mamba-asd/Drivers/STM32H7RSxx_HAL_Driver/Src/stm32h7rsxx_hal_uart.c","558","HAL_MultiProcessor_Init","16","static"
"Middlewares\CMSIS-DSP\Source\FilteringFunctions\arm_lms_norm_init_q15.su","../Middlewares/CMSIS-DSP/Source/FilteringFunctions/arm_lms_norm_init_q15.c","58","arm_lms_norm_init_q15","16","static"
"Middlewares\CMSIS-DSP\Source\FastMathFunctions\arm_vlog_f32.su","../Middlewares/CMSIS-DSP/Source/FastMathFunctions/arm_vlog_f32.c","54","arm_vlog_f32","16","static"
"Drivers\STM32H7RSxx_HAL_Driver\stm32h7rsxx_hal_uart.su","D:/Tudor/Master/Disertatie/ssm-mcu-asd-deploy/nucleo-h7s3l8-ssm-mamba-asd/Drivers/STM32H7RSxx_HAL_Driver/Src/stm32h7rsxx_hal_uart.c","3682","UART_Start_Receive_DMA","16","static,ignoring_inline_asm"
"Drivers\STM32H7RSxx_HAL_Driver\stm32h7rsxx_hal_uart.su","D:/Tudor/Master/Disertatie/ssm-mcu-asd-deploy/nucleo-h7s3l8-ssm-mamba-asd/Drivers/STM32H7RSxx_HAL_Driver/Src/stm32h7rsxx_hal_uart.c","459","HAL_LIN_Init","16","static"
"Middlewares\CMSIS-DSP\Source\FilteringFunctions\arm_lms_norm_init_q31.su","../Middlewares/CMSIS-DSP/Source/FilteringFunctions/arm_lms_norm_init_q31.c","57","arm_lms_norm_init_q31","16","static"
"Middlewares\CMSIS-DSP\Source\FastMathFunctions\arm_vexp_f64.su","../Middlewares/CMSIS-DSP/Source/FastMathFunctions/arm_vexp_f64.c","33","arm_vexp_f64","16","static"
"Middlewares\CMSIS-DSP\Source\InterpolationFunctions\arm_bilinear_interp_q31.su","../Middlewares/CMSIS-DSP/Source/InterpolationFunctions/arm_bilinear_interp_q31.c","48","arm_bilinear_interp_q31","16","static"
"Middlewares\CMSIS-DSP\Source\FastMathFunctions\arm_vexp_f32.su","../Middlewares/CMSIS-DSP/Source/FastMathFunctions/arm_vexp_f32.c","57","arm_vexp_f32","16","static"
"Drivers\STM32H7RSxx_HAL_Driver\stm32h7rsxx_hal_uart.su","D:/Tudor/Master/Disertatie/ssm-mcu-asd-deploy/nucleo-h7s3l8-ssm-mamba-asd/Drivers/STM32H7RSxx_HAL_Driver/Src/stm32h7rsxx_hal_uart.c","1406","HAL_UART_Transmit_DMA","16","static,ignoring_inline_asm"
"Drivers\STM32H7RSxx_HAL_Driver\stm32h7rsxx_hal_uart.su","D:/Tudor/Master/Disertatie/ssm-mcu-asd-deploy/nucleo-h7s3l8-ssm-mamba-asd/Drivers/STM32H7RSxx_HAL_Driver/Src/stm32h7rsxx_hal_uart.c","1551","HAL_UART_DMAPause","16","static,ignoring_inline_asm"
"Drivers\STM32H7RSxx_HAL_Driver\stm32h7rsxx_hal_uart.su","D:/Tudor/Master/Disertatie/ssm-mcu-asd-deploy/nucleo-h7s3l8-ssm-mamba-asd/Drivers/STM32H7RSxx_HAL_Driver/Src/stm32h7rsxx_hal_uart.c","1662","HAL_UART_DMAStop","16","static,ignoring_inline_asm"
"Core\Src\audio_ingest.su","../Core/Src/audio_ingest.c","10","AudioIngest_ReceiveClipHeader","16","static"
"Middlewares\CMSIS-DSP\Source\DistanceFunctions\arm_russellrao_distance.su","../Middlewares/CMSIS-DSP/Source/DistanceFunctions/arm_russellrao_distance.c","58","arm_russellrao_distance","16","static"
"Drivers\STM32H7RSxx_HAL_Driver\stm32h7rsxx_hal_uart.su","D:/Tudor/Master/Disertatie/ssm-mcu-asd-deploy/nucleo-h7s3l8-ssm-mamba-asd/Drivers/STM32H7RSxx_HAL_Driver/Src/stm32h7rsxx_hal_uart.c","634","HAL_UART_DeInit","16","static"
"Drivers\STM32H7RSxx_HAL_Driver\stm32h7rsxx_hal_uart.su","D:/Tudor/Master/Disertatie/ssm-mcu-asd-deploy/nucleo-h7s3l8-ssm-mamba-asd/Drivers/STM32H7RSxx_HAL_Driver/Src/stm32h7rsxx_hal_uart.c","2222","HAL_UART_AbortReceive_IT","16","static,ignoring_inline_asm"
"Middlewares\CMSIS-DSP\Source\FilteringFunctions\arm_fir_init_q15.su","../Middlewares/CMSIS-DSP/Source/FilteringFunctions/arm_fir_init_q15.c","86","arm_fir_init_q15","16","static"
"Middlewares\CMSIS-DSP\Source\MatrixFunctions\arm_mat_scale_q31.su","../Middlewares/CMSIS-DSP/Source/MatrixFunctions/arm_mat_scale_q31.c","132","arm_mat_scale_q31","16","static"
"Drivers\STM32H7RSxx_HAL_Driver\stm32h7rsxx_hal_uart.su","D:/Tudor/Master/Disertatie/ssm-mcu-asd-deploy/nucleo-h7s3l8-ssm-mamba-asd/Drivers/STM32H7RSxx_HAL_Driver/Src/stm32h7rsxx_hal_uart.c","1904","HAL_UART_AbortReceive","16","static,ignoring_inline_asm"
"Middlewares\CMSIS-DSP\Source\SupportFunctions\arm_insertion_sort_f32.su","../Middlewares/CMSIS-DSP/Source/SupportFunctions/arm_insertion_sort_f32.c","58","arm_insertion_sort_f32","16","static"
"Drivers\STM32H7RSxx_HAL_Driver\stm32h7rsxx_hal_uart.su","D:/Tudor/Master/Disertatie/ssm-mcu-asd-deploy/nucleo-h7s3l8-ssm-mamba-asd/Drivers/STM32H7RSxx_HAL_Driver/Src/stm32h7rsxx_hal_uart.c","1974","HAL_UART_Abort_IT","16","static,ignoring_inline_asm"
"Middlewares\CMSIS-DSP\Source\StatisticsFunctions\arm_mse_q15.su","../Middlewares/CMSIS-DSP/Source/StatisticsFunctions/arm_mse_q15.c","102","arm_mse_q15","16","static,ignoring_inline_asm"
"Middlewares\CMSIS-DSP\Source\BasicMathFunctions\arm_dot_prod_q31.su","../Middlewares/CMSIS-DSP/Source/BasicMathFunctions/arm_dot_prod_q31.c","114","arm_dot_prod_q31","16","static"
"Middlewares\CMSIS-DSP\Source\BasicMathFunctions\arm_scale_q31.su","../Middlewares/CMSIS-DSP/Source/BasicMathFunctions/arm_scale_q31.c","110","arm_scale_q31","16","static"
"Middlewares\CMSIS-DSP\Source\StatisticsFunctions\arm_min_q7.su","../Middlewares/CMSIS-DSP/Source/StatisticsFunctions/arm_min_q7.c","183","arm_min_q7","16","static"
"Middlewares\CMSIS-DSP\Source\FilteringFunctions\arm_biquad_cascade_df2T_init_f64.su","../Middlewares/CMSIS-DSP/Source/FilteringFunctions/arm_biquad_cascade_df2T_init_f64.c","64","arm_biquad_cascade_df2T_init_f64","16","static"
"Middlewares\CMSIS-DSP\Source\FilteringFunctions\arm_biquad_cascade_stereo_df2T_init_f32.su","../Middlewares/CMSIS-DSP/Source/FilteringFunctions/arm_biquad_cascade_stereo_df2T_init_f32.c","64","arm_biquad_cascade_stereo_df2T_init_f32","16","static"
"Middlewares\CMSIS-DSP\Source\StatisticsFunctions\arm_rms_q31.su","../Middlewares/CMSIS-DSP/Source/StatisticsFunctions/arm_rms_q31.c","75","arm_rms_q31","16","static"
"Middlewares\CMSIS-DSP\Source\StatisticsFunctions\arm_std_f32.su","../Middlewares/CMSIS-DSP/Source/StatisticsFunctions/arm_std_f32.c","70","arm_std_f32","16","static,ignoring_inline_asm"
"Middlewares\CMSIS-DSP\Source\FilteringFunctions\arm_biquad_cascade_df2T_init_f32.su","../Middlewares/CMSIS-DSP/Source/FilteringFunctions/arm_biquad_cascade_df2T_init_f32.c","191","arm_biquad_cascade_df2T_init_f32","16","static"
"Middlewares\CMSIS-DSP\Source\FilteringFunctions\arm_biquad_cascade_df1_init_f32.su","../Middlewares/CMSIS-DSP/Source/FilteringFunctions/arm_biquad_cascade_df1_init_f32.c","77","arm_biquad_cascade_df1_init_f32","16","static"
"Middlewares\CMSIS-DSP\Source\ComplexMathFunctions\arm_cmplx_mag_fast_q15.su","../Middlewares/CMSIS-DSP/Source/ComplexMathFunctions/arm_cmplx_mag_fast_q15.c","110","arm_cmplx_mag_fast_q15","16","static,ignoring_inline_asm"
"Middlewares\CMSIS-DSP\Source\StatisticsFunctions\arm_max_q7.su","../Middlewares/CMSIS-DSP/Source/StatisticsFunctions/arm_max_q7.c","155","arm_max_q7","16","static"
"Middlewares\CMSIS-DSP\Source\ComplexMathFunctions\arm_cmplx_mag_q31.su","../Middlewares/CMSIS-DSP/Source/ComplexMathFunctions/arm_cmplx_mag_q31.c","121","arm_cmplx_mag_q31","16","static"
"Middlewares\CMSIS-DSP\Source\StatisticsFunctions\arm_mean_q31.su","../Middlewares/CMSIS-DSP/Source/StatisticsFunctions/arm_mean_q31.c","93","arm_mean_q31","16","static"
"Middlewares\CMSIS-DSP\Source\FilteringFunctions\arm_biquad_cascade_df1_32x64_init_q31.su","../Middlewares/CMSIS-DSP/Source/FilteringFunctions/arm_biquad_cascade_df1_32x64_init_q31.c","68","arm_biquad_cas_df1_32x64_init_q31","16","static"
"Middlewares\CMSIS-DSP\Source\FilteringFunctions\arm_biquad_cascade_df1_init_q15.su","../Middlewares/CMSIS-DSP/Source/FilteringFunctions/arm_biquad_cascade_df1_init_q15.c","70","arm_biquad_cascade_df1_init_q15","16","static"
"Middlewares\CMSIS-DSP\Source\FilteringFunctions\arm_biquad_cascade_df1_init_q31.su","../Middlewares/CMSIS-DSP/Source/FilteringFunctions/arm_biquad_cascade_df1_init_q31.c","69","arm_biquad_cascade_df1_init_q31","16","static"
"Middlewares\CMSIS-DSP\Source\ComplexMathFunctions\arm_cmplx_mult_real_q15.su","../Middlewares/CMSIS-DSP/Source/ComplexMathFunctions/arm_cmplx_mult_real_q15.c","107","arm_cmplx_mult_real_q15","16","static,ignoring_inline_asm"
"Middlewares\CMSIS-DSP\Source\FilteringFunctions\arm_iir_lattice_init_f32.su","../Middlewares/CMSIS-DSP/Source/FilteringFunctions/arm_iir_lattice_init_f32.c","50","arm_iir_lattice_init_f32","16","static"
"Drivers\STM32H7RSxx_HAL_Driver\stm32h7rsxx_hal_uart_ex.su","D:/Tudor/Master/Disertatie/ssm-mcu-asd-deploy/nucleo-h7s3l8-ssm-mamba-asd/Drivers/STM32H7RSxx_HAL_Driver/Src/stm32h7rsxx_hal_uart_ex.c","656","HAL_UARTEx_SetRxFifoThreshold","16","static"
"Middlewares\CMSIS-DSP\Source\FilteringFunctions\arm_fir_lattice_init_q15.su","../Middlewares/CMSIS-DSP/Source/FilteringFunctions/arm_fir_lattice_init_q15.c","48","arm_fir_lattice_init_q15","16","static"
"Middlewares\CMSIS-DSP\Source\FilteringFunctions\arm_fir_lattice_init_q31.su","../Middlewares/CMSIS-DSP/Source/FilteringFunctions/arm_fir_lattice_init_q31.c","48","arm_fir_lattice_init_q31","16","static"
"Drivers\STM32H7RSxx_HAL_Driver\stm32h7rsxx_hal_uart_ex.su","D:/Tudor/Master/Disertatie/ssm-mcu-asd-deploy/nucleo-h7s3l8-ssm-mamba-asd/Drivers/STM32H7RSxx_HAL_Driver/Src/stm32h7rsxx_hal_uart_ex.c","607","HAL_UARTEx_SetTxFifoThreshold","16","static"
"Middlewares\CMSIS-DSP\Source\FilteringFunctions\arm_lms_init_f32.su","../Middlewares/CMSIS-DSP/Source/FilteringFunctions/arm_lms_init_f32.c","54","arm_lms_init_f32","16","static"
"Middlewares\CMSIS-DSP\Source\FilteringFunctions\arm_iir_lattice_init_q15.su","../Middlewares/CMSIS-DSP/Source/FilteringFunctions/arm_iir_lattice_init_q15.c","50","arm_iir_lattice_init_q15","16","static"
"Middlewares\CMSIS-DSP\Source\FilteringFunctions\arm_iir_lattice_init_q31.su","../Middlewares/CMSIS-DSP/Source/FilteringFunctions/arm_iir_lattice_init_q31.c","50","arm_iir_lattice_init_q31","16","static"
"Middlewares\CMSIS-DSP\Source\FilteringFunctions\arm_fir_lattice_init_f32.su","../Middlewares/CMSIS-DSP/Source/FilteringFunctions/arm_fir_lattice_init_f32.c","48","arm_fir_lattice_init_f32","16","static"
"Middlewares\CMSIS-DSP\Source\FilteringFunctions\arm_fir_interpolate_init_f32.su","../Middlewares/CMSIS-DSP/Source/FilteringFunctions/arm_fir_interpolate_init_f32.c","65","arm_fir_interpolate_init_f32","16","static"
"Middlewares\CMSIS-DSP\Source\FilteringFunctions\arm_fir_interpolate_init_q15.su","../Middlewares/CMSIS-DSP/Source/FilteringFunctions/arm_fir_interpolate_init_q15.c","65","arm_fir_interpolate_init_q15","16","static"
"Middlewares\CMSIS-DSP\Source\StatisticsFunctions\arm_std_f64.su","../Middlewares/CMSIS-DSP/Source/StatisticsFunctions/arm_std_f64.c","46","arm_std_f64","16","static"
"Middlewares\CMSIS-DSP\Source\FastMathFunctions\arm_vlog_f64.su","../Middlewares/CMSIS-DSP/Source/FastMathFunctions/arm_vlog_f64.c","32","arm_vlog_f64","16","static"
"Drivers\STM32H7RSxx_HAL_Driver\stm32h7rsxx_hal_uart_ex.su","D:/Tudor/Master/Disertatie/ssm-mcu-asd-deploy/nucleo-h7s3l8-ssm-mamba-asd/Drivers/STM32H7RSxx_HAL_Driver/Src/stm32h7rsxx_hal_uart_ex.c","836","HAL_UARTEx_ReceiveToIdle_IT","16","static,ignoring_inline_asm"
"Middlewares\CMSIS-DSP\Source\StatisticsFunctions\arm_logsumexp_dot_prod_f32.su","../Middlewares/CMSIS-DSP/Source/StatisticsFunctions/arm_logsumexp_dot_prod_f32.c","54","arm_logsumexp_dot_prod_f32","16","static"
"Middlewares\CMSIS-DSP\Source\FilteringFunctions\arm_fir_interpolate_init_q31.su","../Middlewares/CMSIS-DSP/Source/FilteringFunctions/arm_fir_interpolate_init_q31.c","64","arm_fir_interpolate_init_q31","16","static"
"Drivers\STM32H7RSxx_HAL_Driver\stm32h7rsxx_hal_uart_ex.su","D:/Tudor/Master/Disertatie/ssm-mcu-asd-deploy/nucleo-h7s3l8-ssm-mamba-asd/Drivers/STM32H7RSxx_HAL_Driver/Src/stm32h7rsxx_hal_uart_ex.c","894","HAL_UARTEx_ReceiveToIdle_DMA","16","static,ignoring_inline_asm"
"Drivers\STM32H7RSxx_HAL_Driver\stm32h7rsxx_hal.su","D:/Tudor/Master/Disertatie/ssm-mcu-asd-deploy/nucleo-h7s3l8-ssm-mamba-asd/Drivers/STM32H7RSxx_HAL_Driver/Src/stm32h7rsxx_hal.c","1161","HAL_VREFBUF_Enable","16","static"
"Middlewares\CMSIS-DSP\Source\TransformFunctions\arm_rfft_fast_f64.su","../Middlewares/CMSIS-DSP/Source/TransformFunctions/arm_rfft_fast_f64.c","200","arm_rfft_fast_f64","16","static"
"Drivers\STM32H7RSxx_HAL_Driver\stm32h7rsxx_hal_flash_ex.su","D:/Tudor/Master/Disertatie/ssm-mcu-asd-deploy/nucleo-h7s3l8-ssm-mamba-asd/Drivers/STM32H7RSxx_HAL_Driver/Src/stm32h7rsxx_hal_flash_ex.c","414","HAL_FLASHEx_OTPLockConfig","16","static"
"Middlewares\CMSIS-DSP\Source\TransformFunctions\arm_rfft_fast_init_f32.su","../Middlewares/CMSIS-DSP/Source/TransformFunctions/arm_rfft_fast_init_f32.c","277","arm_rfft_fast_init_f32","16","static"
"Middlewares\CMSIS-DSP\Source\TransformFunctions\arm_rfft_fast_f32.su","../Middlewares/CMSIS-DSP/Source/TransformFunctions/arm_rfft_fast_f32.c","596","arm_rfft_fast_f32","16","static"
"Drivers\STM32H7RSxx_HAL_Driver\stm32h7rsxx_hal_dma.su","D:/Tudor/Master/Disertatie/ssm-mcu-asd-deploy/nucleo-h7s3l8-ssm-mamba-asd/Drivers/STM32H7RSxx_HAL_Driver/Src/stm32h7rsxx_hal_dma.c","469","HAL_DMA_DeInit","16","static"
"Drivers\STM32H7RSxx_HAL_Driver\stm32h7rsxx_hal_dma.su","D:/Tudor/Master/Disertatie/ssm-mcu-asd-deploy/nucleo-h7s3l8-ssm-mamba-asd/Drivers/STM32H7RSxx_HAL_Driver/Src/stm32h7rsxx_hal_dma.c","649","HAL_DMA_Start_IT","16","static"
"Drivers\STM32H7RSxx_HAL_Driver\stm32h7rsxx_hal_pwr_ex.su","D:/Tudor/Master/Disertatie/ssm-mcu-asd-deploy/nucleo-h7s3l8-ssm-mamba-asd/Drivers/STM32H7RSxx_HAL_Driver/Src/stm32h7rsxx_hal_pwr_ex.c","875","HAL_PWREx_DisableUSBVoltageDetector","16","static"
"Drivers\STM32H7RSxx_HAL_Driver\stm32h7rsxx_hal_pwr_ex.su","D:/Tudor/Master/Disertatie/ssm-mcu-asd-deploy/nucleo-h7s3l8-ssm-mamba-asd/Drivers/STM32H7RSxx_HAL_Driver/Src/stm32h7rsxx_hal_pwr_ex.c","850","HAL_PWREx_EnableUSBVoltageDetector","16","static"
"Middlewares\CMSIS-DSP\Source\TransformFunctions\arm_bitreversal2.su","../Middlewares/CMSIS-DSP/Source/TransformFunctions/arm_bitreversal2.c","45","arm_bitreversal_64","16","static"
"Drivers\STM32H7RSxx_HAL_Driver\stm32h7rsxx_hal.su","D:/Tudor/Master/Disertatie/ssm-mcu-asd-deploy/nucleo-h7s3l8-ssm-mamba-asd/Drivers/STM32H7RSxx_HAL_Driver/Src/stm32h7rsxx_hal.c","365","HAL_SetTickFreq","16","static"
"Drivers\STM32H7RSxx_HAL_Driver\stm32h7rsxx_hal.su","D:/Tudor/Master/Disertatie/ssm-mcu-asd-deploy/nucleo-h7s3l8-ssm-mamba-asd/Drivers/STM32H7RSxx_HAL_Driver/Src/stm32h7rsxx_hal.c","411","HAL_Delay","16","static"
"Drivers\BSP\STM32H7xx_Nucleo\stm32h7rsxx_nucleo.su","D:/Tudor/Master/Disertatie/ssm-mcu-asd-deploy/nucleo-h7s3l8-ssm-mamba-asd/Drivers/BSP/STM32H7RSxx_Nucleo/stm32h7rsxx_nucleo.c","496","BSP_COM_DeInit","16","static"
"Drivers\BSP\STM32H7xx_Nucleo\stm32h7rsxx_nucleo.su","D:/Tudor/Master/Disertatie/ssm-mcu-asd-deploy/nucleo-h7s3l8-ssm-mamba-asd/Drivers/BSP/STM32H7RSxx_Nucleo/stm32h7rsxx_nucleo.c","550","__io_putchar","16","static"
"Drivers\STM32H7RSxx_HAL_Driver\stm32h7rsxx_hal_rcc.su","D:/Tudor/Master/Disertatie/ssm-mcu-asd-deploy/nucleo-h7s3l8-ssm-mamba-asd/Drivers/STM32H7RSxx_HAL_Driver/Src/stm32h7rsxx_hal_rcc.c","1440","HAL_RCC_GetPCLK5Freq","16","static"
"Drivers\STM32H7RSxx_HAL_Driver\stm32h7rsxx_hal_rcc.su","D:/Tudor/Master/Disertatie/ssm-mcu-asd-deploy/nucleo-h7s3l8-ssm-mamba-asd/Drivers/STM32H7RSxx_HAL_Driver/Src/stm32h7rsxx_hal_rcc.c","1377","HAL_RCC_GetPCLK1Freq","16","static"
"Drivers\STM32H7RSxx_HAL_Driver\stm32h7rsxx_hal_rcc.su","D:/Tudor/Master/Disertatie/ssm-mcu-asd-deploy/nucleo-h7s3l8-ssm-mamba-asd/Drivers/STM32H7RSxx_HAL_Driver/Src/stm32h7rsxx_hal_rcc.c","1354","HAL_RCC_GetHCLKFreq","16","static"
"Drivers\STM32H7RSxx_HAL_Driver\stm32h7rsxx_hal_rcc.su","D:/Tudor/Master/Disertatie/ssm-mcu-asd-deploy/nucleo-h7s3l8-ssm-mamba-asd/Drivers/STM32H7RSxx_HAL_Driver/Src/stm32h7rsxx_hal_rcc.c","1419","HAL_RCC_GetPCLK4Freq","16","static"
"Drivers\STM32H7RSxx_HAL_Driver\stm32h7rsxx_hal_rcc.su","D:/Tudor/Master/Disertatie/ssm-mcu-asd-deploy/nucleo-h7s3l8-ssm-mamba-asd/Drivers/STM32H7RSxx_HAL_Driver/Src/stm32h7rsxx_hal_rcc.c","1398","HAL_RCC_GetPCLK2Freq","16","static"
"Middlewares\CMSIS-DSP\Source\TransformFunctions\arm_cfft_q31.su","../Middlewares/CMSIS-DSP/Source/TransformFunctions/arm_cfft_q31.c","662","arm_cfft_q31","16","static"
"Middlewares\CMSIS-DSP\Source\TransformFunctions\arm_cfft_radix2_f32.su","../Middlewares/CMSIS-DSP/Source/TransformFunctions/arm_cfft_radix2_f32.c","64","arm_cfft_radix2_f32","16","static"
"Drivers\STM32H7RSxx_HAL_Driver\stm32h7rsxx_hal_flash.su","D:/Tudor/Master/Disertatie/ssm-mcu-asd-deploy/nucleo-h7s3l8-ssm-mamba-asd/Drivers/STM32H7RSxx_HAL_Driver/Src/stm32h7rsxx_hal_flash.c","326","HAL_FLASH_IRQHandler","16","static"
"Middlewares\CMSIS-DSP\Source\TransformFunctions\arm_cfft_q15.su","../Middlewares/CMSIS-DSP/Source/TransformFunctions/arm_cfft_q15.c","631","arm_cfft_q15","16","static"
"Middlewares\CMSIS-DSP\Source\TransformFunctions\arm_cfft_radix4_f32.su","../Middlewares/CMSIS-DSP/Source/TransformFunctions/arm_cfft_radix4_f32.c","66","arm_cfft_radix4_f32","16","static"
"Middlewares\CMSIS-DSP\Source\TransformFunctions\arm_cfft_radix2_q15.su","../Middlewares/CMSIS-DSP/Source/TransformFunctions/arm_cfft_radix2_q15.c","62","arm_cfft_radix2_q15","16","static"
"Middlewares\CMSIS-DSP\Source\TransformFunctions\arm_cfft_radix2_q31.su","../Middlewares/CMSIS-DSP/Source/TransformFunctions/arm_cfft_radix2_q31.c","62","arm_cfft_radix2_q31","16","static"
"Drivers\STM32H7RSxx_HAL_Driver\stm32h7rsxx_hal_flash.su","D:/Tudor/Master/Disertatie/ssm-mcu-asd-deploy/nucleo-h7s3l8-ssm-mamba-asd/Drivers/STM32H7RSxx_HAL_Driver/Src/stm32h7rsxx_hal_flash.c","633","FLASH_WaitForLastOperation","16","static"
"Drivers\STM32H7RSxx_HAL_Driver\stm32h7rsxx_hal_flash_ex.su","D:/Tudor/Master/Disertatie/ssm-mcu-asd-deploy/nucleo-h7s3l8-ssm-mamba-asd/Drivers/STM32H7RSxx_HAL_Driver/Src/stm32h7rsxx_hal_flash_ex.c","231","HAL_FLASHEx_Erase_IT","16","static"
"Middlewares\CMSIS-DSP\Source\TransformFunctions\arm_cfft_radix4_q15.su","../Middlewares/CMSIS-DSP/Source/TransformFunctions/arm_cfft_radix4_q15.c","85","arm_cfft_radix4_q15","16","static"
"Drivers\STM32H7RSxx_HAL_Driver\stm32h7rsxx_hal_pwr_ex.su","D:/Tudor/Master/Disertatie/ssm-mcu-asd-deploy/nucleo-h7s3l8-ssm-mamba-asd/Drivers/STM32H7RSxx_HAL_Driver/Src/stm32h7rsxx_hal_pwr_ex.c","778","HAL_PWREx_EnableBkUpReg","16","static"
"Drivers\STM32H7RSxx_HAL_Driver\stm32h7rsxx_hal_dma_ex.su","D:/Tudor/Master/Disertatie/ssm-mcu-asd-deploy/nucleo-h7s3l8-ssm-mamba-asd/Drivers/STM32H7RSxx_HAL_Driver/Src/stm32h7rsxx_hal_dma_ex.c","677","HAL_DMAEx_List_DeInit","16","static"
"Drivers\STM32H7RSxx_HAL_Driver\stm32h7rsxx_hal_dma.su","D:/Tudor/Master/Disertatie/ssm-mcu-asd-deploy/nucleo-h7s3l8-ssm-mamba-asd/Drivers/STM32H7RSxx_HAL_Driver/Src/stm32h7rsxx_hal_dma.c","721","HAL_DMA_Abort","16","static"
"Drivers\STM32H7RSxx_HAL_Driver\stm32h7rsxx_hal_pwr_ex.su","D:/Tudor/Master/Disertatie/ssm-mcu-asd-deploy/nucleo-h7s3l8-ssm-mamba-asd/Drivers/STM32H7RSxx_HAL_Driver/Src/stm32h7rsxx_hal_pwr_ex.c","804","HAL_PWREx_DisableBkUpReg","16","static"
"Drivers\STM32H7RSxx_HAL_Driver\stm32h7rsxx_hal_dma_ex.su","D:/Tudor/Master/Disertatie/ssm-mcu-asd-deploy/nucleo-h7s3l8-ssm-mamba-asd/Drivers/STM32H7RSxx_HAL_Driver/Src/stm32h7rsxx_hal_dma_ex.c","3455","HAL_DMAEx_Suspend","16","static"
"Drivers\STM32H7RSxx_HAL_Driver\stm32h7rsxx_hal_exti.su","D:/Tudor/Master/Disertatie/ssm-mcu-asd-deploy/nucleo-h7s3l8-ssm-mamba-asd/Drivers/STM32H7RSxx_HAL_Driver/Src/stm32h7rsxx_hal_exti.c","365","HAL_EXTI_ClearConfigLine","16","static"
"Middlewares\CMSIS-DSP\Source\TransformFunctions\arm_cfft_radix4_q31.su","../Middlewares/CMSIS-DSP/Source/TransformFunctions/arm_cfft_radix4_q31.c","84","arm_cfft_radix4_q31","16","static"
"Drivers\STM32H7RSxx_HAL_Driver\stm32h7rsxx_hal_pwr_ex.su","D:/Tudor/Master/Disertatie/ssm-mcu-asd-deploy/nucleo-h7s3l8-ssm-mamba-asd/Drivers/STM32H7RSxx_HAL_Driver/Src/stm32h7rsxx_hal_pwr_ex.c","365","HAL_PWREx_ControlVoltageScaling","16","static"
"Middlewares\CMSIS-DSP\Source\TransformFunctions\arm_dct4_init_f32.su","../Middlewares/CMSIS-DSP/Source/TransformFunctions/arm_dct4_init_f32.c","71","arm_dct4_init_f32","16","static"
"Core\Src\feature_pipeline.su","../Core/Src/feature_pipeline.c","62","FeaturePipeline_PushHop","16","static"
"Drivers\BSP\STM32H7xx_Nucleo\stm32h7rsxx_nucleo.su","D:/Tudor/Master/Disertatie/ssm-mcu-asd-deploy/nucleo-h7s3l8-ssm-mamba-asd/Drivers/BSP/STM32H7RSxx_Nucleo/stm32h7rsxx_nucleo.c","215","BSP_LED_DeInit","16","static"
"Middlewares\CMSIS-DSP\Source\SupportFunctions\arm_quick_sort_f32.su","../Middlewares/CMSIS-DSP/Source/SupportFunctions/arm_quick_sort_f32.c","157","arm_quick_sort_f32","16","static"
"Core\Src\syscalls.su","../Core/Src/syscalls.c","72","_write","16","static"
"Drivers\STM32H7RSxx_HAL_Driver\stm32h7rsxx_hal_pwr_ex.su","D:/Tudor/Master/Disertatie/ssm-mcu-asd-deploy/nucleo-h7s3l8-ssm-mamba-asd/Drivers/STM32H7RSxx_HAL_Driver/Src/stm32h7rsxx_hal_pwr_ex.c","281","HAL_PWREx_ConfigSupply","16","static"
"Core\Src\syscalls.su","../Core/Src/syscalls.c","61","_read","16","static"
"Drivers\STM32H7RSxx_HAL_Driver\stm32h7rsxx_hal_exti.su","D:/Tudor/Master/Disertatie/ssm-mcu-asd-deploy/nucleo-h7s3l8-ssm-mamba-asd/Drivers/STM32H7RSxx_HAL_Driver/Src/stm32h7rsxx_hal_exti.c","262","HAL_EXTI_GetConfigLine","12","static"
"Middlewares\CMSIS-DSP\Source\FilteringFunctions\arm_biquad_cascade_stereo_df2T_f32.su","../Middlewares/CMSIS-DSP/Source/FilteringFunctions/arm_biquad_cascade_stereo_df2T_f32.c","182","arm_biquad_cascade_stereo_df2T_f32","12","static"
"Drivers\STM32H7RSxx_HAL_Driver\stm32h7rsxx_hal_dma_ex.su","D:/Tudor/Master/Disertatie/ssm-mcu-asd-deploy/nucleo-h7s3l8-ssm-mamba-asd/Drivers/STM32H7RSxx_HAL_Driver/Src/stm32h7rsxx_hal_dma_ex.c","2100","HAL_DMAEx_List_ResetQ","12","static"
"Drivers\STM32H7RSxx_HAL_Driver\stm32h7rsxx_hal_dma.su","D:/Tudor/Master/Disertatie/ssm-mcu-asd-deploy/nucleo-h7s3l8-ssm-mamba-asd/Drivers/STM32H7RSxx_HAL_Driver/Src/stm32h7rsxx_hal_dma.c","594","HAL_DMA_Start","12","static"
"Middlewares\CMSIS-DSP\Source\BasicMathFunctions\arm_dot_prod_q15.su","../Middlewares/CMSIS-DSP/Source/BasicMathFunctions/arm_dot_prod_q15.c","106","arm_dot_prod_q15","12","static"
"Middlewares\CMSIS-DSP\Source\ComplexMathFunctions\arm_cmplx_conj_q31.su","../Middlewares/CMSIS-DSP/Source/ComplexMathFunctions/arm_cmplx_conj_q31.c","106","arm_cmplx_conj_q31","12","static,ignoring_inline_asm"
"Middlewares\CMSIS-DSP\Source\StatisticsFunctions\arm_min_q31.su","../Middlewares/CMSIS-DSP/Source/StatisticsFunctions/arm_min_q31.c","102","arm_min_q31","12","static"
"Middlewares\CMSIS-DSP\Source\StatisticsFunctions\arm_min_q15.su","../Middlewares/CMSIS-DSP/Source/StatisticsFunctions/arm_min_q15.c","102","arm_min_q15","12","static"
"Middlewares\CMSIS-DSP\Source\StatisticsFunctions\arm_max_q15.su","../Middlewares/CMSIS-DSP/Source/StatisticsFunctions/arm_max_q15.c","101","arm_max_q15","12","static"
"Middlewares\CMSIS-DSP\Source\StatisticsFunctions\arm_mse_q7.su","../Middlewares/CMSIS-DSP/Source/StatisticsFunctions/arm_mse_q7.c","107","arm_mse_q7","12","static,ignoring_inline_asm"
"Middlewares\CMSIS-DSP\Source\TransformFunctions\arm_rfft_f32.su","../Middlewares/CMSIS-DSP/Source/TransformFunctions/arm_rfft_f32.c","239","arm_split_rifft_f32","12","static"
"Middlewares\CMSIS-DSP\Source\StatisticsFunctions\arm_max_q31.su","../Middlewares/CMSIS-DSP/Source/StatisticsFunctions/arm_max_q31.c","101","arm_max_q31","12","static"
"Middlewares\CMSIS-DSP\Source\FilteringFunctions\arm_biquad_cascade_df1_f32.su","../Middlewares/CMSIS-DSP/Source/FilteringFunctions/arm_biquad_cascade_df1_f32.c","505","arm_biquad_cascade_df1_f32","12","static"
"Middlewares\CMSIS-DSP\Source\FastMathFunctions\arm_sqrt_q31.su","../Middlewares/CMSIS-DSP/Source/FastMathFunctions/arm_sqrt_q31.c","52","arm_sqrt_q31","12","static"
"Middlewares\CMSIS-DSP\Source\MatrixFunctions\arm_mat_trans_q7.su","../Middlewares/CMSIS-DSP/Source/MatrixFunctions/arm_mat_trans_q7.c","113","arm_mat_trans_q7","12","static"
"Middlewares\CMSIS-DSP\Source\InterpolationFunctions\arm_bilinear_interp_q7.su","../Middlewares/CMSIS-DSP/Source/InterpolationFunctions/arm_bilinear_interp_q7.c","48","arm_bilinear_interp_q7","12","static"
"Middlewares\CMSIS-DSP\Source\FilteringFunctions\arm_biquad_cascade_df2T_f32.su","../Middlewares/CMSIS-DSP/Source/FilteringFunctions/arm_biquad_cascade_df2T_f32.c","346","arm_biquad_cascade_df2T_f32","12","static"
"Middlewares\CMSIS-DSP\Source\FilteringFunctions\arm_fir_sparse_init_q7.su","../Middlewares/CMSIS-DSP/Source/FilteringFunctions/arm_fir_sparse_init_q7.c","59","arm_fir_sparse_init_q7","8","static"
"Middlewares\CMSIS-DSP\Source\TransformFunctions\arm_rfft_fast_init_f32.su","../Middlewares/CMSIS-DSP/Source/TransformFunctions/arm_rfft_fast_init_f32.c","128","arm_rfft_fast_init_256_f32","8","static"
"Middlewares\CMSIS-DSP\Source\BasicMathFunctions\arm_xor_u32.su","../Middlewares/CMSIS-DSP/Source/BasicMathFunctions/arm_xor_u32.c","48","arm_xor_u32","8","static"
"Middlewares\CMSIS-DSP\Source\FilteringFunctions\arm_fir_sparse_init_q15.su","../Middlewares/CMSIS-DSP/Source/FilteringFunctions/arm_fir_sparse_init_q15.c","59","arm_fir_sparse_init_q15","8","static"
"Middlewares\CMSIS-DSP\Source\FilteringFunctions\arm_fir_sparse_init_q31.su","../Middlewares/CMSIS-DSP/Source/FilteringFunctions/arm_fir_sparse_init_q31.c","58","arm_fir_sparse_init_q31","8","static"
"Middlewares\CMSIS-DSP\Source\BasicMathFunctions\arm_sub_q31.su","../Middlewares/CMSIS-DSP/Source/BasicMathFunctions/arm_sub_q31.c","102","arm_sub_q31","8","static,ignoring_inline_asm"
"Middlewares\CMSIS-DSP\Source\FilteringFunctions\arm_fir_sparse_init_f32.su","../Middlewares/CMSIS-DSP/Source/FilteringFunctions/arm_fir_sparse_init_f32.c","59","arm_fir_sparse_init_f32","8","static"
"Middlewares\CMSIS-DSP\Source\TransformFunctions\arm_rfft_fast_init_f32.su","../Middlewares/CMSIS-DSP/Source/TransformFunctions/arm_rfft_fast_init_f32.c","50","arm_rfft_fast_init_32_f32","8","static"
"Drivers\STM32H7RSxx_HAL_Driver\stm32h7rsxx_hal_rcc_ex.su","D:/Tudor/Master/Disertatie/ssm-mcu-asd-deploy/nucleo-h7s3l8-ssm-mamba-asd/Drivers/STM32H7RSxx_HAL_Driver/Src/stm32h7rsxx_hal_rcc_ex.c","2793","HAL_RCCEx_LSECSS_IRQHandler","8","static"
"Drivers\STM32H7RSxx_HAL_Driver\stm32h7rsxx_hal_uart.su","D:/Tudor/Master/Disertatie/ssm-mcu-asd-deploy/nucleo-h7s3l8-ssm-mamba-asd/Drivers/STM32H7RSxx_HAL_Driver/Src/stm32h7rsxx_hal_uart.c","1843","HAL_UART_AbortTransmit","8","static,ignoring_inline_asm"
"Core\Src\syscalls.su","../Core/Src/syscalls.c","118","_unlink","8","static"
"Middlewares\CMSIS-DSP\Source\TransformFunctions\arm_rfft_fast_init_f32.su","../Middlewares/CMSIS-DSP/Source/TransformFunctions/arm_rfft_fast_init_f32.c","76","arm_rfft_fast_init_64_f32","8","static"
"Middlewares\CMSIS-DSP\Source\TransformFunctions\arm_rfft_fast_init_f32.su","../Middlewares/CMSIS-DSP/Source/TransformFunctions/arm_rfft_fast_init_f32.c","102","arm_rfft_fast_init_128_f32","8","static"
"Middlewares\CMSIS-DSP\Source\ComplexMathFunctions\arm_cmplx_conj_q15.su","../Middlewares/CMSIS-DSP/Source/ComplexMathFunctions/arm_cmplx_conj_q15.c","100","arm_cmplx_conj_q15","8","static,ignoring_inline_asm"
"Core\Src\syscalls.su","../Core/Src/syscalls.c","135","_link","8","static"
"Middlewares\CMSIS-DSP\Source\TransformFunctions\arm_rfft_fast_init_f32.su","../Middlewares/CMSIS-DSP/Source/TransformFunctions/arm_rfft_fast_init_f32.c","154","arm_rfft_fast_init_512_f32","8","static"
"Middlewares\CMSIS-DSP\Source\TransformFunctions\arm_rfft_init_f32.su","../Middlewares/CMSIS-DSP/Source/TransformFunctions/arm_rfft_init_f32.c","71","arm_rfft_init_f32","8","static"
"Drivers\BSP\STM32H7xx_Nucleo\stm32h7rsxx_nucleo.su","D:/Tudor/Master/Disertatie/ssm-mcu-asd-deploy/nucleo-h7s3l8-ssm-mamba-asd/Drivers/BSP/STM32H7RSxx_Nucleo/stm32h7rsxx_nucleo.c","238","BSP_LED_On","8","static"
"Middlewares\CMSIS-DSP\Source\FilteringFunctions\arm_lms_init_q31.su","../Middlewares/CMSIS-DSP/Source/FilteringFunctions/arm_lms_init_q31.c","61","arm_lms_init_q31","8","static"
"Core\Src\audio_ingest.su","../Core/Src/audio_ingest.c","36","AudioIngest_StartHopReceive","8","static"
"Drivers\STM32H7RSxx_HAL_Driver\stm32h7rsxx_hal_rcc_ex.su","D:/Tudor/Master/Disertatie/ssm-mcu-asd-deploy/nucleo-h7s3l8-ssm-mamba-asd/Drivers/STM32H7RSxx_HAL_Driver/Src/stm32h7rsxx_hal_rcc_ex.c","1530","HAL_RCCEx_GetPeriphCLKFreq","8","static"
"Middlewares\CMSIS-DSP\Source\StatisticsFunctions\arm_mse_f64.su","../Middlewares/CMSIS-DSP/Source/StatisticsFunctions/arm_mse_f64.c","48","arm_mse_f64","8","static"
"Middlewares\CMSIS-DSP\Source\StatisticsFunctions\arm_mse_f32.su","../Middlewares/CMSIS-DSP/Source/StatisticsFunctions/arm_mse_f32.c","177","arm_mse_f32","8","static"
"Middlewares\CMSIS-DSP\Source\BasicMathFunctions\arm_or_u32.su","../Middlewares/CMSIS-DSP/Source/BasicMathFunctions/arm_or_u32.c","48","arm_or_u32","8","static"
"Middlewares\CMSIS-DSP\Source\TransformFunctions\arm_rfft_fast_init_f32.su","../Middlewares/CMSIS-DSP/Source/TransformFunctions/arm_rfft_fast_init_f32.c","205","arm_rfft_fast_init_2048_f32","8","static"
"Middlewares\CMSIS-DSP\Source\BasicMathFunctions\arm_scale_q7.su","../Middlewares/CMSIS-DSP/Source/BasicMathFunctions/arm_scale_q7.c","122","arm_scale_q7","8","static,ignoring_inline_asm"
"Middlewares\CMSIS-DSP\Source\TransformFunctions\arm_rfft_fast_init_f32.su","../Middlewares/CMSIS-DSP/Source/TransformFunctions/arm_rfft_fast_init_f32.c","180","arm_rfft_fast_init_1024_f32","8","static"
"Middlewares\CMSIS-DSP\Source\TransformFunctions\arm_rfft_fast_init_f32.su","../Middlewares/CMSIS-DSP/Source/TransformFunctions/arm_rfft_fast_init_f32.c","231","arm_rfft_fast_init_4096_f32","8","static"
"Drivers\STM32H7RSxx_HAL_Driver\stm32h7rsxx_hal.su","D:/Tudor/Master/Disertatie/ssm-mcu-asd-deploy/nucleo-h7s3l8-ssm-mamba-asd/Drivers/STM32H7RSxx_HAL_Driver/Src/stm32h7rsxx_hal.c","882","HAL_SBS_ConfigCompensationCell","8","static,ignoring_inline_asm"
"Drivers\STM32H7RSxx_HAL_Driver\stm32h7rsxx_hal.su","D:/Tudor/Master/Disertatie/ssm-mcu-asd-deploy/nucleo-h7s3l8-ssm-mamba-asd/Drivers/STM32H7RSxx_HAL_Driver/Src/stm32h7rsxx_hal.c","919","HAL_SBS_GetCompensationCell","8","static"
"Drivers\STM32H7RSxx_HAL_Driver\stm32h7rsxx_hal_uart.su","D:/Tudor/Master/Disertatie/ssm-mcu-asd-deploy/nucleo-h7s3l8-ssm-mamba-asd/Drivers/STM32H7RSxx_HAL_Driver/Src/stm32h7rsxx_hal_uart.c","3822","UART_DMATransmitCplt","8","static,ignoring_inline_asm"
"Drivers\STM32H7RSxx_HAL_Driver\stm32h7rsxx_hal_dma_ex.su","D:/Tudor/Master/Disertatie/ssm-mcu-asd-deploy/nucleo-h7s3l8-ssm-mamba-asd/Drivers/STM32H7RSxx_HAL_Driver/Src/stm32h7rsxx_hal_dma_ex.c","1096","HAL_DMAEx_List_GetNodeConfig","8","static"
"Drivers\STM32H7RSxx_HAL_Driver\stm32h7rsxx_hal_dma_ex.su","D:/Tudor/Master/Disertatie/ssm-mcu-asd-deploy/nucleo-h7s3l8-ssm-mamba-asd/Drivers/STM32H7RSxx_HAL_Driver/Src/stm32h7rsxx_hal_dma_ex.c","863","HAL_DMAEx_List_Start_IT","8","static"
"Drivers\STM32H7RSxx_HAL_Driver\stm32h7rsxx_hal_dma_ex.su","D:/Tudor/Master/Disertatie/ssm-mcu-asd-deploy/nucleo-h7s3l8-ssm-mamba-asd/Drivers/STM32H7RSxx_HAL_Driver/Src/stm32h7rsxx_hal_dma_ex.c","3231","HAL_DMAEx_ConfigDataHandling","8","static"
"Drivers\STM32H7RSxx_HAL_Driver\stm32h7rsxx_hal_dma_ex.su","D:/Tudor/Master/Disertatie/ssm-mcu-asd-deploy/nucleo-h7s3l8-ssm-mamba-asd/Drivers/STM32H7RSxx_HAL_Driver/Src/stm32h7rsxx_hal_dma_ex.c","1250","HAL_DMAEx_List_InsertNode_Head","8","static"
"Drivers\STM32H7RSxx_HAL_Driver\stm32h7rsxx_hal_pwr_ex.su","D:/Tudor/Master/Disertatie/ssm-mcu-asd-deploy/nucleo-h7s3l8-ssm-mamba-asd/Drivers/STM32H7RSxx_HAL_Driver/Src/stm32h7rsxx_hal_pwr_ex.c","614","HAL_PWREx_WAKEUP_PIN_IRQHandler","8","static"
"Middlewares\CMSIS-DSP\Source\MatrixFunctions\arm_mat_sub_q15.su","../Middlewares/CMSIS-DSP/Source/MatrixFunctions/arm_mat_sub_q15.c","128","arm_mat_sub_q15","8","static,ignoring_inline_asm"
"Core\Src\main.su","../Core/Src/main.c","410","FatalBlink.constprop","8","static"
"Middlewares\CMSIS-DSP\Source\MatrixFunctions\arm_mat_sub_q31.su","../Middlewares/CMSIS-DSP/Source/MatrixFunctions/arm_mat_sub_q31.c","132","arm_mat_sub_q31","8","static,ignoring_inline_asm"
"Middlewares\CMSIS-DSP\Source\TransformFunctions\arm_dct4_init_q15.su","../Middlewares/CMSIS-DSP/Source/TransformFunctions/arm_dct4_init_q15.c","70","arm_dct4_init_q15","8","static"
"Drivers\STM32H7RSxx_HAL_Driver\stm32h7rsxx_hal_rcc_ex.su","D:/Tudor/Master/Disertatie/ssm-mcu-asd-deploy/nucleo-h7s3l8-ssm-mamba-asd/Drivers/STM32H7RSxx_HAL_Driver/Src/stm32h7rsxx_hal_rcc_ex.c","3058","HAL_RCCEx_CRS_IRQHandler","8","static"
"Core\Src\syscalls.su","../Core/Src/syscalls.c","55","_exit","8","static"
"Core\Src\syscalls.su","../Core/Src/syscalls.c","48","_kill","8","static"
"Drivers\STM32H7RSxx_HAL_Driver\stm32h7rsxx_hal_dma_ex.su","D:/Tudor/Master/Disertatie/ssm-mcu-asd-deploy/nucleo-h7s3l8-ssm-mamba-asd/Drivers/STM32H7RSxx_HAL_Driver/Src/stm32h7rsxx_hal_dma_ex.c","3316","HAL_DMAEx_ConfigRepeatBlock","8","static"
"Drivers\STM32H7RSxx_HAL_Driver\stm32h7rsxx_hal_dma_ex.su","D:/Tudor/Master/Disertatie/ssm-mcu-asd-deploy/nucleo-h7s3l8-ssm-mamba-asd/Drivers/STM32H7RSxx_HAL_Driver/Src/stm32h7rsxx_hal_dma_ex.c","3271","HAL_DMAEx_ConfigTrigger","8","static"
"Middlewares\CMSIS-DSP\Source\TransformFunctions\arm_dct4_init_q31.su","../Middlewares/CMSIS-DSP/Source/TransformFunctions/arm_dct4_init_q31.c","70","arm_dct4_init_q31","8","static"
"Core\Src\syscalls.su","../Core/Src/syscalls.c","112","_wait","8","static"
"Middlewares\CMSIS-DSP\Source\MatrixFunctions\arm_mat_sub_f64.su","../Middlewares/CMSIS-DSP/Source/MatrixFunctions/arm_mat_sub_f64.c","51","arm_mat_sub_f64","8","static"
"Middlewares\CMSIS-DSP\Source\FilteringFunctions\arm_fir_init_f64.su","../Middlewares/CMSIS-DSP/Source/FilteringFunctions/arm_fir_init_f64.c","62","arm_fir_init_f64","8","static"
"Middlewares\CMSIS-DSP\Source\StatisticsFunctions\arm_mean_f32.su","../Middlewares/CMSIS-DSP/Source/StatisticsFunctions/arm_mean_f32.c","141","arm_mean_f32","8","static"
"Middlewares\CMSIS-DSP\Source\FilteringFunctions\arm_fir_init_f32.su","../Middlewares/CMSIS-DSP/Source/FilteringFunctions/arm_fir_init_f32.c","73","arm_fir_init_f32","8","static"
"Drivers\STM32H7RSxx_HAL_Driver\stm32h7rsxx_hal_flash_ex.su","D:/Tudor/Master/Disertatie/ssm-mcu-asd-deploy/nucleo-h7s3l8-ssm-mamba-asd/Drivers/STM32H7RSxx_HAL_Driver/Src/stm32h7rsxx_hal_flash_ex.c","835","HAL_FLASHEx_ECCD_IRQHandler","8","static"
"Middlewares\CMSIS-DSP\Source\StatisticsFunctions\arm_mean_f64.su","../Middlewares/CMSIS-DSP/Source/StatisticsFunctions/arm_mean_f64.c","90","arm_mean_f64","8","static"
"Middlewares\CMSIS-DSP\Source\FastMathFunctions\arm_sin_q31.su","../Middlewares/CMSIS-DSP/Source/FastMathFunctions/arm_sin_q31.c","49","arm_sin_q31","8","static"
"Middlewares\CMSIS-DSP\Source\FilteringFunctions\arm_fir_init_q31.su","../Middlewares/CMSIS-DSP/Source/FilteringFunctions/arm_fir_init_q31.c","73","arm_fir_init_q31","8","static"
"Middlewares\CMSIS-DSP\Source\FilteringFunctions\arm_fir_init_q7.su","../Middlewares/CMSIS-DSP/Source/FilteringFunctions/arm_fir_init_q7.c","67","arm_fir_init_q7","8","static"
"Drivers\STM32H7RSxx_HAL_Driver\stm32h7rsxx_hal_gpio.su","D:/Tudor/Master/Disertatie/ssm-mcu-asd-deploy/nucleo-h7s3l8-ssm-mamba-asd/Drivers/STM32H7RSxx_HAL_Driver/Src/stm32h7rsxx_hal_gpio.c","479","HAL_GPIO_LockPin","8","static"
"Drivers\STM32H7RSxx_HAL_Driver\stm32h7rsxx_hal_uart.su","D:/Tudor/Master/Disertatie/ssm-mcu-asd-deploy/nucleo-h7s3l8-ssm-mamba-asd/Drivers/STM32H7RSxx_HAL_Driver/Src/stm32h7rsxx_hal_uart.c","1613","HAL_UART_DMAResume","8","static,ignoring_inline_asm"
"Drivers\STM32H7RSxx_HAL_Driver\stm32h7rsxx_hal_dma.su","D:/Tudor/Master/Disertatie/ssm-mcu-asd-deploy/nucleo-h7s3l8-ssm-mamba-asd/Drivers/STM32H7RSxx_HAL_Driver/Src/stm32h7rsxx_hal_dma.c","1021","HAL_DMA_IRQHandler","8","static"
"Drivers\STM32H7RSxx_HAL_Driver\stm32h7rsxx_hal_gpio.su","D:/Tudor/Master/Disertatie/ssm-mcu-asd-deploy/nucleo-h7s3l8-ssm-mamba-asd/Drivers/STM32H7RSxx_HAL_Driver/Src/stm32h7rsxx_hal_gpio.c","514","HAL_GPIO_EXTI_IRQHandler","8","static"
"Drivers\STM32H7RSxx_HAL_Driver\stm32h7rsxx_hal_uart.su","D:/Tudor/Master/Disertatie/ssm-mcu-asd-deploy/nucleo-h7s3l8-ssm-mamba-asd/Drivers/STM32H7RSxx_HAL_Driver/Src/stm32h7rsxx_hal_uart.c","1738","HAL_UART_Abort","8","static,ignoring_inline_asm"
"Core\Src\feature_pipeline.su","../Core/Src/feature_pipeline.c","14","FeaturePipeline_Init","8","static"
"Drivers\STM32H7RSxx_HAL_Driver\stm32h7rsxx_hal_cortex.su","D:/Tudor/Master/Disertatie/ssm-mcu-asd-deploy/nucleo-h7s3l8-ssm-mamba-asd/Drivers/STM32H7RSxx_HAL_Driver/Src/stm32h7rsxx_hal_cortex.c","406","HAL_SYSTICK_IRQHandler","8","static"
"Middlewares\CMSIS-DSP\Source\FastMathFunctions\arm_cos_q31.su","../Middlewares/CMSIS-DSP/Source/FastMathFunctions/arm_cos_q31.c","49","arm_cos_q31","8","static"
"Drivers\BSP\STM32H7xx_Nucleo\stm32h7rsxx_nucleo.su","D:/Tudor/Master/Disertatie/ssm-mcu-asd-deploy/nucleo-h7s3l8-ssm-mamba-asd/Drivers/BSP/STM32H7RSxx_Nucleo/stm32h7rsxx_nucleo.c","392","BSP_PB_GetState","8","static"
"Drivers\BSP\STM32H7xx_Nucleo\stm32h7rsxx_nucleo.su","D:/Tudor/Master/Disertatie/ssm-mcu-asd-deploy/nucleo-h7s3l8-ssm-mamba-asd/Drivers/BSP/STM32H7RSxx_Nucleo/stm32h7rsxx_nucleo.c","640","BUTTON_USER_EXTI_Callback","8","static"
"Drivers\STM32H7RSxx_HAL_Driver\stm32h7rsxx_hal_rcc.su","D:/Tudor/Master/Disertatie/ssm-mcu-asd-deploy/nucleo-h7s3l8-ssm-mamba-asd/Drivers/STM32H7RSxx_HAL_Driver/Src/stm32h7rsxx_hal_rcc.c","1868","HAL_RCC_NMI_IRQHandler","8","static"
"Drivers\STM32H7RSxx_HAL_Driver\stm32h7rsxx_hal_uart.su","D:/Tudor/Master/Disertatie/ssm-mcu-asd-deploy/nucleo-h7s3l8-ssm-mamba-asd/Drivers/STM32H7RSxx_HAL_Driver/Src/stm32h7rsxx_hal_uart.c","3995","UART_DMAError","8","static,ignoring_inline_asm"
"Middlewares\CMSIS-DSP\Source\TransformFunctions\arm_rfft_init_q31.su","../Middlewares/CMSIS-DSP/Source/TransformFunctions/arm_rfft_init_q31.c","363","arm_rfft_init_q31","8","static"
"Drivers\STM32H7RSxx_HAL_Driver\stm32h7rsxx_hal_rcc.su","D:/Tudor/Master/Disertatie/ssm-mcu-asd-deploy/nucleo-h7s3l8-ssm-mamba-asd/Drivers/STM32H7RSxx_HAL_Driver/Src/stm32h7rsxx_hal_rcc.c","1594","HAL_RCC_GetPLL3PFreq","8","static"
"Drivers\STM32H7RSxx_HAL_Driver\stm32h7rsxx_hal_uart.su","D:/Tudor/Master/Disertatie/ssm-mcu-asd-deploy/nucleo-h7s3l8-ssm-mamba-asd/Drivers/STM32H7RSxx_HAL_Driver/Src/stm32h7rsxx_hal_uart.c","4035","UART_DMAAbortOnError","8","static"
"Drivers\STM32H7RSxx_HAL_Driver\stm32h7rsxx_hal_uart.su","D:/Tudor/Master/Disertatie/ssm-mcu-asd-deploy/nucleo-h7s3l8-ssm-mamba-asd/Drivers/STM32H7RSxx_HAL_Driver/Src/stm32h7rsxx_hal_uart.c","4057","UART_DMATxAbortCallback","8","static"
"Drivers\BSP\STM32H7xx_Nucleo\stm32h7rsxx_nucleo.su","D:/Tudor/Master/Disertatie/ssm-mcu-asd-deploy/nucleo-h7s3l8-ssm-mamba-asd/Drivers/BSP/STM32H7RSxx_Nucleo/stm32h7rsxx_nucleo.c","375","BSP_PB_DeInit","8","static"
"Drivers\STM32H7RSxx_HAL_Driver\stm32h7rsxx_hal_rcc.su","D:/Tudor/Master/Disertatie/ssm-mcu-asd-deploy/nucleo-h7s3l8-ssm-mamba-asd/Drivers/STM32H7RSxx_HAL_Driver/Src/stm32h7rsxx_hal_rcc.c","1248","HAL_RCC_GetSysClockFreq","8","static"
"Drivers\STM32H7RSxx_HAL_Driver\stm32h7rsxx_hal_uart.su","D:/Tudor/Master/Disertatie/ssm-mcu-asd-deploy/nucleo-h7s3l8-ssm-mamba-asd/Drivers/STM32H7RSxx_HAL_Driver/Src/stm32h7rsxx_hal_uart.c","3874","UART_DMAReceiveCplt","8","static,ignoring_inline_asm"
"Drivers\STM32H7RSxx_HAL_Driver\stm32h7rsxx_hal_rcc.su","D:/Tudor/Master/Disertatie/ssm-mcu-asd-deploy/nucleo-h7s3l8-ssm-mamba-asd/Drivers/STM32H7RSxx_HAL_Driver/Src/stm32h7rsxx_hal_rcc.c","1534","HAL_RCC_GetPLL2QFreq","8","static"
"Drivers\STM32H7RSxx_HAL_Driver\stm32h7rsxx_hal_uart_ex.su","D:/Tudor/Master/Disertatie/ssm-mcu-asd-deploy/nucleo-h7s3l8-ssm-mamba-asd/Drivers/STM32H7RSxx_HAL_Driver/Src/stm32h7rsxx_hal_uart_ex.c","520","HAL_UARTEx_EnableFifoMode","8","static"
"Core\Src\sysmem.su","../Core/Src/sysmem.c","53","_sbrk","8","static"
"Core\Src\syscalls.su","../Core/Src/syscalls.c","147","_execve","8","static"
"Drivers\STM32H7RSxx_HAL_Driver\stm32h7rsxx_hal_uart_ex.su","D:/Tudor/Master/Disertatie/ssm-mcu-asd-deploy/nucleo-h7s3l8-ssm-mamba-asd/Drivers/STM32H7RSxx_HAL_Driver/Src/stm32h7rsxx_hal_uart_ex.c","561","HAL_UARTEx_DisableFifoMode","8","static"
"Drivers\STM32H7RSxx_HAL_Driver\stm32h7rsxx_hal_uart.su","D:/Tudor/Master/Disertatie/ssm-mcu-asd-deploy/nucleo-h7s3l8-ssm-mamba-asd/Drivers/STM32H7RSxx_HAL_Driver/Src/stm32h7rsxx_hal_uart.c","4112","UART_DMARxAbortCallback","8","static"
"Drivers\STM32H7RSxx_HAL_Driver\stm32h7rsxx_hal_rcc.su","D:/Tudor/Master/Disertatie/ssm-mcu-asd-deploy/nucleo-h7s3l8-ssm-mamba-asd/Drivers/STM32H7RSxx_HAL_Driver/Src/stm32h7rsxx_hal_rcc.c","1489","HAL_RCC_GetPLL1RFreq","8","static"
"Drivers\STM32H7RSxx_HAL_Driver\stm32h7rsxx_hal_rcc.su","D:/Tudor/Master/Disertatie/ssm-mcu-asd-deploy/nucleo-h7s3l8-ssm-mamba-asd/Drivers/STM32H7RSxx_HAL_Driver/Src/stm32h7rsxx_hal_rcc.c","1504","HAL_RCC_GetPLL1SFreq","8","static"
"Drivers\STM32H7RSxx_HAL_Driver\stm32h7rsxx_hal.su","D:/Tudor/Master/Disertatie/ssm-mcu-asd-deploy/nucleo-h7s3l8-ssm-mamba-asd/Drivers/STM32H7RSxx_HAL_Driver/Src/stm32h7rsxx_hal.c","165","HAL_Init","8","static"
"Drivers\STM32H7RSxx_HAL_Driver\stm32h7rsxx_hal_rcc.su","D:/Tudor/Master/Disertatie/ssm-mcu-asd-deploy/nucleo-h7s3l8-ssm-mamba-asd/Drivers/STM32H7RSxx_HAL_Driver/Src/stm32h7rsxx_hal_rcc.c","1564","HAL_RCC_GetPLL2SFreq","8","static"
"Drivers\STM32H7RSxx_HAL_Driver\stm32h7rsxx_hal_rcc.su","D:/Tudor/Master/Disertatie/ssm-mcu-asd-deploy/nucleo-h7s3l8-ssm-mamba-asd/Drivers/STM32H7RSxx_HAL_Driver/Src/stm32h7rsxx_hal_rcc.c","1549","HAL_RCC_GetPLL2RFreq","8","static"
"Drivers\STM32H7RSxx_HAL_Driver\stm32h7rsxx_hal_rcc.su","D:/Tudor/Master/Disertatie/ssm-mcu-asd-deploy/nucleo-h7s3l8-ssm-mamba-asd/Drivers/STM32H7RSxx_HAL_Driver/Src/stm32h7rsxx_hal_rcc.c","1519","HAL_RCC_GetPLL2PFreq","8","static"
"Drivers\STM32H7RSxx_HAL_Driver\stm32h7rsxx_hal_uart.su","D:/Tudor/Master/Disertatie/ssm-mcu-asd-deploy/nucleo-h7s3l8-ssm-mamba-asd/Drivers/STM32H7RSxx_HAL_Driver/Src/stm32h7rsxx_hal_uart.c","384","HAL_HalfDuplex_Init","8","static"
"Drivers\STM32H7RSxx_HAL_Driver\stm32h7rsxx_hal_uart.su","D:/Tudor/Master/Disertatie/ssm-mcu-asd-deploy/nucleo-h7s3l8-ssm-mamba-asd/Drivers/STM32H7RSxx_HAL_Driver/Src/stm32h7rsxx_hal_uart.c","309","HAL_UART_Init","8","static"
"Drivers\STM32H7RSxx_HAL_Driver\stm32h7rsxx_hal.su","D:/Tudor/Master/Disertatie/ssm-mcu-asd-deploy/nucleo-h7s3l8-ssm-mamba-asd/Drivers/STM32H7RSxx_HAL_Driver/Src/stm32h7rsxx_hal.c","192","HAL_DeInit","8","static"
"Drivers\STM32H7RSxx_HAL_Driver\stm32h7rsxx_hal.su","D:/Tudor/Master/Disertatie/ssm-mcu-asd-deploy/nucleo-h7s3l8-ssm-mamba-asd/Drivers/STM32H7RSxx_HAL_Driver/Src/stm32h7rsxx_hal.c","267","HAL_InitTick","8","static"
"Drivers\BSP\STM32H7xx_Nucleo\stm32h7rsxx_nucleo.su","D:/Tudor/Master/Disertatie/ssm-mcu-asd-deploy/nucleo-h7s3l8-ssm-mamba-asd/Drivers/BSP/STM32H7RSxx_Nucleo/stm32h7rsxx_nucleo.c","654","MX_USART3_Init","8","static"
"Drivers\STM32H7RSxx_HAL_Driver\stm32h7rsxx_hal_uart.su","D:/Tudor/Master/Disertatie/ssm-mcu-asd-deploy/nucleo-h7s3l8-ssm-mamba-asd/Drivers/STM32H7RSxx_HAL_Driver/Src/stm32h7rsxx_hal_uart.c","1515","HAL_UART_Receive_DMA","8","static,ignoring_inline_asm"
"Drivers\STM32H7RSxx_HAL_Driver\stm32h7rsxx_hal_uart.su","D:/Tudor/Master/Disertatie/ssm-mcu-asd-deploy/nucleo-h7s3l8-ssm-mamba-asd/Drivers/STM32H7RSxx_HAL_Driver/Src/stm32h7rsxx_hal_uart.c","3609","UART_Start_Receive_IT","8","static,ignoring_inline_asm"
"Drivers\STM32H7RSxx_HAL_Driver\stm32h7rsxx_hal_rcc.su","D:/Tudor/Master/Disertatie/ssm-mcu-asd-deploy/nucleo-h7s3l8-ssm-mamba-asd/Drivers/STM32H7RSxx_HAL_Driver/Src/stm32h7rsxx_hal_rcc.c","1579","HAL_RCC_GetPLL2TFreq","8","static"
"Drivers\STM32H7RSxx_HAL_Driver\stm32h7rsxx_hal_rcc.su","D:/Tudor/Master/Disertatie/ssm-mcu-asd-deploy/nucleo-h7s3l8-ssm-mamba-asd/Drivers/STM32H7RSxx_HAL_Driver/Src/stm32h7rsxx_hal_rcc.c","1474","HAL_RCC_GetPLL1QFreq","8","static"
"Drivers\STM32H7RSxx_HAL_Driver\stm32h7rsxx_hal_uart.su","D:/Tudor/Master/Disertatie/ssm-mcu-asd-deploy/nucleo-h7s3l8-ssm-mamba-asd/Drivers/STM32H7RSxx_HAL_Driver/Src/stm32h7rsxx_hal_uart.c","1364","HAL_UART_Receive_IT","8","static,ignoring_inline_asm"
"Drivers\STM32H7RSxx_HAL_Driver\stm32h7rsxx_hal_uart.su","D:/Tudor/Master/Disertatie/ssm-mcu-asd-deploy/nucleo-h7s3l8-ssm-mamba-asd/Drivers/STM32H7RSxx_HAL_Driver/Src/stm32h7rsxx_hal_uart.c","3947","UART_DMARxHalfCplt","8","static"
"Middlewares\CMSIS-DSP\Source\StatisticsFunctions\arm_rms_f32.su","../Middlewares/CMSIS-DSP/Source/StatisticsFunctions/arm_rms_f32.c","126","arm_rms_f32","8","static,ignoring_inline_asm"
"Middlewares\CMSIS-DSP\Source\StatisticsFunctions\arm_rms_q15.su","../Middlewares/CMSIS-DSP/Source/StatisticsFunctions/arm_rms_q15.c","71","arm_rms_q15","8","static,ignoring_inline_asm"
"Middlewares\CMSIS-DSP\Source\BasicMathFunctions\arm_dot_prod_q7.su","../Middlewares/CMSIS-DSP/Source/BasicMathFunctions/arm_dot_prod_q7.c","106","arm_dot_prod_q7","8","static"
"Core\Src\syscalls.su","../Core/Src/syscalls.c","142","_fork","8","static"
"Middlewares\CMSIS-DSP\Source\BasicMathFunctions\arm_clip_q15.su","../Middlewares/CMSIS-DSP/Source/BasicMathFunctions/arm_clip_q15.c","112","arm_clip_q15","8","static"
"Drivers\BSP\STM32H7xx_Nucleo\stm32h7rsxx_nucleo.su","D:/Tudor/Master/Disertatie/ssm-mcu-asd-deploy/nucleo-h7s3l8-ssm-mamba-asd/Drivers/BSP/STM32H7RSxx_Nucleo/stm32h7rsxx_nucleo.c","285","BSP_LED_GetState","8","static"
"Middlewares\CMSIS-DSP\Source\BasicMathFunctions\arm_clip_q7.su","../Middlewares/CMSIS-DSP/Source/BasicMathFunctions/arm_clip_q7.c","112","arm_clip_q7","8","static"
"Middlewares\CMSIS-DSP\Source\BasicMathFunctions\arm_clip_q31.su","../Middlewares/CMSIS-DSP/Source/BasicMathFunctions/arm_clip_q31.c","112","arm_clip_q31","8","static"
"Drivers\STM32H7RSxx_HAL_Driver\stm32h7rsxx_hal_uart.su","D:/Tudor/Master/Disertatie/ssm-mcu-asd-deploy/nucleo-h7s3l8-ssm-mamba-asd/Drivers/STM32H7RSxx_HAL_Driver/Src/stm32h7rsxx_hal_uart.c","4197","UART_DMARxOnlyAbortCallback","8","static"
"Drivers\STM32H7RSxx_HAL_Driver\stm32h7rsxx_hal_uart.su","D:/Tudor/Master/Disertatie/ssm-mcu-asd-deploy/nucleo-h7s3l8-ssm-mamba-asd/Drivers/STM32H7RSxx_HAL_Driver/Src/stm32h7rsxx_hal_uart.c","4164","UART_DMATxOnlyAbortCallback","8","static"
"Middlewares\CMSIS-DSP\Source\StatisticsFunctions\arm_power_q15.su","../Middlewares/CMSIS-DSP/Source/StatisticsFunctions/arm_power_q15.c","100","arm_power_q15","8","static"
"Drivers\STM32H7RSxx_HAL_Driver\stm32h7rsxx_hal_rcc.su","D:/Tudor/Master/Disertatie/ssm-mcu-asd-deploy/nucleo-h7s3l8-ssm-mamba-asd/Drivers/STM32H7RSxx_HAL_Driver/Src/stm32h7rsxx_hal_rcc.c","1459","HAL_RCC_GetPLL1PFreq","8","static"
"Drivers\STM32H7RSxx_HAL_Driver\stm32h7rsxx_hal_uart.su","D:/Tudor/Master/Disertatie/ssm-mcu-asd-deploy/nucleo-h7s3l8-ssm-mamba-asd/Drivers/STM32H7RSxx_HAL_Driver/Src/stm32h7rsxx_hal_uart.c","2129","HAL_UART_AbortTransmit_IT","8","static,ignoring_inline_asm"
"Drivers\BSP\STM32H7xx_Nucleo\stm32h7rsxx_nucleo.su","D:/Tudor/Master/Disertatie/ssm-mcu-asd-deploy/nucleo-h7s3l8-ssm-mamba-asd/Drivers/BSP/STM32H7RSxx_Nucleo/stm32h7rsxx_nucleo.c","270","BSP_LED_Toggle","8","static"
"Middlewares\CMSIS-DSP\Source\StatisticsFunctions\arm_power_q31.su","../Middlewares/CMSIS-DSP/Source/StatisticsFunctions/arm_power_q31.c","100","arm_power_q31","8","static"
"Drivers\BSP\STM32H7xx_Nucleo\stm32h7rsxx_nucleo.su","D:/Tudor/Master/Disertatie/ssm-mcu-asd-deploy/nucleo-h7s3l8-ssm-mamba-asd/Drivers/BSP/STM32H7RSxx_Nucleo/stm32h7rsxx_nucleo.c","254","BSP_LED_Off","8","static"
"Middlewares\CMSIS-DSP\Source\BasicMathFunctions\arm_mult_q31.su","../Middlewares/CMSIS-DSP/Source/BasicMathFunctions/arm_mult_q31.c","100","arm_mult_q31","8","static,ignoring_inline_asm"
"Middlewares\CMSIS-DSP\Source\MatrixFunctions\arm_mat_add_q31.su","../Middlewares/CMSIS-DSP/Source/MatrixFunctions/arm_mat_add_q31.c","130","arm_mat_add_q31","8","static,ignoring_inline_asm"
"Drivers\STM32H7RSxx_HAL_Driver\stm32h7rsxx_hal_uart.su","D:/Tudor/Master/Disertatie/ssm-mcu-asd-deploy/nucleo-h7s3l8-ssm-mamba-asd/Drivers/STM32H7RSxx_HAL_Driver/Src/stm32h7rsxx_hal_uart.c","4398","UART_RxISR_8BIT","8","static,ignoring_inline_asm"
"Drivers\STM32H7RSxx_HAL_Driver\stm32h7rsxx_hal_rcc.su","D:/Tudor/Master/Disertatie/ssm-mcu-asd-deploy/nucleo-h7s3l8-ssm-mamba-asd/Drivers/STM32H7RSxx_HAL_Driver/Src/stm32h7rsxx_hal_rcc.c","1639","HAL_RCC_GetPLL3SFreq","8","static"
"Drivers\STM32H7RSxx_HAL_Driver\stm32h7rsxx_hal_rcc.su","D:/Tudor/Master/Disertatie/ssm-mcu-asd-deploy/nucleo-h7s3l8-ssm-mamba-asd/Drivers/STM32H7RSxx_HAL_Driver/Src/stm32h7rsxx_hal_rcc.c","1624","HAL_RCC_GetPLL3RFreq","8","static"
"Middlewares\CMSIS-DSP\Source\MatrixFunctions\arm_mat_add_q15.su","../Middlewares/CMSIS-DSP/Source/MatrixFunctions/arm_mat_add_q15.c","131","arm_mat_add_q15","8","static,ignoring_inline_asm"
"Drivers\STM32H7RSxx_HAL_Driver\stm32h7rsxx_hal_pwr_ex.su","D:/Tudor/Master/Disertatie/ssm-mcu-asd-deploy/nucleo-h7s3l8-ssm-mamba-asd/Drivers/STM32H7RSxx_HAL_Driver/Src/stm32h7rsxx_hal_pwr_ex.c","1337","HAL_PWREx_PVD_AVD_IRQHandler","8","static"
"Drivers\STM32H7RSxx_HAL_Driver\stm32h7rsxx_hal_uart.su","D:/Tudor/Master/Disertatie/ssm-mcu-asd-deploy/nucleo-h7s3l8-ssm-mamba-asd/Drivers/STM32H7RSxx_HAL_Driver/Src/stm32h7rsxx_hal_uart.c","3856","UART_DMATxHalfCplt","8","static"
"Middlewares\CMSIS-DSP\Source\BasicMathFunctions\arm_and_u32.su","../Middlewares/CMSIS-DSP/Source/BasicMathFunctions/arm_and_u32.c","48","arm_and_u32","8","static"
"Drivers\STM32H7RSxx_HAL_Driver\stm32h7rsxx_hal_rcc.su","D:/Tudor/Master/Disertatie/ssm-mcu-asd-deploy/nucleo-h7s3l8-ssm-mamba-asd/Drivers/STM32H7RSxx_HAL_Driver/Src/stm32h7rsxx_hal_rcc.c","1609","HAL_RCC_GetPLL3QFreq","8","static"
"Drivers\STM32H7RSxx_HAL_Driver\stm32h7rsxx_hal_uart.su","D:/Tudor/Master/Disertatie/ssm-mcu-asd-deploy/nucleo-h7s3l8-ssm-mamba-asd/Drivers/STM32H7RSxx_HAL_Driver/Src/stm32h7rsxx_hal_uart.c","4489","UART_RxISR_16BIT","8","static,ignoring_inline_asm"
"Middlewares\CMSIS-DSP\Source\BasicMathFunctions\arm_add_q31.su","../Middlewares/CMSIS-DSP/Source/BasicMathFunctions/arm_add_q31.c","102","arm_add_q31","8","static,ignoring_inline_asm"
"Middlewares\CMSIS-DSP\Source\TransformFunctions\arm_rfft_init_q15.su","../Middlewares/CMSIS-DSP/Source/TransformFunctions/arm_rfft_init_q15.c","365","arm_rfft_init_q15","8","static"
"Middlewares\CMSIS-DSP\Source\StatisticsFunctions\arm_absmax_f32.su","../Middlewares/CMSIS-DSP/Source/StatisticsFunctions/arm_absmax_f32.c","213","arm_absmax_f32","4","static"
"Middlewares\CMSIS-DSP\Source\TransformFunctions\arm_rfft_fast_init_f64.su","../Middlewares/CMSIS-DSP/Source/TransformFunctions/arm_rfft_fast_init_f64.c","281","arm_rfft_fast_init_f64","4","static"
"Middlewares\CMSIS-DSP\Source\TransformFunctions\arm_cfft_radix4_init_q15.su","../Middlewares/CMSIS-DSP/Source/TransformFunctions/arm_cfft_radix4_init_q15.c","66","arm_cfft_radix4_init_q15","4","static"
"Drivers\STM32H7RSxx_HAL_Driver\stm32h7rsxx_hal_exti.su","D:/Tudor/Master/Disertatie/ssm-mcu-asd-deploy/nucleo-h7s3l8-ssm-mamba-asd/Drivers/STM32H7RSxx_HAL_Driver/Src/stm32h7rsxx_hal_exti.c","536","HAL_EXTI_GetPending","4","static"
"Drivers\STM32H7RSxx_HAL_Driver\stm32h7rsxx_hal_exti.su","D:/Tudor/Master/Disertatie/ssm-mcu-asd-deploy/nucleo-h7s3l8-ssm-mamba-asd/Drivers/STM32H7RSxx_HAL_Driver/Src/stm32h7rsxx_hal_exti.c","498","HAL_EXTI_IRQHandler","4","static"
"Middlewares\CMSIS-DSP\Source\TransformFunctions\arm_cfft_radix4_init_f32.su","../Middlewares/CMSIS-DSP/Source/TransformFunctions/arm_cfft_radix4_init_f32.c","65","arm_cfft_radix4_init_f32","4","static"
"Middlewares\CMSIS-DSP\Source\TransformFunctions\arm_cfft_radix4_init_q31.su","../Middlewares/CMSIS-DSP/Source/TransformFunctions/arm_cfft_radix4_init_q31.c","65","arm_cfft_radix4_init_q31","4","static"
"Middlewares\CMSIS-DSP\Source\StatisticsFunctions\arm_absmax_f64.su","../Middlewares/CMSIS-DSP/Source/StatisticsFunctions/arm_absmax_f64.c","47","arm_absmax_f64","4","static"
"Middlewares\CMSIS-DSP\Source\TransformFunctions\arm_rfft_init_q31.su","../Middlewares/CMSIS-DSP/Source/TransformFunctions/arm_rfft_init_q31.c","131","arm_rfft_init_8192_q31","4","static"
"Middlewares\CMSIS-DSP\Source\TransformFunctions\arm_rfft_init_q31.su","../Middlewares/CMSIS-DSP/Source/TransformFunctions/arm_rfft_init_q31.c","155","arm_rfft_init_4096_q31","4","static"
"Middlewares\CMSIS-DSP\Source\TransformFunctions\arm_rfft_init_q15.su","../Middlewares/CMSIS-DSP/Source/TransformFunctions/arm_rfft_init_q15.c","326","arm_rfft_init_32_q15","4","static"
"Drivers\STM32H7RSxx_HAL_Driver\stm32h7rsxx_hal.su","D:/Tudor/Master/Disertatie/ssm-mcu-asd-deploy/nucleo-h7s3l8-ssm-mamba-asd/Drivers/STM32H7RSxx_HAL_Driver/Src/stm32h7rsxx_hal.c","1072","HAL_SBS_GetEXTIConfig","4","static"
"Middlewares\CMSIS-DSP\Source\TransformFunctions\arm_rfft_init_q31.su","../Middlewares/CMSIS-DSP/Source/TransformFunctions/arm_rfft_init_q31.c","203","arm_rfft_init_1024_q31","4","static"
"Middlewares\CMSIS-DSP\Source\TransformFunctions\arm_rfft_init_q31.su","../Middlewares/CMSIS-DSP/Source/TransformFunctions/arm_rfft_init_q31.c","227","arm_rfft_init_512_q31","4","static"
"Middlewares\CMSIS-DSP\Source\MatrixFunctions\arm_mat_add_f32.su","../Middlewares/CMSIS-DSP/Source/MatrixFunctions/arm_mat_add_f32.c","237","arm_mat_add_f32","4","static"
"Middlewares\CMSIS-DSP\Source\TransformFunctions\arm_rfft_init_q31.su","../Middlewares/CMSIS-DSP/Source/TransformFunctions/arm_rfft_init_q31.c","179","arm_rfft_init_2048_q31","4","static"
"Middlewares\CMSIS-DSP\Source\InterpolationFunctions\arm_linear_interp_q7.su","../Middlewares/CMSIS-DSP/Source/InterpolationFunctions/arm_linear_interp_q7.c","53","arm_linear_interp_q7","4","static"
"Middlewares\CMSIS-DSP\Source\TransformFunctions\arm_rfft_init_q15.su","../Middlewares/CMSIS-DSP/Source/TransformFunctions/arm_rfft_init_q15.c","230","arm_rfft_init_512_q15","4","static"
"Middlewares\CMSIS-DSP\Source\TransformFunctions\arm_rfft_init_q15.su","../Middlewares/CMSIS-DSP/Source/TransformFunctions/arm_rfft_init_q15.c","134","arm_rfft_init_8192_q15","4","static"
"Middlewares\CMSIS-DSP\Source\TransformFunctions\arm_rfft_init_q15.su","../Middlewares/CMSIS-DSP/Source/TransformFunctions/arm_rfft_init_q15.c","158","arm_rfft_init_4096_q15","4","static"
"Middlewares\CMSIS-DSP\Source\TransformFunctions\arm_rfft_init_q15.su","../Middlewares/CMSIS-DSP/Source/TransformFunctions/arm_rfft_init_q15.c","206","arm_rfft_init_1024_q15","4","static"
"Middlewares\CMSIS-DSP\Source\TransformFunctions\arm_rfft_init_q15.su","../Middlewares/CMSIS-DSP/Source/TransformFunctions/arm_rfft_init_q15.c","302","arm_rfft_init_64_q15","4","static"
"Middlewares\CMSIS-DSP\Source\StatisticsFunctions\arm_absmin_f64.su","../Middlewares/CMSIS-DSP/Source/StatisticsFunctions/arm_absmin_f64.c","47","arm_absmin_f64","4","static"
"Middlewares\CMSIS-DSP\Source\TransformFunctions\arm_rfft_init_q15.su","../Middlewares/CMSIS-DSP/Source/TransformFunctions/arm_rfft_init_q15.c","254","arm_rfft_init_256_q15","4","static"
"Middlewares\CMSIS-DSP\Source\TransformFunctions\arm_rfft_init_q15.su","../Middlewares/CMSIS-DSP/Source/TransformFunctions/arm_rfft_init_q15.c","278","arm_rfft_init_128_q15","4","static"
"Drivers\STM32H7RSxx_HAL_Driver\stm32h7rsxx_hal_dma.su","D:/Tudor/Master/Disertatie/ssm-mcu-asd-deploy/nucleo-h7s3l8-ssm-mamba-asd/Drivers/STM32H7RSxx_HAL_Driver/Src/stm32h7rsxx_hal_dma.c","1491","HAL_DMA_ConfigChannelAttributes","4","static"
"Drivers\STM32H7RSxx_HAL_Driver\stm32h7rsxx_hal_dma.su","D:/Tudor/Master/Disertatie/ssm-mcu-asd-deploy/nucleo-h7s3l8-ssm-mamba-asd/Drivers/STM32H7RSxx_HAL_Driver/Src/stm32h7rsxx_hal_dma.c","1535","HAL_DMA_GetConfigChannelAttributes","4","static"
"Middlewares\CMSIS-DSP\Source\StatisticsFunctions\arm_absmin_f32.su","../Middlewares/CMSIS-DSP/Source/StatisticsFunctions/arm_absmin_f32.c","234","arm_absmin_f32","4","static"
"Middlewares\CMSIS-DSP\Source\MatrixFunctions\arm_mat_sub_f32.su","../Middlewares/CMSIS-DSP/Source/MatrixFunctions/arm_mat_sub_f32.c","233","arm_mat_sub_f32","4","static"
"Drivers\STM32H7RSxx_HAL_Driver\stm32h7rsxx_hal_dma_ex.su","D:/Tudor/Master/Disertatie/ssm-mcu-asd-deploy/nucleo-h7s3l8-ssm-mamba-asd/Drivers/STM32H7RSxx_HAL_Driver/Src/stm32h7rsxx_hal_dma_ex.c","801","HAL_DMAEx_List_Start","4","static"
"Drivers\STM32H7RSxx_HAL_Driver\stm32h7rsxx_hal_dma_ex.su","D:/Tudor/Master/Disertatie/ssm-mcu-asd-deploy/nucleo-h7s3l8-ssm-mamba-asd/Drivers/STM32H7RSxx_HAL_Driver/Src/stm32h7rsxx_hal_dma_ex.c","3081","HAL_DMAEx_List_LinkQ","4","static"
"Drivers\STM32H7RSxx_HAL_Driver\stm32h7rsxx_hal_dma.su","D:/Tudor/Master/Disertatie/ssm-mcu-asd-deploy/nucleo-h7s3l8-ssm-mamba-asd/Drivers/STM32H7RSxx_HAL_Driver/Src/stm32h7rsxx_hal_dma.c","1569","HAL_DMA_LockChannelAttributes","4","static"
"Middlewares\CMSIS-DSP\Source\MatrixFunctions\arm_mat_scale_q15.su","../Middlewares/CMSIS-DSP/Source/MatrixFunctions/arm_mat_scale_q15.c","133","arm_mat_scale_q15","4","static,ignoring_inline_asm"
"Middlewares\CMSIS-DSP\Source\TransformFunctions\arm_rfft_init_q15.su","../Middlewares/CMSIS-DSP/Source/TransformFunctions/arm_rfft_init_q15.c","182","arm_rfft_init_2048_q15","4","static"
"Drivers\STM32H7RSxx_HAL_Driver\stm32h7rsxx_hal_cortex.su","D:/Tudor/Master/Disertatie/ssm-mcu-asd-deploy/nucleo-h7s3l8-ssm-mamba-asd/Drivers/STM32H7RSxx_HAL_Driver/Src/stm32h7rsxx_hal_cortex.c","186","HAL_NVIC_SetPriority","4","static"
"Middlewares\CMSIS-DSP\Source\TransformFunctions\arm_mfcc_init_q31.su","../Middlewares/CMSIS-DSP/Source/TransformFunctions/arm_mfcc_init_q31.c","91","arm_mfcc_init_q31","4","static"
"Middlewares\CMSIS-DSP\Source\TransformFunctions\arm_rfft_init_q31.su","../Middlewares/CMSIS-DSP/Source/TransformFunctions/arm_rfft_init_q31.c","251","arm_rfft_init_256_q31","4","static"
"Middlewares\CMSIS-DSP\Source\TransformFunctions\arm_rfft_init_q31.su","../Middlewares/CMSIS-DSP/Source/TransformFunctions/arm_rfft_init_q31.c","275","arm_rfft_init_128_q31","4","static"
"Middlewares\CMSIS-DSP\Source\TransformFunctions\arm_rfft_init_q31.su","../Middlewares/CMSIS-DSP/Source/TransformFunctions/arm_rfft_init_q31.c","323","arm_rfft_init_32_q31","4","static"
"Middlewares\CMSIS-DSP\Source\TransformFunctions\arm_mfcc_init_q15.su","../Middlewares/CMSIS-DSP/Source/TransformFunctions/arm_mfcc_init_q15.c","89","arm_mfcc_init_q15","4","static"
"Middlewares\CMSIS-DSP\Source\TransformFunctions\arm_rfft_init_q31.su","../Middlewares/CMSIS-DSP/Source/TransformFunctions/arm_rfft_init_q31.c","299","arm_rfft_init_64_q31","4","static"
"Drivers\STM32H7RSxx_HAL_Driver\stm32h7rsxx_hal_cortex.su","D:/Tudor/Master/Disertatie/ssm-mcu-asd-deploy/nucleo-h7s3l8-ssm-mamba-asd/Drivers/STM32H7RSxx_HAL_Driver/Src/stm32h7rsxx_hal_cortex.c","308","HAL_NVIC_GetPriority","4","static"
"Middlewares\CMSIS-DSP\Source\StatisticsFunctions\arm_min_f64.su","../Middlewares/CMSIS-DSP/Source/StatisticsFunctions/arm_min_f64.c","47","arm_min_f64","4","static"
"Middlewares\CMSIS-DSP\Source\TransformFunctions\arm_cfft_init_f32.su","../Middlewares/CMSIS-DSP/Source/TransformFunctions/arm_cfft_init_f32.c","235","arm_cfft_init_32_f32","4","static"
"Middlewares\CMSIS-DSP\Source\TransformFunctions\arm_cfft_init_f32.su","../Middlewares/CMSIS-DSP/Source/TransformFunctions/arm_cfft_init_f32.c","221","arm_cfft_init_64_f32","4","static"
"Middlewares\CMSIS-DSP\Source\BasicMathFunctions\arm_sub_q7.su","../Middlewares/CMSIS-DSP/Source/BasicMathFunctions/arm_sub_q7.c","100","arm_sub_q7","4","static,ignoring_inline_asm"
"Middlewares\CMSIS-DSP\Source\BasicMathFunctions\arm_sub_q15.su","../Middlewares/CMSIS-DSP/Source/BasicMathFunctions/arm_sub_q15.c","103","arm_sub_q15","4","static,ignoring_inline_asm"
"Middlewares\CMSIS-DSP\Source\StatisticsFunctions\arm_min_f32.su","../Middlewares/CMSIS-DSP/Source/StatisticsFunctions/arm_min_f32.c","260","arm_min_f32","4","static"
"Middlewares\CMSIS-DSP\Source\BasicMathFunctions\arm_or_u16.su","../Middlewares/CMSIS-DSP/Source/BasicMathFunctions/arm_or_u16.c","56","arm_or_u16","4","static"
"Middlewares\CMSIS-DSP\Source\BasicMathFunctions\arm_offset_q31.su","../Middlewares/CMSIS-DSP/Source/BasicMathFunctions/arm_offset_q31.c","98","arm_offset_q31","4","static,ignoring_inline_asm"
"Middlewares\CMSIS-DSP\Source\TransformFunctions\arm_cfft_init_f32.su","../Middlewares/CMSIS-DSP/Source/TransformFunctions/arm_cfft_init_f32.c","207","arm_cfft_init_128_f32","4","static"
"Middlewares\CMSIS-DSP\Source\BasicMathFunctions\arm_scale_q15.su","../Middlewares/CMSIS-DSP/Source/BasicMathFunctions/arm_scale_q15.c","120","arm_scale_q15","4","static,ignoring_inline_asm"
"Middlewares\CMSIS-DSP\Source\StatisticsFunctions\arm_min_no_idx_q31.su","../Middlewares/CMSIS-DSP/Source/StatisticsFunctions/arm_min_no_idx_q31.c","103","arm_min_no_idx_q31","4","static"
"Middlewares\CMSIS-DSP\Source\BasicMathFunctions\arm_or_u8.su","../Middlewares/CMSIS-DSP/Source/BasicMathFunctions/arm_or_u8.c","48","arm_or_u8","4","static"
"Middlewares\CMSIS-DSP\Source\BasicMathFunctions\arm_xor_u16.su","../Middlewares/CMSIS-DSP/Source/BasicMathFunctions/arm_xor_u16.c","56","arm_xor_u16","4","static"
"Middlewares\CMSIS-DSP\Source\TransformFunctions\arm_cfft_init_f64.su","../Middlewares/CMSIS-DSP/Source/TransformFunctions/arm_cfft_init_f64.c","139","arm_cfft_init_256_f64","4","static"
"Middlewares\CMSIS-DSP\Source\TransformFunctions\arm_cfft_init_f64.su","../Middlewares/CMSIS-DSP/Source/TransformFunctions/arm_cfft_init_f64.c","126","arm_cfft_init_512_f64","4","static"
"Middlewares\CMSIS-DSP\Source\TransformFunctions\arm_cfft_init_f64.su","../Middlewares/CMSIS-DSP/Source/TransformFunctions/arm_cfft_init_f64.c","113","arm_cfft_init_1024_f64","4","static"
"Middlewares\CMSIS-DSP\Source\StatisticsFunctions\arm_max_no_idx_q31.su","../Middlewares/CMSIS-DSP/Source/StatisticsFunctions/arm_max_no_idx_q31.c","104","arm_max_no_idx_q31","4","static"
"Middlewares\CMSIS-DSP\Source\ComplexMathFunctions\arm_cmplx_mag_squared_q31.su","../Middlewares/CMSIS-DSP/Source/ComplexMathFunctions/arm_cmplx_mag_squared_q31.c","107","arm_cmplx_mag_squared_q31","4","static"
"Middlewares\CMSIS-DSP\Source\TransformFunctions\arm_cfft_init_f64.su","../Middlewares/CMSIS-DSP/Source/TransformFunctions/arm_cfft_init_f64.c","152","arm_cfft_init_128_f64","4","static"
"Middlewares\CMSIS-DSP\Source\StatisticsFunctions\arm_mean_q7.su","../Middlewares/CMSIS-DSP/Source/StatisticsFunctions/arm_mean_q7.c","95","arm_mean_q7","4","static"
"Middlewares\CMSIS-DSP\Source\TransformFunctions\arm_cfft_init_f32.su","../Middlewares/CMSIS-DSP/Source/TransformFunctions/arm_cfft_init_f32.c","249","arm_cfft_init_16_f32","4","static"
"Middlewares\CMSIS-DSP\Source\BasicMathFunctions\arm_xor_u8.su","../Middlewares/CMSIS-DSP/Source/BasicMathFunctions/arm_xor_u8.c","48","arm_xor_u8","4","static"
"Middlewares\CMSIS-DSP\Source\StatisticsFunctions\arm_mean_q15.su","../Middlewares/CMSIS-DSP/Source/StatisticsFunctions/arm_mean_q15.c","96","arm_mean_q15","4","static"
"Middlewares\CMSIS-DSP\Source\TransformFunctions\arm_cfft_init_f64.su","../Middlewares/CMSIS-DSP/Source/TransformFunctions/arm_cfft_init_f64.c","99","arm_cfft_init_2048_f64","4","static"
"Middlewares\CMSIS-DSP\Source\TransformFunctions\arm_cfft_init_f64.su","../Middlewares/CMSIS-DSP/Source/TransformFunctions/arm_cfft_init_f64.c","86","arm_cfft_init_4096_f64","4","static"
"Middlewares\CMSIS-DSP\Source\TransformFunctions\arm_cfft_init_f32.su","../Middlewares/CMSIS-DSP/Source/TransformFunctions/arm_cfft_init_f32.c","193","arm_cfft_init_256_f32","4","static"
"Drivers\STM32H7RSxx_HAL_Driver\stm32h7rsxx_hal_uart.su","D:/Tudor/Master/Disertatie/ssm-mcu-asd-deploy/nucleo-h7s3l8-ssm-mamba-asd/Drivers/STM32H7RSxx_HAL_Driver/Src/stm32h7rsxx_hal_uart.c","3396","UART_AdvFeatureConfig","4","static"
"Drivers\STM32H7RSxx_HAL_Driver\stm32h7rsxx_hal_uart.su","D:/Tudor/Master/Disertatie/ssm-mcu-asd-deploy/nucleo-h7s3l8-ssm-mamba-asd/Drivers/STM32H7RSxx_HAL_Driver/Src/stm32h7rsxx_hal_uart.c","3033","HAL_LIN_SendBreak","4","static"
"Drivers\STM32H7RSxx_HAL_Driver\stm32h7rsxx_hal_rcc.su","D:/Tudor/Master/Disertatie/ssm-mcu-asd-deploy/nucleo-h7s3l8-ssm-mamba-asd/Drivers/STM32H7RSxx_HAL_Driver/Src/stm32h7rsxx_hal_rcc.c","1657","HAL_RCC_GetOscConfig","4","static"
"Drivers\STM32H7RSxx_HAL_Driver\stm32h7rsxx_hal_rcc.su","D:/Tudor/Master/Disertatie/ssm-mcu-asd-deploy/nucleo-h7s3l8-ssm-mamba-asd/Drivers/STM32H7RSxx_HAL_Driver/Src/stm32h7rsxx_hal_rcc.c","2246","RCC_PLL3_GetVCOOutputFreq","4","static"
"Drivers\STM32H7RSxx_HAL_Driver\stm32h7rsxx_hal_uart_ex.su","D:/Tudor/Master/Disertatie/ssm-mcu-asd-deploy/nucleo-h7s3l8-ssm-mamba-asd/Drivers/STM32H7RSxx_HAL_Driver/Src/stm32h7rsxx_hal_uart_ex.c","389","HAL_MultiProcessorEx_AddressLength_Set","4","static"
"Drivers\STM32H7RSxx_HAL_Driver\stm32h7rsxx_hal_uart_ex.su","D:/Tudor/Master/Disertatie/ssm-mcu-asd-deploy/nucleo-h7s3l8-ssm-mamba-asd/Drivers/STM32H7RSxx_HAL_Driver/Src/stm32h7rsxx_hal_uart_ex.c","1005","UARTEx_SetNbDataToProcess.part.0","4","static"
"Drivers\STM32H7RSxx_HAL_Driver\stm32h7rsxx_hal_uart.su","D:/Tudor/Master/Disertatie/ssm-mcu-asd-deploy/nucleo-h7s3l8-ssm-mamba-asd/Drivers/STM32H7RSxx_HAL_Driver/Src/stm32h7rsxx_hal_uart.c","4332","UART_TxISR_16BIT_FIFOEN","4","static,ignoring_inline_asm"
"Drivers\STM32H7RSxx_HAL_Driver\stm32h7rsxx_hal_uart.su","D:/Tudor/Master/Disertatie/ssm-mcu-asd-deploy/nucleo-h7s3l8-ssm-mamba-asd/Drivers/STM32H7RSxx_HAL_Driver/Src/stm32h7rsxx_hal_uart.c","4292","UART_TxISR_8BIT_FIFOEN","4","static,ignoring_inline_asm"
"Drivers\STM32H7RSxx_HAL_Driver\stm32h7rsxx_hal_uart.su","D:/Tudor/Master/Disertatie/ssm-mcu-asd-deploy/nucleo-h7s3l8-ssm-mamba-asd/Drivers/STM32H7RSxx_HAL_Driver/Src/stm32h7rsxx_hal_uart.c","3795","UART_EndRxTransfer","4","static,ignoring_inline_asm"
"Drivers\STM32H7RSxx_HAL_Driver\stm32h7rsxx_hal_rcc.su","D:/Tudor/Master/Disertatie/ssm-mcu-asd-deploy/nucleo-h7s3l8-ssm-mamba-asd/Drivers/STM32H7RSxx_HAL_Driver/Src/stm32h7rsxx_hal_rcc.c","1831","HAL_RCC_GetClockConfig","4","static"
"Middlewares\CMSIS-DSP\Source\SupportFunctions\arm_sort_f32.su","../Middlewares/CMSIS-DSP/Source/SupportFunctions/arm_sort_f32.c","50","arm_sort_f32","4","static"
"Drivers\STM32H7RSxx_HAL_Driver\stm32h7rsxx_hal_uart.su","D:/Tudor/Master/Disertatie/ssm-mcu-asd-deploy/nucleo-h7s3l8-ssm-mamba-asd/Drivers/STM32H7RSxx_HAL_Driver/Src/stm32h7rsxx_hal_uart.c","1296","HAL_UART_Transmit_IT","4","static,ignoring_inline_asm"
"Drivers\STM32H7RSxx_HAL_Driver\stm32h7rsxx_hal_rcc.su","D:/Tudor/Master/Disertatie/ssm-mcu-asd-deploy/nucleo-h7s3l8-ssm-mamba-asd/Drivers/STM32H7RSxx_HAL_Driver/Src/stm32h7rsxx_hal_rcc.c","2171","RCC_PLL2_GetVCOOutputFreq","4","static"
"Middlewares\CMSIS-DSP\Source\TransformFunctions\arm_cfft_init_f32.su","../Middlewares/CMSIS-DSP/Source/TransformFunctions/arm_cfft_init_f32.c","165","arm_cfft_init_1024_f32","4","static"
"Middlewares\CMSIS-DSP\Source\TransformFunctions\arm_cfft_init_f32.su","../Middlewares/CMSIS-DSP/Source/TransformFunctions/arm_cfft_init_f32.c","151","arm_cfft_init_2048_f32","4","static"
"Middlewares\CMSIS-DSP\Source\BasicMathFunctions\arm_and_u8.su","../Middlewares/CMSIS-DSP/Source/BasicMathFunctions/arm_and_u8.c","49","arm_and_u8","4","static"
"Middlewares\CMSIS-DSP\Source\TransformFunctions\arm_cfft_init_f32.su","../Middlewares/CMSIS-DSP/Source/TransformFunctions/arm_cfft_init_f32.c","179","arm_cfft_init_512_f32","4","static"
"Middlewares\CMSIS-DSP\Source\BasicMathFunctions\arm_mult_q7.su","../Middlewares/CMSIS-DSP/Source/BasicMathFunctions/arm_mult_q7.c","100","arm_mult_q7","4","static,ignoring_inline_asm"
"Middlewares\CMSIS-DSP\Source\BasicMathFunctions\arm_mult_q15.su","../Middlewares/CMSIS-DSP/Source/BasicMathFunctions/arm_mult_q15.c","100","arm_mult_q15","4","static,ignoring_inline_asm"
"Middlewares\CMSIS-DSP\Source\TransformFunctions\arm_cfft_init_f32.su","../Middlewares/CMSIS-DSP/Source/TransformFunctions/arm_cfft_init_f32.c","137","arm_cfft_init_4096_f32","4","static"
"Drivers\STM32H7RSxx_HAL_Driver\stm32h7rsxx_hal_pwr_ex.su","D:/Tudor/Master/Disertatie/ssm-mcu-asd-deploy/nucleo-h7s3l8-ssm-mamba-asd/Drivers/STM32H7RSxx_HAL_Driver/Src/stm32h7rsxx_hal_pwr_ex.c","1271","HAL_PWREx_ConfigAVD","4","static"
"Drivers\STM32H7RSxx_HAL_Driver\stm32h7rsxx_hal_rcc.su","D:/Tudor/Master/Disertatie/ssm-mcu-asd-deploy/nucleo-h7s3l8-ssm-mamba-asd/Drivers/STM32H7RSxx_HAL_Driver/Src/stm32h7rsxx_hal_rcc.c","2096","RCC_PLL1_GetVCOOutputFreq","4","static"
"Middlewares\CMSIS-DSP\Source\BasicMathFunctions\arm_and_u16.su","../Middlewares/CMSIS-DSP/Source/BasicMathFunctions/arm_and_u16.c","56","arm_and_u16","4","static"
"Middlewares\CMSIS-DSP\Source\BasicMathFunctions\arm_add_q7.su","../Middlewares/CMSIS-DSP/Source/BasicMathFunctions/arm_add_q7.c","102","arm_add_q7","4","static,ignoring_inline_asm"
"Middlewares\CMSIS-DSP\Source\BasicMathFunctions\arm_add_q15.su","../Middlewares/CMSIS-DSP/Source/BasicMathFunctions/arm_add_q15.c","102","arm_add_q15","4","static,ignoring_inline_asm"
"Middlewares\CMSIS-DSP\Source\ControllerFunctions\arm_pid_init_q31.su","../Middlewares/CMSIS-DSP/Source/ControllerFunctions/arm_pid_init_q31.c","50","arm_pid_init_q31","4","static,ignoring_inline_asm"
"Middlewares\CMSIS-DSP\Source\TransformFunctions\arm_cfft_init_q15.su","../Middlewares/CMSIS-DSP/Source/TransformFunctions/arm_cfft_init_q15.c","191","arm_cfft_init_256_q15","4","static"
"Middlewares\CMSIS-DSP\Source\TransformFunctions\arm_cfft_init_q15.su","../Middlewares/CMSIS-DSP/Source/TransformFunctions/arm_cfft_init_q15.c","165","arm_cfft_init_1024_q15","4","static"
"Middlewares\CMSIS-DSP\Source\TransformFunctions\arm_cfft_init_q15.su","../Middlewares/CMSIS-DSP/Source/TransformFunctions/arm_cfft_init_q15.c","178","arm_cfft_init_512_q15","4","static"
"Drivers\STM32H7RSxx_HAL_Driver\stm32h7rsxx_hal_pwr.su","D:/Tudor/Master/Disertatie/ssm-mcu-asd-deploy/nucleo-h7s3l8-ssm-mamba-asd/Drivers/STM32H7RSxx_HAL_Driver/Src/stm32h7rsxx_hal_pwr.c","366","HAL_PWR_ConfigPVD","4","static"
"Middlewares\CMSIS-DSP\Source\TransformFunctions\arm_cfft_init_q15.su","../Middlewares/CMSIS-DSP/Source/TransformFunctions/arm_cfft_init_q15.c","204","arm_cfft_init_128_q15","4","static"
"Middlewares\CMSIS-DSP\Source\TransformFunctions\arm_cfft_init_q31.su","../Middlewares/CMSIS-DSP/Source/TransformFunctions/arm_cfft_init_q31.c","205","arm_cfft_init_128_q31","4","static"
"Middlewares\CMSIS-DSP\Source\TransformFunctions\arm_cfft_radix2_init_f32.su","../Middlewares/CMSIS-DSP/Source/TransformFunctions/arm_cfft_radix2_init_f32.c","64","arm_cfft_radix2_init_f32","4","static"
"Drivers\STM32H7RSxx_HAL_Driver\stm32h7rsxx_hal_pwr_ex.su","D:/Tudor/Master/Disertatie/ssm-mcu-asd-deploy/nucleo-h7s3l8-ssm-mamba-asd/Drivers/STM32H7RSxx_HAL_Driver/Src/stm32h7rsxx_hal_pwr_ex.c","513","HAL_PWREx_EnableWakeUpPin","4","static,ignoring_inline_asm"
"Middlewares\CMSIS-DSP\Source\ControllerFunctions\arm_sin_cos_f32.su","../Middlewares/CMSIS-DSP/Source/ControllerFunctions/arm_sin_cos_f32.c","44","arm_sin_cos_f32","4","static"
"Middlewares\CMSIS-DSP\Source\StatisticsFunctions\arm_max_f32.su","../Middlewares/CMSIS-DSP/Source/StatisticsFunctions/arm_max_f32.c","262","arm_max_f32","4","static"
"Middlewares\CMSIS-DSP\Source\TransformFunctions\arm_cfft_init_q31.su","../Middlewares/CMSIS-DSP/Source/TransformFunctions/arm_cfft_init_q31.c","231","arm_cfft_init_32_q31","4","static"
"Middlewares\CMSIS-DSP\Source\TransformFunctions\arm_cfft_init_f64.su","../Middlewares/CMSIS-DSP/Source/TransformFunctions/arm_cfft_init_f64.c","191","arm_cfft_init_16_f64","4","static"
"Middlewares\CMSIS-DSP\Source\TransformFunctions\arm_cfft_init_q31.su","../Middlewares/CMSIS-DSP/Source/TransformFunctions/arm_cfft_init_q31.c","218","arm_cfft_init_64_q31","4","static"
"Middlewares\CMSIS-DSP\Source\TransformFunctions\arm_cfft_init_q15.su","../Middlewares/CMSIS-DSP/Source/TransformFunctions/arm_cfft_init_q15.c","152","arm_cfft_init_2048_q15","4","static"
"Middlewares\CMSIS-DSP\Source\StatisticsFunctions\arm_max_f64.su","../Middlewares/CMSIS-DSP/Source/StatisticsFunctions/arm_max_f64.c","47","arm_max_f64","4","static"
"Middlewares\CMSIS-DSP\Source\TransformFunctions\arm_cfft_init_q31.su","../Middlewares/CMSIS-DSP/Source/TransformFunctions/arm_cfft_init_q31.c","244","arm_cfft_init_16_q31","4","static"
"Middlewares\CMSIS-DSP\Source\TransformFunctions\arm_cfft_init_q15.su","../Middlewares/CMSIS-DSP/Source/TransformFunctions/arm_cfft_init_q15.c","139","arm_cfft_init_4096_q15","4","static"
"Middlewares\CMSIS-DSP\Source\TransformFunctions\arm_cfft_init_q15.su","../Middlewares/CMSIS-DSP/Source/TransformFunctions/arm_cfft_init_q15.c","243","arm_cfft_init_16_q15","4","static"
"Middlewares\CMSIS-DSP\Source\TransformFunctions\arm_cfft_init_q31.su","../Middlewares/CMSIS-DSP/Source/TransformFunctions/arm_cfft_init_q31.c","192","arm_cfft_init_256_q31","4","static"
"Middlewares\CMSIS-DSP\Source\TransformFunctions\arm_cfft_init_q15.su","../Middlewares/CMSIS-DSP/Source/TransformFunctions/arm_cfft_init_q15.c","230","arm_cfft_init_32_q15","4","static"
"Middlewares\CMSIS-DSP\Source\TransformFunctions\arm_cfft_init_f64.su","../Middlewares/CMSIS-DSP/Source/TransformFunctions/arm_cfft_init_f64.c","165","arm_cfft_init_64_f64","4","static"
"Middlewares\CMSIS-DSP\Source\TransformFunctions\arm_cfft_init_q31.su","../Middlewares/CMSIS-DSP/Source/TransformFunctions/arm_cfft_init_q31.c","140","arm_cfft_init_4096_q31","4","static"
"Middlewares\CMSIS-DSP\Source\TransformFunctions\arm_cfft_init_q31.su","../Middlewares/CMSIS-DSP/Source/TransformFunctions/arm_cfft_init_q31.c","166","arm_cfft_init_1024_q31","4","static"
"Middlewares\CMSIS-DSP\Source\TransformFunctions\arm_cfft_init_q31.su","../Middlewares/CMSIS-DSP/Source/TransformFunctions/arm_cfft_init_q31.c","153","arm_cfft_init_2048_q31","4","static"
"Middlewares\CMSIS-DSP\Source\TransformFunctions\arm_cfft_init_q31.su","../Middlewares/CMSIS-DSP/Source/TransformFunctions/arm_cfft_init_q31.c","179","arm_cfft_init_512_q31","4","static"
"Drivers\STM32H7RSxx_HAL_Driver\stm32h7rsxx_hal_rcc_ex.su","D:/Tudor/Master/Disertatie/ssm-mcu-asd-deploy/nucleo-h7s3l8-ssm-mamba-asd/Drivers/STM32H7RSxx_HAL_Driver/Src/stm32h7rsxx_hal_rcc_ex.c","2890","HAL_RCCEx_CRSConfig","4","static"
"Middlewares\CMSIS-DSP\Source\TransformFunctions\arm_cfft_radix2_init_q31.su","../Middlewares/CMSIS-DSP/Source/TransformFunctions/arm_cfft_radix2_init_q31.c","64","arm_cfft_radix2_init_q31","4","static"
"Middlewares\CMSIS-DSP\Source\TransformFunctions\arm_cfft_radix2_init_q15.su","../Middlewares/CMSIS-DSP/Source/TransformFunctions/arm_cfft_radix2_init_q15.c","65","arm_cfft_radix2_init_q15","4","static"
"Middlewares\CMSIS-DSP\Source\TransformFunctions\arm_cfft_init_q15.su","../Middlewares/CMSIS-DSP/Source/TransformFunctions/arm_cfft_init_q15.c","217","arm_cfft_init_64_q15","4","static"
"Middlewares\CMSIS-DSP\Source\FastMathFunctions\arm_sqrt_q15.su","../Middlewares/CMSIS-DSP/Source/FastMathFunctions/arm_sqrt_q15.c","52","arm_sqrt_q15","4","static"
"Middlewares\CMSIS-DSP\Source\TransformFunctions\arm_cfft_init_f64.su","../Middlewares/CMSIS-DSP/Source/TransformFunctions/arm_cfft_init_f64.c","178","arm_cfft_init_32_f64","4","static"
"Middlewares\CMSIS-DSP\Source\SupportFunctions\arm_f64_to_q15.su","../Middlewares/CMSIS-DSP/Source/SupportFunctions/arm_f64_to_q15.c","61","arm_f64_to_q15","0","static,ignoring_inline_asm"
"Middlewares\CMSIS-DSP\Source\SupportFunctions\arm_copy_q7.su","../Middlewares/CMSIS-DSP/Source/SupportFunctions/arm_copy_q7.c","83","arm_copy_q7","0","static"
"Middlewares\CMSIS-DSP\Source\SupportFunctions\arm_f64_to_float.su","../Middlewares/CMSIS-DSP/Source/SupportFunctions/arm_f64_to_float.c","50","arm_f64_to_float","0","static"
"Middlewares\CMSIS-DSP\Source\SupportFunctions\arm_merge_sort_init_f32.su","../Middlewares/CMSIS-DSP/Source/SupportFunctions/arm_merge_sort_init_f32.c","46","arm_merge_sort_init_f32","0","static"
"Middlewares\CMSIS-DSP\Source\WindowFunctions\arm_bartlett_f32.su","../Middlewares/CMSIS-DSP/Source/WindowFunctions/arm_bartlett_f32.c","71","arm_bartlett_f32","0","static"
"Middlewares\CMSIS-DSP\Source\SupportFunctions\arm_copy_q31.su","../Middlewares/CMSIS-DSP/Source/SupportFunctions/arm_copy_q31.c","83","arm_copy_q31","0","static"
"Middlewares\CMSIS-DSP\Source\SupportFunctions\arm_copy_f32.su","../Middlewares/CMSIS-DSP/Source/SupportFunctions/arm_copy_f32.c","139","arm_copy_f32","0","static"
"Middlewares\CMSIS-DSP\Source\WindowFunctions\arm_bartlett_f64.su","../Middlewares/CMSIS-DSP/Source/WindowFunctions/arm_bartlett_f64.c","67","arm_bartlett_f64","0","static"
"Middlewares\CMSIS-DSP\Source\SupportFunctions\arm_copy_f64.su","../Middlewares/CMSIS-DSP/Source/SupportFunctions/arm_copy_f64.c","46","arm_copy_f64","0","static"
"Middlewares\CMSIS-DSP\Source\SVMFunctions\arm_svm_polynomial_init_f32.su","../Middlewares/CMSIS-DSP/Source/SVMFunctions/arm_svm_polynomial_init_f32.c","69","arm_svm_polynomial_init_f32","0","static"
"Middlewares\CMSIS-DSP\Source\SupportFunctions\arm_copy_q15.su","../Middlewares/CMSIS-DSP/Source/SupportFunctions/arm_copy_q15.c","80","arm_copy_q15","0","static"
"Middlewares\CMSIS-DSP\Source\SupportFunctions\arm_q15_to_float.su","../Middlewares/CMSIS-DSP/Source/SupportFunctions/arm_q15_to_float.c","152","arm_q15_to_float","0","static"
"Middlewares\CMSIS-DSP\Source\SupportFunctions\arm_q15_to_q31.su","../Middlewares/CMSIS-DSP/Source/SupportFunctions/arm_q15_to_q31.c","96","arm_q15_to_q31","0","static"
"Middlewares\CMSIS-DSP\Source\SupportFunctions\arm_q15_to_q7.su","../Middlewares/CMSIS-DSP/Source/SupportFunctions/arm_q15_to_q7.c","96","arm_q15_to_q7","0","static"
"Middlewares\CMSIS-DSP\Source\SupportFunctions\arm_q15_to_f64.su","../Middlewares/CMSIS-DSP/Source/SupportFunctions/arm_q15_to_f64.c","57","arm_q15_to_f64","0","static"
"Middlewares\CMSIS-DSP\Source\SupportFunctions\arm_q7_to_float.su","../Middlewares/CMSIS-DSP/Source/SupportFunctions/arm_q7_to_float.c","163","arm_q7_to_float","0","static"
"Middlewares\CMSIS-DSP\Source\SupportFunctions\arm_q7_to_f64.su","../Middlewares/CMSIS-DSP/Source/SupportFunctions/arm_q7_to_f64.c","56","arm_q7_to_f64","0","static"
"Middlewares\CMSIS-DSP\Source\SupportFunctions\arm_q31_to_q7.su","../Middlewares/CMSIS-DSP/Source/SupportFunctions/arm_q31_to_q7.c","111","arm_q31_to_q7","0","static"
"Middlewares\CMSIS-DSP\Source\SupportFunctions\arm_q31_to_f64.su","../Middlewares/CMSIS-DSP/Source/SupportFunctions/arm_q31_to_f64.c","57","arm_q31_to_f64","0","static"
"Middlewares\CMSIS-DSP\Source\SupportFunctions\arm_q31_to_float.su","../Middlewares/CMSIS-DSP/Source/SupportFunctions/arm_q31_to_float.c","147","arm_q31_to_float","0","static"
"Middlewares\CMSIS-DSP\Source\SupportFunctions\arm_q31_to_q15.su","../Middlewares/CMSIS-DSP/Source/SupportFunctions/arm_q31_to_q15.c","99","arm_q31_to_q15","0","static"
"Middlewares\CMSIS-DSP\Source\StatisticsFunctions\arm_absmax_no_idx_f32.su","../Middlewares/CMSIS-DSP/Source/StatisticsFunctions/arm_absmax_no_idx_f32.c","182","arm_absmax_no_idx_f32","0","static"
"Middlewares\CMSIS-DSP\Source\WindowFunctions\arm_welch_f32.su","../Middlewares/CMSIS-DSP/Source/WindowFunctions/arm_welch_f32.c","71","arm_welch_f32","0","static"
"Middlewares\CMSIS-DSP\Source\WindowFunctions\arm_welch_f64.su","../Middlewares/CMSIS-DSP/Source/WindowFunctions/arm_welch_f64.c","76","arm_welch_f64","0","static"
"Middlewares\CMSIS-DSP\Source\StatisticsFunctions\arm_absmax_no_idx_f64.su","../Middlewares/CMSIS-DSP/Source/StatisticsFunctions/arm_absmax_no_idx_f64.c","113","arm_absmax_no_idx_f64","0","static"
"Middlewares\CMSIS-DSP\Source\SupportFunctions\arm_q7_to_q15.su","../Middlewares/CMSIS-DSP/Source/SupportFunctions/arm_q7_to_q15.c","97","arm_q7_to_q15","0","static"
"Middlewares\CMSIS-DSP\Source\SupportFunctions\arm_fill_q31.su","../Middlewares/CMSIS-DSP/Source/SupportFunctions/arm_fill_q31.c","83","arm_fill_q31","0","static"
"Middlewares\CMSIS-DSP\Source\SupportFunctions\arm_fill_q7.su","../Middlewares/CMSIS-DSP/Source/SupportFunctions/arm_fill_q7.c","80","arm_fill_q7","0","static"
"Middlewares\CMSIS-DSP\Source\SupportFunctions\arm_float_to_f64.su","../Middlewares/CMSIS-DSP/Source/SupportFunctions/arm_float_to_f64.c","50","arm_float_to_f64","0","static"
"Middlewares\CMSIS-DSP\Source\SupportFunctions\arm_fill_q15.su","../Middlewares/CMSIS-DSP/Source/SupportFunctions/arm_fill_q15.c","80","arm_fill_q15","0","static"
"Middlewares\CMSIS-DSP\Source\SupportFunctions\arm_f64_to_q7.su","../Middlewares/CMSIS-DSP/Source/SupportFunctions/arm_f64_to_q7.c","61","arm_f64_to_q7","0","static,ignoring_inline_asm"
"Middlewares\CMSIS-DSP\Source\SupportFunctions\arm_fill_f32.su","../Middlewares/CMSIS-DSP/Source/SupportFunctions/arm_fill_f32.c","136","arm_fill_f32","0","static"
"Middlewares\CMSIS-DSP\Source\SupportFunctions\arm_fill_f64.su","../Middlewares/CMSIS-DSP/Source/SupportFunctions/arm_fill_f64.c","46","arm_fill_f64","0","static"
"Middlewares\CMSIS-DSP\Source\SupportFunctions\arm_weighted_average_f32.su","../Middlewares/CMSIS-DSP/Source/SupportFunctions/arm_weighted_average_f32.c","158","arm_weighted_average_f32","0","static"
"Middlewares\CMSIS-DSP\Source\SupportFunctions\arm_sort_init_f32.su","../Middlewares/CMSIS-DSP/Source/SupportFunctions/arm_sort_init_f32.c","46","arm_sort_init_f32","0","static"
"Middlewares\CMSIS-DSP\Source\SupportFunctions\arm_q7_to_q31.su","../Middlewares/CMSIS-DSP/Source/SupportFunctions/arm_q7_to_q31.c","95","arm_q7_to_q31","0","static"
"Middlewares\CMSIS-DSP\Source\SVMFunctions\arm_svm_linear_init_f32.su","../Middlewares/CMSIS-DSP/Source/SVMFunctions/arm_svm_linear_init_f32.c","71","arm_svm_linear_init_f32","0","static"
"Middlewares\CMSIS-DSP\Source\TransformFunctions\arm_cfft_init_q31.su","../Middlewares/CMSIS-DSP/Source/TransformFunctions/arm_cfft_init_q31.c","269","arm_cfft_init_q31","0","static"
"Middlewares\CMSIS-DSP\Source\SupportFunctions\arm_float_to_q15.su","../Middlewares/CMSIS-DSP/Source/SupportFunctions/arm_float_to_q15.c","215","arm_float_to_q15","0","static,ignoring_inline_asm"
"Middlewares\CMSIS-DSP\Source\SupportFunctions\arm_float_to_q7.su","../Middlewares/CMSIS-DSP/Source/SupportFunctions/arm_float_to_q7.c","239","arm_float_to_q7","0","static,ignoring_inline_asm"
"Middlewares\CMSIS-DSP\Source\SVMFunctions\arm_svm_rbf_init_f32.su","../Middlewares/CMSIS-DSP/Source/SVMFunctions/arm_svm_rbf_init_f32.c","67","arm_svm_rbf_init_f32","0","static"
"Middlewares\CMSIS-DSP\Source\TransformFunctions\arm_mfcc_init_q31.su","../Middlewares/CMSIS-DSP/Source/TransformFunctions/arm_mfcc_init_q31.c","353","arm_mfcc_init_1024_q31","0","static"
"Middlewares\CMSIS-DSP\Source\TransformFunctions\arm_mfcc_init_q31.su","../Middlewares/CMSIS-DSP/Source/TransformFunctions/arm_mfcc_init_q31.c","382","arm_mfcc_init_2048_q31","0","static"
"Middlewares\CMSIS-DSP\Source\TransformFunctions\arm_mfcc_init_q31.su","../Middlewares/CMSIS-DSP/Source/TransformFunctions/arm_mfcc_init_q31.c","411","arm_mfcc_init_4096_q31","0","static"
"Middlewares\CMSIS-DSP\Source\TransformFunctions\arm_mfcc_init_f32.su","../Middlewares/CMSIS-DSP/Source/TransformFunctions/arm_mfcc_init_f32.c","381","arm_mfcc_init_2048_f32","0","static"
"Middlewares\CMSIS-DSP\Source\TransformFunctions\arm_mfcc_init_q31.su","../Middlewares/CMSIS-DSP/Source/TransformFunctions/arm_mfcc_init_q31.c","295","arm_mfcc_init_256_q31","0","static"
"Middlewares\CMSIS-DSP\Source\TransformFunctions\arm_mfcc_init_q31.su","../Middlewares/CMSIS-DSP/Source/TransformFunctions/arm_mfcc_init_q31.c","324","arm_mfcc_init_512_q31","0","static"
"Middlewares\CMSIS-DSP\Source\TransformFunctions\arm_mfcc_init_f32.su","../Middlewares/CMSIS-DSP/Source/TransformFunctions/arm_mfcc_init_f32.c","352","arm_mfcc_init_1024_f32","0","static"
"Middlewares\CMSIS-DSP\Source\StatisticsFunctions\arm_max_no_idx_f64.su","../Middlewares/CMSIS-DSP/Source/StatisticsFunctions/arm_max_no_idx_f64.c","111","arm_max_no_idx_f64","0","static"
"Middlewares\CMSIS-DSP\Source\StatisticsFunctions\arm_max_no_idx_f32.su","../Middlewares/CMSIS-DSP/Source/StatisticsFunctions/arm_max_no_idx_f32.c","108","arm_max_no_idx_f32","0","static"
"Middlewares\CMSIS-DSP\Source\TransformFunctions\arm_mfcc_init_f32.su","../Middlewares/CMSIS-DSP/Source/TransformFunctions/arm_mfcc_init_f32.c","294","arm_mfcc_init_256_f32","0","static"
"Middlewares\CMSIS-DSP\Source\TransformFunctions\arm_mfcc_init_f32.su","../Middlewares/CMSIS-DSP/Source/TransformFunctions/arm_mfcc_init_f32.c","323","arm_mfcc_init_512_f32","0","static"
"Middlewares\CMSIS-DSP\Source\StatisticsFunctions\arm_max_no_idx_q15.su","../Middlewares/CMSIS-DSP/Source/StatisticsFunctions/arm_max_no_idx_q15.c","104","arm_max_no_idx_q15","0","static"
"Middlewares\CMSIS-DSP\Source\TransformFunctions\arm_cfft_init_f32.su","../Middlewares/CMSIS-DSP/Source/TransformFunctions/arm_cfft_init_f32.c","276","arm_cfft_init_f32","0","static"
"Middlewares\CMSIS-DSP\Source\TransformFunctions\arm_mfcc_init_q15.su","../Middlewares/CMSIS-DSP/Source/TransformFunctions/arm_mfcc_init_q15.c","351","arm_mfcc_init_1024_q15","0","static"
"Middlewares\CMSIS-DSP\Source\TransformFunctions\arm_mfcc_init_q15.su","../Middlewares/CMSIS-DSP/Source/TransformFunctions/arm_mfcc_init_q15.c","380","arm_mfcc_init_2048_q15","0","static"
"Middlewares\CMSIS-DSP\Source\TransformFunctions\arm_mfcc_init_q15.su","../Middlewares/CMSIS-DSP/Source/TransformFunctions/arm_mfcc_init_q15.c","235","arm_mfcc_init_64_q15","0","static"
"Middlewares\CMSIS-DSP\Source\TransformFunctions\arm_mfcc_init_q15.su","../Middlewares/CMSIS-DSP/Source/TransformFunctions/arm_mfcc_init_q15.c","264","arm_mfcc_init_128_q15","0","static"
"Middlewares\CMSIS-DSP\Source\TransformFunctions\arm_mfcc_init_q15.su","../Middlewares/CMSIS-DSP/Source/TransformFunctions/arm_mfcc_init_q15.c","293","arm_mfcc_init_256_q15","0","static"
"Middlewares\CMSIS-DSP\Source\TransformFunctions\arm_mfcc_init_q15.su","../Middlewares/CMSIS-DSP/Source/TransformFunctions/arm_mfcc_init_q15.c","322","arm_mfcc_init_512_q15","0","static"
"Middlewares\CMSIS-DSP\Source\TransformFunctions\arm_mfcc_init_q15.su","../Middlewares/CMSIS-DSP/Source/TransformFunctions/arm_mfcc_init_q15.c","409","arm_mfcc_init_4096_q15","0","static"
"Middlewares\CMSIS-DSP\Source\TransformFunctions\arm_mfcc_init_q31.su","../Middlewares/CMSIS-DSP/Source/TransformFunctions/arm_mfcc_init_q31.c","237","arm_mfcc_init_64_q31","0","static"
"Middlewares\CMSIS-DSP\Source\TransformFunctions\arm_mfcc_init_f32.su","../Middlewares/CMSIS-DSP/Source/TransformFunctions/arm_mfcc_init_f32.c","410","arm_mfcc_init_4096_f32","0","static"
"Middlewares\CMSIS-DSP\Source\TransformFunctions\arm_mfcc_init_q31.su","../Middlewares/CMSIS-DSP/Source/TransformFunctions/arm_mfcc_init_q31.c","266","arm_mfcc_init_128_q31","0","static"
"Middlewares\CMSIS-DSP\Source\StatisticsFunctions\arm_max_no_idx_q7.su","../Middlewares/CMSIS-DSP/Source/StatisticsFunctions/arm_max_no_idx_q7.c","105","arm_max_no_idx_q7","0","static"
"Middlewares\CMSIS-DSP\Source\TransformFunctions\arm_mfcc_init_q31.su","../Middlewares/CMSIS-DSP/Source/TransformFunctions/arm_mfcc_init_q31.c","208","arm_mfcc_init_32_q31","0","static"
"Middlewares\CMSIS-DSP\Source\TransformFunctions\arm_mfcc_init_q15.su","../Middlewares/CMSIS-DSP/Source/TransformFunctions/arm_mfcc_init_q15.c","206","arm_mfcc_init_32_q15","0","static"
"Middlewares\CMSIS-DSP\Source\TransformFunctions\arm_mfcc_init_f32.su","../Middlewares/CMSIS-DSP/Source/TransformFunctions/arm_mfcc_init_f32.c","265","arm_mfcc_init_128_f32","0","static"
"Middlewares\CMSIS-DSP\Source\StatisticsFunctions\arm_power_f32.su","../Middlewares/CMSIS-DSP/Source/StatisticsFunctions/arm_power_f32.c","163","arm_power_f32","0","static"
"Middlewares\CMSIS-DSP\Source\StatisticsFunctions\arm_power_f64.su","../Middlewares/CMSIS-DSP/Source/StatisticsFunctions/arm_power_f64.c","97","arm_power_f64","0","static"
"Middlewares\CMSIS-DSP\Source\StatisticsFunctions\arm_power_q7.su","../Middlewares/CMSIS-DSP/Source/StatisticsFunctions/arm_power_q7.c","99","arm_power_q7","0","static"
"Middlewares\CMSIS-DSP\Source\TransformFunctions\arm_rfft_fast_init_f64.su","../Middlewares/CMSIS-DSP/Source/TransformFunctions/arm_rfft_fast_init_f64.c","209","arm_rfft_fast_init_2048_f64","0","static"
"Middlewares\CMSIS-DSP\Source\TransformFunctions\arm_rfft_fast_init_f64.su","../Middlewares/CMSIS-DSP/Source/TransformFunctions/arm_rfft_fast_init_f64.c","235","arm_rfft_fast_init_4096_f64","0","static"
"Middlewares\CMSIS-DSP\Source\StatisticsFunctions\arm_min_no_idx_q7.su","../Middlewares/CMSIS-DSP/Source/StatisticsFunctions/arm_min_no_idx_q7.c","103","arm_min_no_idx_q7","0","static"
"Middlewares\CMSIS-DSP\Source\StatisticsFunctions\arm_absmin_no_idx_f64.su","../Middlewares/CMSIS-DSP/Source/StatisticsFunctions/arm_absmin_no_idx_f64.c","111","arm_absmin_no_idx_f64","0","static"
"Middlewares\CMSIS-DSP\Source\StatisticsFunctions\arm_accumulate_f32.su","../Middlewares/CMSIS-DSP/Source/StatisticsFunctions/arm_accumulate_f32.c","152","arm_accumulate_f32","0","static"
"Middlewares\CMSIS-DSP\Source\StatisticsFunctions\arm_var_f32.su","../Middlewares/CMSIS-DSP/Source/StatisticsFunctions/arm_var_f32.c","181","arm_var_f32","0","static"
"Middlewares\CMSIS-DSP\Source\SVMFunctions\arm_svm_sigmoid_init_f32.su","../Middlewares/CMSIS-DSP/Source/SVMFunctions/arm_svm_sigmoid_init_f32.c","67","arm_svm_sigmoid_init_f32","0","static"
"Middlewares\CMSIS-DSP\Source\StatisticsFunctions\arm_absmin_no_idx_f32.su","../Middlewares/CMSIS-DSP/Source/StatisticsFunctions/arm_absmin_no_idx_f32.c","185","arm_absmin_no_idx_f32","0","static"
"Middlewares\CMSIS-DSP\Source\TransformFunctions\arm_cfft_init_q15.su","../Middlewares/CMSIS-DSP/Source/TransformFunctions/arm_cfft_init_q15.c","268","arm_cfft_init_q15","0","static"
"Middlewares\CMSIS-DSP\Source\StatisticsFunctions\arm_accumulate_f64.su","../Middlewares/CMSIS-DSP/Source/StatisticsFunctions/arm_accumulate_f64.c","96","arm_accumulate_f64","0","static"
"Middlewares\CMSIS-DSP\Source\TransformFunctions\arm_mfcc_init_f32.su","../Middlewares/CMSIS-DSP/Source/TransformFunctions/arm_mfcc_init_f32.c","90","arm_mfcc_init_f32","0","static"
"Middlewares\CMSIS-DSP\Source\StatisticsFunctions\arm_min_no_idx_f64.su","../Middlewares/CMSIS-DSP/Source/StatisticsFunctions/arm_min_no_idx_f64.c","47","arm_min_no_idx_f64","0","static"
"Middlewares\CMSIS-DSP\Source\StatisticsFunctions\arm_min_no_idx_q15.su","../Middlewares/CMSIS-DSP/Source/StatisticsFunctions/arm_min_no_idx_q15.c","104","arm_min_no_idx_q15","0","static"
"Middlewares\CMSIS-DSP\Source\TransformFunctions\arm_mfcc_init_f32.su","../Middlewares/CMSIS-DSP/Source/TransformFunctions/arm_mfcc_init_f32.c","236","arm_mfcc_init_64_f32","0","static"
"Middlewares\CMSIS-DSP\Source\TransformFunctions\arm_mfcc_init_f32.su","../Middlewares/CMSIS-DSP/Source/TransformFunctions/arm_mfcc_init_f32.c","207","arm_mfcc_init_32_f32","0","static"
"Middlewares\CMSIS-DSP\Source\StatisticsFunctions\arm_min_no_idx_f32.su","../Middlewares/CMSIS-DSP/Source/StatisticsFunctions/arm_min_no_idx_f32.c","108","arm_min_no_idx_f32","0","static"
"Middlewares\CMSIS-DSP\Source\TransformFunctions\arm_cfft_init_f64.su","../Middlewares/CMSIS-DSP/Source/TransformFunctions/arm_cfft_init_f64.c","215","arm_cfft_init_f64","0","static"
"Middlewares\CMSIS-DSP\Source\TransformFunctions\arm_rfft_fast_init_f64.su","../Middlewares/CMSIS-DSP/Source/TransformFunctions/arm_rfft_fast_init_f64.c","131","arm_rfft_fast_init_256_f64","0","static"
"Middlewares\CMSIS-DSP\Source\TransformFunctions\arm_rfft_fast_init_f64.su","../Middlewares/CMSIS-DSP/Source/TransformFunctions/arm_rfft_fast_init_f64.c","158","arm_rfft_fast_init_512_f64","0","static"
"Middlewares\CMSIS-DSP\Source\TransformFunctions\arm_rfft_fast_init_f64.su","../Middlewares/CMSIS-DSP/Source/TransformFunctions/arm_rfft_fast_init_f64.c","184","arm_rfft_fast_init_1024_f64","0","static"
"Middlewares\CMSIS-DSP\Source\TransformFunctions\arm_rfft_fast_init_f64.su","../Middlewares/CMSIS-DSP/Source/TransformFunctions/arm_rfft_fast_init_f64.c","50","arm_rfft_fast_init_32_f64","0","static"
"Middlewares\CMSIS-DSP\Source\TransformFunctions\arm_rfft_fast_init_f64.su","../Middlewares/CMSIS-DSP/Source/TransformFunctions/arm_rfft_fast_init_f64.c","77","arm_rfft_fast_init_64_f64","0","static"
"Middlewares\CMSIS-DSP\Source\TransformFunctions\arm_rfft_fast_init_f64.su","../Middlewares/CMSIS-DSP/Source/TransformFunctions/arm_rfft_fast_init_f64.c","104","arm_rfft_fast_init_128_f64","0","static"
"Drivers\STM32H7RSxx_HAL_Driver\stm32h7rsxx_hal_cortex.su","D:/Tudor/Master/Disertatie/ssm-mcu-asd-deploy/nucleo-h7s3l8-ssm-mamba-asd/Drivers/STM32H7RSxx_HAL_Driver/Src/stm32h7rsxx_hal_cortex.c","473","HAL_MPU_EnableRegion","0","static"
"Drivers\STM32H7RSxx_HAL_Driver\stm32h7rsxx_hal_cortex.su","D:/Tudor/Master/Disertatie/ssm-mcu-asd-deploy/nucleo-h7s3l8-ssm-mamba-asd/Drivers/STM32H7RSxx_HAL_Driver/Src/stm32h7rsxx_hal_cortex.c","453","HAL_MPU_Disable","0","static,ignoring_inline_asm"
"Drivers\STM32H7RSxx_HAL_Driver\stm32h7rsxx_hal_cortex.su","D:/Tudor/Master/Disertatie/ssm-mcu-asd-deploy/nucleo-h7s3l8-ssm-mamba-asd/Drivers/STM32H7RSxx_HAL_Driver/Src/stm32h7rsxx_hal_cortex.c","489","HAL_MPU_DisableRegion","0","static"
"Drivers\STM32H7RSxx_HAL_Driver\stm32h7rsxx_hal_cortex.su","D:/Tudor/Master/Disertatie/ssm-mcu-asd-deploy/nucleo-h7s3l8-ssm-mamba-asd/Drivers/STM32H7RSxx_HAL_Driver/Src/stm32h7rsxx_hal_cortex.c","549","HAL_CORTEX_ClearEvent","0","static,ignoring_inline_asm"
"Drivers\STM32H7RSxx_HAL_Driver\stm32h7rsxx_hal_cortex.su","D:/Tudor/Master/Disertatie/ssm-mcu-asd-deploy/nucleo-h7s3l8-ssm-mamba-asd/Drivers/STM32H7RSxx_HAL_Driver/Src/stm32h7rsxx_hal_cortex.c","508","HAL_MPU_ConfigRegion","0","static"
"Drivers\STM32H7RSxx_HAL_Driver\stm32h7rsxx_hal_cortex.su","D:/Tudor/Master/Disertatie/ssm-mcu-asd-deploy/nucleo-h7s3l8-ssm-mamba-asd/Drivers/STM32H7RSxx_HAL_Driver/Src/stm32h7rsxx_hal_cortex.c","380","HAL_NVIC_GetActive","0","static"
"Drivers\STM32H7RSxx_HAL_Driver\stm32h7rsxx_hal_cortex.su","D:/Tudor/Master/Disertatie/ssm-mcu-asd-deploy/nucleo-h7s3l8-ssm-mamba-asd/Drivers/STM32H7RSxx_HAL_Driver/Src/stm32h7rsxx_hal_cortex.c","362","HAL_NVIC_ClearPendingIRQ","0","static"
"Drivers\STM32H7RSxx_HAL_Driver\stm32h7rsxx_hal_cortex.su","D:/Tudor/Master/Disertatie/ssm-mcu-asd-deploy/nucleo-h7s3l8-ssm-mamba-asd/Drivers/STM32H7RSxx_HAL_Driver/Src/stm32h7rsxx_hal_cortex.c","394","HAL_SYSTICK_CLKSourceConfig","0","static"
"Drivers\STM32H7RSxx_HAL_Driver\stm32h7rsxx_hal_cortex.su","D:/Tudor/Master/Disertatie/ssm-mcu-asd-deploy/nucleo-h7s3l8-ssm-mamba-asd/Drivers/STM32H7RSxx_HAL_Driver/Src/stm32h7rsxx_hal_cortex.c","433","HAL_MPU_Enable","0","static,ignoring_inline_asm"
"Drivers\STM32H7RSxx_HAL_Driver\stm32h7rsxx_hal_cortex.su","D:/Tudor/Master/Disertatie/ssm-mcu-asd-deploy/nucleo-h7s3l8-ssm-mamba-asd/Drivers/STM32H7RSxx_HAL_Driver/Src/stm32h7rsxx_hal_cortex.c","415","HAL_SYSTICK_Callback","0","static"
"Drivers\STM32H7RSxx_HAL_Driver\stm32h7rsxx_hal_dma_ex.su","D:/Tudor/Master/Disertatie/ssm-mcu-asd-deploy/nucleo-h7s3l8-ssm-mamba-asd/Drivers/STM32H7RSxx_HAL_Driver/Src/stm32h7rsxx_hal_dma_ex.c","4090","DMA_List_CheckNodesTypes","0","static"
"Drivers\STM32H7RSxx_HAL_Driver\stm32h7rsxx_hal_dma.su","D:/Tudor/Master/Disertatie/ssm-mcu-asd-deploy/nucleo-h7s3l8-ssm-mamba-asd/Drivers/STM32H7RSxx_HAL_Driver/Src/stm32h7rsxx_hal_dma.c","1601","HAL_DMA_GetLockChannelAttributes","0","static"
"Drivers\STM32H7RSxx_HAL_Driver\stm32h7rsxx_hal_dma_ex.su","D:/Tudor/Master/Disertatie/ssm-mcu-asd-deploy/nucleo-h7s3l8-ssm-mamba-asd/Drivers/STM32H7RSxx_HAL_Driver/Src/stm32h7rsxx_hal_dma_ex.c","3162","HAL_DMAEx_List_UnLinkQ","0","static"
"Drivers\STM32H7RSxx_HAL_Driver\stm32h7rsxx_hal_dma_ex.su","D:/Tudor/Master/Disertatie/ssm-mcu-asd-deploy/nucleo-h7s3l8-ssm-mamba-asd/Drivers/STM32H7RSxx_HAL_Driver/Src/stm32h7rsxx_hal_dma_ex.c","3548","HAL_DMAEx_Resume","0","static"
"Drivers\STM32H7RSxx_HAL_Driver\stm32h7rsxx_hal_dma_ex.su","D:/Tudor/Master/Disertatie/ssm-mcu-asd-deploy/nucleo-h7s3l8-ssm-mamba-asd/Drivers/STM32H7RSxx_HAL_Driver/Src/stm32h7rsxx_hal_dma_ex.c","3514","HAL_DMAEx_Suspend_IT","0","static"
"Drivers\STM32H7RSxx_HAL_Driver\stm32h7rsxx_hal_dma.su","D:/Tudor/Master/Disertatie/ssm-mcu-asd-deploy/nucleo-h7s3l8-ssm-mamba-asd/Drivers/STM32H7RSxx_HAL_Driver/Src/stm32h7rsxx_hal_dma.c","1249","HAL_DMA_RegisterCallback","0","static"
"Drivers\STM32H7RSxx_HAL_Driver\stm32h7rsxx_hal_dma.su","D:/Tudor/Master/Disertatie/ssm-mcu-asd-deploy/nucleo-h7s3l8-ssm-mamba-asd/Drivers/STM32H7RSxx_HAL_Driver/Src/stm32h7rsxx_hal_dma.c","813","HAL_DMA_Abort_IT","0","static"
"Drivers\STM32H7RSxx_HAL_Driver\stm32h7rsxx_hal_dma.su","D:/Tudor/Master/Disertatie/ssm-mcu-asd-deploy/nucleo-h7s3l8-ssm-mamba-asd/Drivers/STM32H7RSxx_HAL_Driver/Src/stm32h7rsxx_hal_dma.c","1328","HAL_DMA_UnRegisterCallback","0","static"
"Drivers\STM32H7RSxx_HAL_Driver\stm32h7rsxx_hal_dma.su","D:/Tudor/Master/Disertatie/ssm-mcu-asd-deploy/nucleo-h7s3l8-ssm-mamba-asd/Drivers/STM32H7RSxx_HAL_Driver/Src/stm32h7rsxx_hal_dma.c","1448","HAL_DMA_GetError","0","static"
"Drivers\STM32H7RSxx_HAL_Driver\stm32h7rsxx_hal_dma.su","D:/Tudor/Master/Disertatie/ssm-mcu-asd-deploy/nucleo-h7s3l8-ssm-mamba-asd/Drivers/STM32H7RSxx_HAL_Driver/Src/stm32h7rsxx_hal_dma.c","1436","HAL_DMA_GetState","0","static"
"Drivers\STM32H7RSxx_HAL_Driver\stm32h7rsxx_hal_cortex.su","D:/Tudor/Master/Disertatie/ssm-mcu-asd-deploy/nucleo-h7s3l8-ssm-mamba-asd/Drivers/STM32H7RSxx_HAL_Driver/Src/stm32h7rsxx_hal_cortex.c","345","HAL_NVIC_GetPendingIRQ","0","static"
"Drivers\STM32H7RSxx_HAL_Driver\stm32h7rsxx_hal.su","D:/Tudor/Master/Disertatie/ssm-mcu-asd-deploy/nucleo-h7s3l8-ssm-mamba-asd/Drivers/STM32H7RSxx_HAL_Driver/Src/stm32h7rsxx_hal.c","1333","HAL_AXIM_ASIB_WriteQoSConfig","0","static"
"Drivers\STM32H7RSxx_HAL_Driver\stm32h7rsxx_hal.su","D:/Tudor/Master/Disertatie/ssm-mcu-asd-deploy/nucleo-h7s3l8-ssm-mamba-asd/Drivers/STM32H7RSxx_HAL_Driver/Src/stm32h7rsxx_hal.c","1302","HAL_AXIM_ASIB_ReadQoSConfig","0","static"
"Drivers\STM32H7RSxx_HAL_Driver\stm32h7rsxx_hal.su","D:/Tudor/Master/Disertatie/ssm-mcu-asd-deploy/nucleo-h7s3l8-ssm-mamba-asd/Drivers/STM32H7RSxx_HAL_Driver/Src/stm32h7rsxx_hal.c","1351","HAL_AXIM_AMIB_EnablePacking","0","static"
"Drivers\STM32H7RSxx_HAL_Driver\stm32h7rsxx_hal.su","D:/Tudor/Master/Disertatie/ssm-mcu-asd-deploy/nucleo-h7s3l8-ssm-mamba-asd/Drivers/STM32H7RSxx_HAL_Driver/Src/stm32h7rsxx_hal.c","1402","HAL_AXIM_AMIB_IssuingConfig","0","static"
"Drivers\STM32H7RSxx_HAL_Driver\stm32h7rsxx_hal.su","D:/Tudor/Master/Disertatie/ssm-mcu-asd-deploy/nucleo-h7s3l8-ssm-mamba-asd/Drivers/STM32H7RSxx_HAL_Driver/Src/stm32h7rsxx_hal.c","1369","HAL_AXIM_AMIB_DisablePacking","0","static"
"Drivers\STM32H7RSxx_HAL_Driver\stm32h7rsxx_hal.su","D:/Tudor/Master/Disertatie/ssm-mcu-asd-deploy/nucleo-h7s3l8-ssm-mamba-asd/Drivers/STM32H7RSxx_HAL_Driver/Src/stm32h7rsxx_hal.c","1187","HAL_VREFBUF_Disable","0","static"
"Drivers\STM32H7RSxx_HAL_Driver\stm32h7rsxx_hal.su","D:/Tudor/Master/Disertatie/ssm-mcu-asd-deploy/nucleo-h7s3l8-ssm-mamba-asd/Drivers/STM32H7RSxx_HAL_Driver/Src/stm32h7rsxx_hal.c","1149","HAL_VREFBUF_TrimmingConfig","0","static"
"Drivers\STM32H7RSxx_HAL_Driver\stm32h7rsxx_hal.su","D:/Tudor/Master/Disertatie/ssm-mcu-asd-deploy/nucleo-h7s3l8-ssm-mamba-asd/Drivers/STM32H7RSxx_HAL_Driver/Src/stm32h7rsxx_hal.c","1218","HAL_AXIM_ASIB_EnablePacking","0","static"
"Drivers\STM32H7RSxx_HAL_Driver\stm32h7rsxx_hal.su","D:/Tudor/Master/Disertatie/ssm-mcu-asd-deploy/nucleo-h7s3l8-ssm-mamba-asd/Drivers/STM32H7RSxx_HAL_Driver/Src/stm32h7rsxx_hal.c","1271","HAL_AXIM_ASIB_IssuingConfig","0","static"
"Drivers\STM32H7RSxx_HAL_Driver\stm32h7rsxx_hal.su","D:/Tudor/Master/Disertatie/ssm-mcu-asd-deploy/nucleo-h7s3l8-ssm-mamba-asd/Drivers/STM32H7RSxx_HAL_Driver/Src/stm32h7rsxx_hal.c","1237","HAL_AXIM_ASIB_DisablePacking","0","static"
"Drivers\STM32H7RSxx_HAL_Driver\stm32h7rsxx_hal_cortex.su","D:/Tudor/Master/Disertatie/ssm-mcu-asd-deploy/nucleo-h7s3l8-ssm-mamba-asd/Drivers/STM32H7RSxx_HAL_Driver/Src/stm32h7rsxx_hal_cortex.c","239","HAL_NVIC_SystemReset","0","static,ignoring_inline_asm"
"Drivers\STM32H7RSxx_HAL_Driver\stm32h7rsxx_hal_cortex.su","D:/Tudor/Master/Disertatie/ssm-mcu-asd-deploy/nucleo-h7s3l8-ssm-mamba-asd/Drivers/STM32H7RSxx_HAL_Driver/Src/stm32h7rsxx_hal_cortex.c","226","HAL_NVIC_DisableIRQ","0","static,ignoring_inline_asm"
"Drivers\STM32H7RSxx_HAL_Driver\stm32h7rsxx_hal_cortex.su","D:/Tudor/Master/Disertatie/ssm-mcu-asd-deploy/nucleo-h7s3l8-ssm-mamba-asd/Drivers/STM32H7RSxx_HAL_Driver/Src/stm32h7rsxx_hal_cortex.c","252","HAL_SYSTICK_Config","0","static"
"Drivers\STM32H7RSxx_HAL_Driver\stm32h7rsxx_hal_cortex.su","D:/Tudor/Master/Disertatie/ssm-mcu-asd-deploy/nucleo-h7s3l8-ssm-mamba-asd/Drivers/STM32H7RSxx_HAL_Driver/Src/stm32h7rsxx_hal_cortex.c","326","HAL_NVIC_SetPendingIRQ","0","static"
"Drivers\STM32H7RSxx_HAL_Driver\stm32h7rsxx_hal_cortex.su","D:/Tudor/Master/Disertatie/ssm-mcu-asd-deploy/nucleo-h7s3l8-ssm-mamba-asd/Drivers/STM32H7RSxx_HAL_Driver/Src/stm32h7rsxx_hal_cortex.c","280","HAL_NVIC_GetPriorityGrouping","0","static"
"Drivers\STM32H7RSxx_HAL_Driver\stm32h7rsxx_hal.su","D:/Tudor/Master/Disertatie/ssm-mcu-asd-deploy/nucleo-h7s3l8-ssm-mamba-asd/Drivers/STM32H7RSxx_HAL_Driver/Src/stm32h7rsxx_hal.c","1456","HAL_AXIM_AMIB_EnableLongBurst","0","static"
"Drivers\STM32H7RSxx_HAL_Driver\stm32h7rsxx_hal.su","D:/Tudor/Master/Disertatie/ssm-mcu-asd-deploy/nucleo-h7s3l8-ssm-mamba-asd/Drivers/STM32H7RSxx_HAL_Driver/Src/stm32h7rsxx_hal.c","1437","HAL_AXIM_AMIB_IssuingConfigBusMatrix","0","static"
"Drivers\STM32H7RSxx_HAL_Driver\stm32h7rsxx_hal.su","D:/Tudor/Master/Disertatie/ssm-mcu-asd-deploy/nucleo-h7s3l8-ssm-mamba-asd/Drivers/STM32H7RSxx_HAL_Driver/Src/stm32h7rsxx_hal.c","1473","HAL_AXIM_AMIB_DisableLongBurst","0","static"
"Drivers\STM32H7RSxx_HAL_Driver\stm32h7rsxx_hal_cortex.su","D:/Tudor/Master/Disertatie/ssm-mcu-asd-deploy/nucleo-h7s3l8-ssm-mamba-asd/Drivers/STM32H7RSxx_HAL_Driver/Src/stm32h7rsxx_hal_cortex.c","209","HAL_NVIC_EnableIRQ","0","static,ignoring_inline_asm"
"Drivers\STM32H7RSxx_HAL_Driver\stm32h7rsxx_hal_cortex.su","D:/Tudor/Master/Disertatie/ssm-mcu-asd-deploy/nucleo-h7s3l8-ssm-mamba-asd/Drivers/STM32H7RSxx_HAL_Driver/Src/stm32h7rsxx_hal_cortex.c","163","HAL_NVIC_SetPriorityGrouping","0","static"
"Drivers\STM32H7RSxx_HAL_Driver\stm32h7rsxx_hal_dma_ex.su","D:/Tudor/Master/Disertatie/ssm-mcu-asd-deploy/nucleo-h7s3l8-ssm-mamba-asd/Drivers/STM32H7RSxx_HAL_Driver/Src/stm32h7rsxx_hal_dma_ex.c","3609","HAL_DMAEx_GetFifoLevel","0","static"
"Drivers\STM32H7RSxx_HAL_Driver\stm32h7rsxx_hal_pwr.su","D:/Tudor/Master/Disertatie/ssm-mcu-asd-deploy/nucleo-h7s3l8-ssm-mamba-asd/Drivers/STM32H7RSxx_HAL_Driver/Src/stm32h7rsxx_hal_pwr.c","177","HAL_PWR_DeInit","0","static"
"Drivers\STM32H7RSxx_HAL_Driver\stm32h7rsxx_hal_gpio.su","D:/Tudor/Master/Disertatie/ssm-mcu-asd-deploy/nucleo-h7s3l8-ssm-mamba-asd/Drivers/STM32H7RSxx_HAL_Driver/Src/stm32h7rsxx_hal_gpio.c","529","HAL_GPIO_EXTI_Callback","0","static"
"Drivers\STM32H7RSxx_HAL_Driver\stm32h7rsxx_hal_pwr.su","D:/Tudor/Master/Disertatie/ssm-mcu-asd-deploy/nucleo-h7s3l8-ssm-mamba-asd/Drivers/STM32H7RSxx_HAL_Driver/Src/stm32h7rsxx_hal_pwr.c","189","HAL_PWR_EnableBkUpAccess","0","static"
"Drivers\STM32H7RSxx_HAL_Driver\stm32h7rsxx_hal_pwr.su","D:/Tudor/Master/Disertatie/ssm-mcu-asd-deploy/nucleo-h7s3l8-ssm-mamba-asd/Drivers/STM32H7RSxx_HAL_Driver/Src/stm32h7rsxx_hal_pwr.c","416","HAL_PWR_EnablePVD","0","static"
"Drivers\STM32H7RSxx_HAL_Driver\stm32h7rsxx_hal_pwr.su","D:/Tudor/Master/Disertatie/ssm-mcu-asd-deploy/nucleo-h7s3l8-ssm-mamba-asd/Drivers/STM32H7RSxx_HAL_Driver/Src/stm32h7rsxx_hal_pwr.c","200","HAL_PWR_DisableBkUpAccess","0","static"
"Drivers\STM32H7RSxx_HAL_Driver\stm32h7rsxx_hal_gpio.su","D:/Tudor/Master/Disertatie/ssm-mcu-asd-deploy/nucleo-h7s3l8-ssm-mamba-asd/Drivers/STM32H7RSxx_HAL_Driver/Src/stm32h7rsxx_hal_gpio.c","374","HAL_GPIO_ReadPin","0","static"
"Drivers\STM32H7RSxx_HAL_Driver\stm32h7rsxx_hal_flash_ex.su","D:/Tudor/Master/Disertatie/ssm-mcu-asd-deploy/nucleo-h7s3l8-ssm-mamba-asd/Drivers/STM32H7RSxx_HAL_Driver/Src/stm32h7rsxx_hal_flash_ex.c","899","FLASH_SectorErase","0","static"
"Drivers\STM32H7RSxx_HAL_Driver\stm32h7rsxx_hal_gpio.su","D:/Tudor/Master/Disertatie/ssm-mcu-asd-deploy/nucleo-h7s3l8-ssm-mamba-asd/Drivers/STM32H7RSxx_HAL_Driver/Src/stm32h7rsxx_hal_gpio.c","406","HAL_GPIO_WritePin","0","static"
"Drivers\STM32H7RSxx_HAL_Driver\stm32h7rsxx_hal_gpio.su","D:/Tudor/Master/Disertatie/ssm-mcu-asd-deploy/nucleo-h7s3l8-ssm-mamba-asd/Drivers/STM32H7RSxx_HAL_Driver/Src/stm32h7rsxx_hal_gpio.c","454","HAL_GPIO_TogglePin","0","static"
"Drivers\STM32H7RSxx_HAL_Driver\stm32h7rsxx_hal_gpio.su","D:/Tudor/Master/Disertatie/ssm-mcu-asd-deploy/nucleo-h7s3l8-ssm-mamba-asd/Drivers/STM32H7RSxx_HAL_Driver/Src/stm32h7rsxx_hal_gpio.c","434","HAL_GPIO_WriteMultipleStatePin","0","static"
"Drivers\STM32H7RSxx_HAL_Driver\stm32h7rsxx_hal_pwr.su","D:/Tudor/Master/Disertatie/ssm-mcu-asd-deploy/nucleo-h7s3l8-ssm-mamba-asd/Drivers/STM32H7RSxx_HAL_Driver/Src/stm32h7rsxx_hal_pwr.c","634","HAL_PWR_EnableSleepOnExit","0","static"
"Drivers\STM32H7RSxx_HAL_Driver\stm32h7rsxx_hal_pwr.su","D:/Tudor/Master/Disertatie/ssm-mcu-asd-deploy/nucleo-h7s3l8-ssm-mamba-asd/Drivers/STM32H7RSxx_HAL_Driver/Src/stm32h7rsxx_hal_pwr.c","609","HAL_PWR_EnterSTANDBYMode","0","static,ignoring_inline_asm"
"Drivers\STM32H7RSxx_HAL_Driver\stm32h7rsxx_hal_pwr.su","D:/Tudor/Master/Disertatie/ssm-mcu-asd-deploy/nucleo-h7s3l8-ssm-mamba-asd/Drivers/STM32H7RSxx_HAL_Driver/Src/stm32h7rsxx_hal_pwr.c","647","HAL_PWR_DisableSleepOnExit","0","static"
"Drivers\STM32H7RSxx_HAL_Driver\stm32h7rsxx_hal_pwr.su","D:/Tudor/Master/Disertatie/ssm-mcu-asd-deploy/nucleo-h7s3l8-ssm-mamba-asd/Drivers/STM32H7RSxx_HAL_Driver/Src/stm32h7rsxx_hal_pwr.c","672","HAL_PWR_DisableSEVOnPend","0","static"
"Drivers\STM32H7RSxx_HAL_Driver\stm32h7rsxx_hal_pwr.su","D:/Tudor/Master/Disertatie/ssm-mcu-asd-deploy/nucleo-h7s3l8-ssm-mamba-asd/Drivers/STM32H7RSxx_HAL_Driver/Src/stm32h7rsxx_hal_pwr.c","660","HAL_PWR_EnableSEVOnPend","0","static"
"Drivers\STM32H7RSxx_HAL_Driver\stm32h7rsxx_hal_pwr.su","D:/Tudor/Master/Disertatie/ssm-mcu-asd-deploy/nucleo-h7s3l8-ssm-mamba-asd/Drivers/STM32H7RSxx_HAL_Driver/Src/stm32h7rsxx_hal_pwr.c","448","HAL_PWR_EnableWakeUpPin","0","static"
"Drivers\STM32H7RSxx_HAL_Driver\stm32h7rsxx_hal_pwr.su","D:/Tudor/Master/Disertatie/ssm-mcu-asd-deploy/nucleo-h7s3l8-ssm-mamba-asd/Drivers/STM32H7RSxx_HAL_Driver/Src/stm32h7rsxx_hal_pwr.c","425","HAL_PWR_DisablePVD","0","static"
"Drivers\STM32H7RSxx_HAL_Driver\stm32h7rsxx_hal_pwr.su","D:/Tudor/Master/Disertatie/ssm-mcu-asd-deploy/nucleo-h7s3l8-ssm-mamba-asd/Drivers/STM32H7RSxx_HAL_Driver/Src/stm32h7rsxx_hal_pwr.c","474","HAL_PWR_DisableWakeUpPin","0","static"
"Drivers\STM32H7RSxx_HAL_Driver\stm32h7rsxx_hal_pwr.su","D:/Tudor/Master/Disertatie/ssm-mcu-asd-deploy/nucleo-h7s3l8-ssm-mamba-asd/Drivers/STM32H7RSxx_HAL_Driver/Src/stm32h7rsxx_hal_pwr.c","555","HAL_PWR_EnterSTOPMode","0","static,ignoring_inline_asm"
"Drivers\STM32H7RSxx_HAL_Driver\stm32h7rsxx_hal_pwr.su","D:/Tudor/Master/Disertatie/ssm-mcu-asd-deploy/nucleo-h7s3l8-ssm-mamba-asd/Drivers/STM32H7RSxx_HAL_Driver/Src/stm32h7rsxx_hal_pwr.c","500","HAL_PWR_EnterSLEEPMode","0","static,ignoring_inline_asm"
"Drivers\STM32H7RSxx_HAL_Driver\stm32h7rsxx_hal_flash_ex.su","D:/Tudor/Master/Disertatie/ssm-mcu-asd-deploy/nucleo-h7s3l8-ssm-mamba-asd/Drivers/STM32H7RSxx_HAL_Driver/Src/stm32h7rsxx_hal_flash_ex.c","863","HAL_FLASHEx_EccDetectionCallback","0","static"
"Drivers\STM32H7RSxx_HAL_Driver\stm32h7rsxx_hal_flash.su","D:/Tudor/Master/Disertatie/ssm-mcu-asd-deploy/nucleo-h7s3l8-ssm-mamba-asd/Drivers/STM32H7RSxx_HAL_Driver/Src/stm32h7rsxx_hal_flash.c","467","HAL_FLASH_OperationErrorCallback","0","static"
"Drivers\STM32H7RSxx_HAL_Driver\stm32h7rsxx_hal_flash.su","D:/Tudor/Master/Disertatie/ssm-mcu-asd-deploy/nucleo-h7s3l8-ssm-mamba-asd/Drivers/STM32H7RSxx_HAL_Driver/Src/stm32h7rsxx_hal_flash.c","449","HAL_FLASH_EndOfOperationCallback","0","static"
"Drivers\STM32H7RSxx_HAL_Driver\stm32h7rsxx_hal_flash.su","D:/Tudor/Master/Disertatie/ssm-mcu-asd-deploy/nucleo-h7s3l8-ssm-mamba-asd/Drivers/STM32H7RSxx_HAL_Driver/Src/stm32h7rsxx_hal_flash.c","500","HAL_FLASH_Unlock","0","static"
"Drivers\STM32H7RSxx_HAL_Driver\stm32h7rsxx_hal_flash.su","D:/Tudor/Master/Disertatie/ssm-mcu-asd-deploy/nucleo-h7s3l8-ssm-mamba-asd/Drivers/STM32H7RSxx_HAL_Driver/Src/stm32h7rsxx_hal_flash.c","540","HAL_FLASH_OB_Unlock","0","static"
"Drivers\STM32H7RSxx_HAL_Driver\stm32h7rsxx_hal_flash.su","D:/Tudor/Master/Disertatie/ssm-mcu-asd-deploy/nucleo-h7s3l8-ssm-mamba-asd/Drivers/STM32H7RSxx_HAL_Driver/Src/stm32h7rsxx_hal_flash.c","522","HAL_FLASH_Lock","0","static"
"Drivers\STM32H7RSxx_HAL_Driver\stm32h7rsxx_hal_exti.su","D:/Tudor/Master/Disertatie/ssm-mcu-asd-deploy/nucleo-h7s3l8-ssm-mamba-asd/Drivers/STM32H7RSxx_HAL_Driver/Src/stm32h7rsxx_hal_exti.c","457","HAL_EXTI_GetHandle","0","static"
"Drivers\STM32H7RSxx_HAL_Driver\stm32h7rsxx_hal_exti.su","D:/Tudor/Master/Disertatie/ssm-mcu-asd-deploy/nucleo-h7s3l8-ssm-mamba-asd/Drivers/STM32H7RSxx_HAL_Driver/Src/stm32h7rsxx_hal_exti.c","431","HAL_EXTI_RegisterCallback","0","static"
"Drivers\STM32H7RSxx_HAL_Driver\stm32h7rsxx_hal_exti.su","D:/Tudor/Master/Disertatie/ssm-mcu-asd-deploy/nucleo-h7s3l8-ssm-mamba-asd/Drivers/STM32H7RSxx_HAL_Driver/Src/stm32h7rsxx_hal_exti.c","574","HAL_EXTI_ClearPending","0","static"
"Drivers\STM32H7RSxx_HAL_Driver\stm32h7rsxx_hal_flash.su","D:/Tudor/Master/Disertatie/ssm-mcu-asd-deploy/nucleo-h7s3l8-ssm-mamba-asd/Drivers/STM32H7RSxx_HAL_Driver/Src/stm32h7rsxx_hal_flash.c","798","FLASH_Program_DoubleWord","0","static,ignoring_inline_asm"
"Drivers\STM32H7RSxx_HAL_Driver\stm32h7rsxx_hal_exti.su","D:/Tudor/Master/Disertatie/ssm-mcu-asd-deploy/nucleo-h7s3l8-ssm-mamba-asd/Drivers/STM32H7RSxx_HAL_Driver/Src/stm32h7rsxx_hal_exti.c","604","HAL_EXTI_GenerateSWI","0","static"
"Drivers\STM32H7RSxx_HAL_Driver\stm32h7rsxx_hal_flash_ex.su","D:/Tudor/Master/Disertatie/ssm-mcu-asd-deploy/nucleo-h7s3l8-ssm-mamba-asd/Drivers/STM32H7RSxx_HAL_Driver/Src/stm32h7rsxx_hal_flash_ex.c","769","HAL_FLASHEx_EnableEccDetectionInterrupt","0","static"
"Drivers\STM32H7RSxx_HAL_Driver\stm32h7rsxx_hal_flash_ex.su","D:/Tudor/Master/Disertatie/ssm-mcu-asd-deploy/nucleo-h7s3l8-ssm-mamba-asd/Drivers/STM32H7RSxx_HAL_Driver/Src/stm32h7rsxx_hal_flash_ex.c","760","HAL_FLASHEx_DisableEccCorrectionInterrupt","0","static"
"Drivers\STM32H7RSxx_HAL_Driver\stm32h7rsxx_hal_flash_ex.su","D:/Tudor/Master/Disertatie/ssm-mcu-asd-deploy/nucleo-h7s3l8-ssm-mamba-asd/Drivers/STM32H7RSxx_HAL_Driver/Src/stm32h7rsxx_hal_flash_ex.c","778","HAL_FLASHEx_DisableEccDetectionInterrupt","0","static"
"Drivers\STM32H7RSxx_HAL_Driver\stm32h7rsxx_hal_flash_ex.su","D:/Tudor/Master/Disertatie/ssm-mcu-asd-deploy/nucleo-h7s3l8-ssm-mamba-asd/Drivers/STM32H7RSxx_HAL_Driver/Src/stm32h7rsxx_hal_flash_ex.c","852","HAL_FLASHEx_EccCorrectionCallback","0","static"
"Drivers\STM32H7RSxx_HAL_Driver\stm32h7rsxx_hal_flash_ex.su","D:/Tudor/Master/Disertatie/ssm-mcu-asd-deploy/nucleo-h7s3l8-ssm-mamba-asd/Drivers/STM32H7RSxx_HAL_Driver/Src/stm32h7rsxx_hal_flash_ex.c","791","HAL_FLASHEx_GetEccInfo","0","static"
"Drivers\STM32H7RSxx_HAL_Driver\stm32h7rsxx_hal_flash.su","D:/Tudor/Master/Disertatie/ssm-mcu-asd-deploy/nucleo-h7s3l8-ssm-mamba-asd/Drivers/STM32H7RSxx_HAL_Driver/Src/stm32h7rsxx_hal_flash.c","609","HAL_FLASH_GetError","0","static"
"Drivers\STM32H7RSxx_HAL_Driver\stm32h7rsxx_hal_flash.su","D:/Tudor/Master/Disertatie/ssm-mcu-asd-deploy/nucleo-h7s3l8-ssm-mamba-asd/Drivers/STM32H7RSxx_HAL_Driver/Src/stm32h7rsxx_hal_flash.c","562","HAL_FLASH_OB_Lock","0","static"
"Drivers\STM32H7RSxx_HAL_Driver\stm32h7rsxx_hal_flash_ex.su","D:/Tudor/Master/Disertatie/ssm-mcu-asd-deploy/nucleo-h7s3l8-ssm-mamba-asd/Drivers/STM32H7RSxx_HAL_Driver/Src/stm32h7rsxx_hal_flash_ex.c","364","HAL_FLASHEx_OBGetConfig","0","static"
"Drivers\STM32H7RSxx_HAL_Driver\stm32h7rsxx_hal_flash_ex.su","D:/Tudor/Master/Disertatie/ssm-mcu-asd-deploy/nucleo-h7s3l8-ssm-mamba-asd/Drivers/STM32H7RSxx_HAL_Driver/Src/stm32h7rsxx_hal_flash_ex.c","751","HAL_FLASHEx_EnableEccCorrectionInterrupt","0","static"
"Drivers\STM32H7RSxx_HAL_Driver\stm32h7rsxx_hal_flash_ex.su","D:/Tudor/Master/Disertatie/ssm-mcu-asd-deploy/nucleo-h7s3l8-ssm-mamba-asd/Drivers/STM32H7RSxx_HAL_Driver/Src/stm32h7rsxx_hal_flash_ex.c","462","HAL_FLASHEx_GetOTPLock","0","static"
"Core\Src\syscalls.su","../Core/Src/syscalls.c","129","_stat","0","static"
"Core\Src\syscalls.su","../Core/Src/syscalls.c","124","_times","0","static"
"Core\Src\system_stm32h7rsxx.su","../Core/Src/system_stm32h7rsxx.c","141","SystemInit","0","static"
"Drivers\BSP\STM32H7xx_Nucleo\stm32h7rsxx_nucleo.su","D:/Tudor/Master/Disertatie/ssm-mcu-asd-deploy/nucleo-h7s3l8-ssm-mamba-asd/Drivers/BSP/STM32H7RSxx_Nucleo/stm32h7rsxx_nucleo.c","138","BSP_GetVersion","0","static"
"Core\Src\system_stm32h7rsxx.su","../Core/Src/system_stm32h7rsxx.c","192","SystemCoreClockUpdate","0","static"
"Core\Src\syscalls.su","../Core/Src/syscalls.c","87","_fstat","0","static"
"Core\Src\syscalls.su","../Core/Src/syscalls.c","82","_close","0","static"
"Core\Src\syscalls.su","../Core/Src/syscalls.c","93","_isatty","0","static"
"Core\Src\syscalls.su","../Core/Src/syscalls.c","105","_open","0","static"
"Core\Src\syscalls.su","../Core/Src/syscalls.c","98","_lseek","0","static"
"Drivers\STM32H7RSxx_HAL_Driver\stm32h7rsxx_hal.su","D:/Tudor/Master/Disertatie/ssm-mcu-asd-deploy/nucleo-h7s3l8-ssm-mamba-asd/Drivers/STM32H7RSxx_HAL_Driver/Src/stm32h7rsxx_hal.c","244","HAL_MspDeInit","0","static"
"Drivers\STM32H7RSxx_HAL_Driver\stm32h7rsxx_hal.su","D:/Tudor/Master/Disertatie/ssm-mcu-asd-deploy/nucleo-h7s3l8-ssm-mamba-asd/Drivers/STM32H7RSxx_HAL_Driver/Src/stm32h7rsxx_hal.c","233","HAL_MspInit","0","static"
"Drivers\STM32H7RSxx_HAL_Driver\stm32h7rsxx_hal.su","D:/Tudor/Master/Disertatie/ssm-mcu-asd-deploy/nucleo-h7s3l8-ssm-mamba-asd/Drivers/STM32H7RSxx_HAL_Driver/Src/stm32h7rsxx_hal.c","335","HAL_IncTick","0","static"
"Drivers\STM32H7RSxx_HAL_Driver\stm32h7rsxx_hal.su","D:/Tudor/Master/Disertatie/ssm-mcu-asd-deploy/nucleo-h7s3l8-ssm-mamba-asd/Drivers/STM32H7RSxx_HAL_Driver/Src/stm32h7rsxx_hal.c","355","HAL_GetTickPrio","0","static"
"Drivers\STM32H7RSxx_HAL_Driver\stm32h7rsxx_hal.su","D:/Tudor/Master/Disertatie/ssm-mcu-asd-deploy/nucleo-h7s3l8-ssm-mamba-asd/Drivers/STM32H7RSxx_HAL_Driver/Src/stm32h7rsxx_hal.c","346","HAL_GetTick","0","static"
"Drivers\BSP\STM32H7xx_Nucleo\stm32h7rsxx_nucleo.su","D:/Tudor/Master/Disertatie/ssm-mcu-asd-deploy/nucleo-h7s3l8-ssm-mamba-asd/Drivers/BSP/STM32H7RSxx_Nucleo/stm32h7rsxx_nucleo.c","156","BSP_GetBoardID","0","static"
"Drivers\BSP\STM32H7xx_Nucleo\stm32h7rsxx_nucleo.su","D:/Tudor/Master/Disertatie/ssm-mcu-asd-deploy/nucleo-h7s3l8-ssm-mamba-asd/Drivers/BSP/STM32H7RSxx_Nucleo/stm32h7rsxx_nucleo.c","147","BSP_GetBoardName","0","static"
"Drivers\BSP\STM32H7xx_Nucleo\stm32h7rsxx_nucleo.su","D:/Tudor/Master/Disertatie/ssm-mcu-asd-deploy/nucleo-h7s3l8-ssm-mamba-asd/Drivers/BSP/STM32H7RSxx_Nucleo/stm32h7rsxx_nucleo.c","402","BSP_PB_Callback","0","static"
"Drivers\BSP\STM32H7xx_Nucleo\stm32h7rsxx_nucleo.su","D:/Tudor/Master/Disertatie/ssm-mcu-asd-deploy/nucleo-h7s3l8-ssm-mamba-asd/Drivers/BSP/STM32H7RSxx_Nucleo/stm32h7rsxx_nucleo.c","523","BSP_COM_SelectLogPort","0","static"
"Drivers\BSP\STM32H7xx_Nucleo\stm32h7rsxx_nucleo.su","D:/Tudor/Master/Disertatie/ssm-mcu-asd-deploy/nucleo-h7s3l8-ssm-mamba-asd/Drivers/BSP/STM32H7RSxx_Nucleo/stm32h7rsxx_nucleo.c","418","BSP_PB_IRQHandler","0","static"
"Core\Src\syscalls.su","../Core/Src/syscalls.c","44","_getpid","0","static"
"Core\Src\ssm_backbone.su","../Core/Src/ssm_backbone.c","200","SSMBackbone_NormalizeFrame","0","static"
"Core\Src\ssm_backbone.su","../Core/Src/ssm_backbone.c","193","SSMBackbone_GetPooled","0","static"
"Core\Src\stm32h7rsxx_hal_msp.su","../Core/Src/stm32h7rsxx_hal_msp.c","63","HAL_MspInit","0","static"
"Core\Src\stm32h7rsxx_it.su","../Core/Src/stm32h7rsxx_it.c","83","HardFault_Handler","0","static"
"Core\Src\stm32h7rsxx_it.su","../Core/Src/stm32h7rsxx_it.c","69","NMI_Handler","0","static"
"Core\Src\audio_ingest.su","../Core/Src/audio_ingest.c","67","HAL_UART_ErrorCallback","0","static"
"Core\Src\audio_ingest.su","../Core/Src/audio_ingest.c","61","HAL_UART_RxCpltCallback","0","static"
"Core\Src\feature_pipeline.su","../Core/Src/feature_pipeline.c","69","FeaturePipeline_GetCurrentFrame","0","static"
"Core\Src\ssm_backbone.su","../Core/Src/ssm_backbone.c","158","SSMBackbone_Reset","0","static"
"Core\Src\main.su","../Core/Src/main.c","470","Error_Handler","0","static,ignoring_inline_asm"
"Core\Src\stm32h7rsxx_it.su","../Core/Src/stm32h7rsxx_it.c","182","SysTick_Handler","0","static"
"Core\Src\stm32h7rsxx_it.su","../Core/Src/stm32h7rsxx_it.c","169","PendSV_Handler","0","static"
"Core\Src\stm32h7rsxx_it.su","../Core/Src/stm32h7rsxx_it.c","203","EXTI13_IRQHandler","0","static"
"Core\Src\syscalls.su","../Core/Src/syscalls.c","41","initialise_monitor_handles","0","static"
"Core\Src\stm32h7rsxx_it.su","../Core/Src/stm32h7rsxx_it.c","217","GPDMA1_Channel5_IRQHandler","0","static"
"Core\Src\stm32h7rsxx_it.su","../Core/Src/stm32h7rsxx_it.c","113","BusFault_Handler","0","static"
"Core\Src\stm32h7rsxx_it.su","../Core/Src/stm32h7rsxx_it.c","98","MemManage_Handler","0","static"
"Core\Src\stm32h7rsxx_it.su","../Core/Src/stm32h7rsxx_it.c","128","UsageFault_Handler","0","static"
"Core\Src\stm32h7rsxx_it.su","../Core/Src/stm32h7rsxx_it.c","156","DebugMon_Handler","0","static"
"Core\Src\stm32h7rsxx_it.su","../Core/Src/stm32h7rsxx_it.c","143","SVC_Handler","0","static"
"Drivers\STM32H7RSxx_HAL_Driver\stm32h7rsxx_hal.su","D:/Tudor/Master/Disertatie/ssm-mcu-asd-deploy/nucleo-h7s3l8-ssm-mamba-asd/Drivers/STM32H7RSxx_HAL_Driver/Src/stm32h7rsxx_hal.c","395","HAL_GetTickFreq","0","static"
"Drivers\STM32H7RSxx_HAL_Driver\stm32h7rsxx_hal.su","D:/Tudor/Master/Disertatie/ssm-mcu-asd-deploy/nucleo-h7s3l8-ssm-mamba-asd/Drivers/STM32H7RSxx_HAL_Driver/Src/stm32h7rsxx_hal.c","768","HAL_SBS_EnableIOAnalogSwitchVdd","0","static"
"Drivers\STM32H7RSxx_HAL_Driver\stm32h7rsxx_hal.su","D:/Tudor/Master/Disertatie/ssm-mcu-asd-deploy/nucleo-h7s3l8-ssm-mamba-asd/Drivers/STM32H7RSxx_HAL_Driver/Src/stm32h7rsxx_hal.c","758","HAL_SBS_DisableIOAnalogBooster","0","static"
"Drivers\STM32H7RSxx_HAL_Driver\stm32h7rsxx_hal.su","D:/Tudor/Master/Disertatie/ssm-mcu-asd-deploy/nucleo-h7s3l8-ssm-mamba-asd/Drivers/STM32H7RSxx_HAL_Driver/Src/stm32h7rsxx_hal.c","777","HAL_SBS_DisableIOAnalogSwitchVdd","0","static"
"Drivers\STM32H7RSxx_HAL_Driver\stm32h7rsxx_hal.su","D:/Tudor/Master/Disertatie/ssm-mcu-asd-deploy/nucleo-h7s3l8-ssm-mamba-asd/Drivers/STM32H7RSxx_HAL_Driver/Src/stm32h7rsxx_hal.c","806","HAL_SBS_ConfigAXISRAMWaitState","0","static"
"Drivers\STM32H7RSxx_HAL_Driver\stm32h7rsxx_hal.su","D:/Tudor/Master/Disertatie/ssm-mcu-asd-deploy/nucleo-h7s3l8-ssm-mamba-asd/Drivers/STM32H7RSxx_HAL_Driver/Src/stm32h7rsxx_hal.c","790","HAL_SBS_ConfigEthernetPHY","0","static"
"Drivers\STM32H7RSxx_HAL_Driver\stm32h7rsxx_hal.su","D:/Tudor/Master/Disertatie/ssm-mcu-asd-deploy/nucleo-h7s3l8-ssm-mamba-asd/Drivers/STM32H7RSxx_HAL_Driver/Src/stm32h7rsxx_hal.c","719","HAL_SBS_LockDebugConfig","0","static"
"Drivers\STM32H7RSxx_HAL_Driver\stm32h7rsxx_hal.su","D:/Tudor/Master/Disertatie/ssm-mcu-asd-deploy/nucleo-h7s3l8-ssm-mamba-asd/Drivers/STM32H7RSxx_HAL_Driver/Src/stm32h7rsxx_hal.c","709","HAL_SBS_UnlockDebugConfig","0","static"
"Drivers\STM32H7RSxx_HAL_Driver\stm32h7rsxx_hal.su","D:/Tudor/Master/Disertatie/ssm-mcu-asd-deploy/nucleo-h7s3l8-ssm-mamba-asd/Drivers/STM32H7RSxx_HAL_Driver/Src/stm32h7rsxx_hal.c","730","HAL_SBS_ConfigRSSCommand","0","static"
"Drivers\STM32H7RSxx_HAL_Driver\stm32h7rsxx_hal.su","D:/Tudor/Master/Disertatie/ssm-mcu-asd-deploy/nucleo-h7s3l8-ssm-mamba-asd/Drivers/STM32H7RSxx_HAL_Driver/Src/stm32h7rsxx_hal.c","749","HAL_SBS_EnableIOAnalogBooster","0","static"
"Drivers\STM32H7RSxx_HAL_Driver\stm32h7rsxx_hal.su","D:/Tudor/Master/Disertatie/ssm-mcu-asd-deploy/nucleo-h7s3l8-ssm-mamba-asd/Drivers/STM32H7RSxx_HAL_Driver/Src/stm32h7rsxx_hal.c","739","HAL_SBS_GetRSSCommand","0","static"
"Drivers\STM32H7RSxx_HAL_Driver\stm32h7rsxx_hal.su","D:/Tudor/Master/Disertatie/ssm-mcu-asd-deploy/nucleo-h7s3l8-ssm-mamba-asd/Drivers/STM32H7RSxx_HAL_Driver/Src/stm32h7rsxx_hal.c","1013","HAL_SBS_GetTimerBreakInputConfig","0","static"
"Drivers\STM32H7RSxx_HAL_Driver\stm32h7rsxx_hal.su","D:/Tudor/Master/Disertatie/ssm-mcu-asd-deploy/nucleo-h7s3l8-ssm-mamba-asd/Drivers/STM32H7RSxx_HAL_Driver/Src/stm32h7rsxx_hal.c","991","HAL_SBS_ConfigTimerBreakInput","0","static"
"Drivers\STM32H7RSxx_HAL_Driver\stm32h7rsxx_hal.su","D:/Tudor/Master/Disertatie/ssm-mcu-asd-deploy/nucleo-h7s3l8-ssm-mamba-asd/Drivers/STM32H7RSxx_HAL_Driver/Src/stm32h7rsxx_hal.c","1038","HAL_SBS_EXTIConfig","0","static"
"Drivers\STM32H7RSxx_HAL_Driver\stm32h7rsxx_hal.su","D:/Tudor/Master/Disertatie/ssm-mcu-asd-deploy/nucleo-h7s3l8-ssm-mamba-asd/Drivers/STM32H7RSxx_HAL_Driver/Src/stm32h7rsxx_hal.c","1137","HAL_VREFBUF_HighImpedanceConfig","0","static"
"Drivers\STM32H7RSxx_HAL_Driver\stm32h7rsxx_hal.su","D:/Tudor/Master/Disertatie/ssm-mcu-asd-deploy/nucleo-h7s3l8-ssm-mamba-asd/Drivers/STM32H7RSxx_HAL_Driver/Src/stm32h7rsxx_hal.c","1121","HAL_VREFBUF_VoltageScalingConfig","0","static"
"Drivers\STM32H7RSxx_HAL_Driver\stm32h7rsxx_hal.su","D:/Tudor/Master/Disertatie/ssm-mcu-asd-deploy/nucleo-h7s3l8-ssm-mamba-asd/Drivers/STM32H7RSxx_HAL_Driver/Src/stm32h7rsxx_hal.c","840","HAL_SBS_DisableCompensationCell","0","static"
"Drivers\STM32H7RSxx_HAL_Driver\stm32h7rsxx_hal.su","D:/Tudor/Master/Disertatie/ssm-mcu-asd-deploy/nucleo-h7s3l8-ssm-mamba-asd/Drivers/STM32H7RSxx_HAL_Driver/Src/stm32h7rsxx_hal.c","823","HAL_SBS_EnableCompensationCell","0","static"
"Drivers\STM32H7RSxx_HAL_Driver\stm32h7rsxx_hal.su","D:/Tudor/Master/Disertatie/ssm-mcu-asd-deploy/nucleo-h7s3l8-ssm-mamba-asd/Drivers/STM32H7RSxx_HAL_Driver/Src/stm32h7rsxx_hal.c","857","HAL_SBS_GetCompensationCellReadyStatus","0","static"
"Drivers\STM32H7RSxx_HAL_Driver\stm32h7rsxx_hal.su","D:/Tudor/Master/Disertatie/ssm-mcu-asd-deploy/nucleo-h7s3l8-ssm-mamba-asd/Drivers/STM32H7RSxx_HAL_Driver/Src/stm32h7rsxx_hal.c","968","HAL_SBS_DisableIOSpeedOptimize","0","static"
"Drivers\STM32H7RSxx_HAL_Driver\stm32h7rsxx_hal.su","D:/Tudor/Master/Disertatie/ssm-mcu-asd-deploy/nucleo-h7s3l8-ssm-mamba-asd/Drivers/STM32H7RSxx_HAL_Driver/Src/stm32h7rsxx_hal.c","951","HAL_SBS_EnableIOSpeedOptimize","0","static"
"Drivers\STM32H7RSxx_HAL_Driver\stm32h7rsxx_hal.su","D:/Tudor/Master/Disertatie/ssm-mcu-asd-deploy/nucleo-h7s3l8-ssm-mamba-asd/Drivers/STM32H7RSxx_HAL_Driver/Src/stm32h7rsxx_hal.c","699","HAL_SBS_GetDebugLevel","0","static"
"Drivers\STM32H7RSxx_HAL_Driver\stm32h7rsxx_hal.su","D:/Tudor/Master/Disertatie/ssm-mcu-asd-deploy/nucleo-h7s3l8-ssm-mamba-asd/Drivers/STM32H7RSxx_HAL_Driver/Src/stm32h7rsxx_hal.c","507","HAL_GetUIDw1","0","static"
"Drivers\STM32H7RSxx_HAL_Driver\stm32h7rsxx_hal.su","D:/Tudor/Master/Disertatie/ssm-mcu-asd-deploy/nucleo-h7s3l8-ssm-mamba-asd/Drivers/STM32H7RSxx_HAL_Driver/Src/stm32h7rsxx_hal.c","494","HAL_GetUIDw0","0","static"
"Drivers\STM32H7RSxx_HAL_Driver\stm32h7rsxx_hal.su","D:/Tudor/Master/Disertatie/ssm-mcu-asd-deploy/nucleo-h7s3l8-ssm-mamba-asd/Drivers/STM32H7RSxx_HAL_Driver/Src/stm32h7rsxx_hal.c","520","HAL_GetUIDw2","0","static"
"Drivers\STM32H7RSxx_HAL_Driver\stm32h7rsxx_hal.su","D:/Tudor/Master/Disertatie/ssm-mcu-asd-deploy/nucleo-h7s3l8-ssm-mamba-asd/Drivers/STM32H7RSxx_HAL_Driver/Src/stm32h7rsxx_hal.c","557","HAL_DBGMCU_DisableDBGSleepMode","0","static"
"Drivers\STM32H7RSxx_HAL_Driver\stm32h7rsxx_hal.su","D:/Tudor/Master/Disertatie/ssm-mcu-asd-deploy/nucleo-h7s3l8-ssm-mamba-asd/Drivers/STM32H7RSxx_HAL_Driver/Src/stm32h7rsxx_hal.c","548","HAL_DBGMCU_EnableDBGSleepMode","0","static"
"Drivers\STM32H7RSxx_HAL_Driver\stm32h7rsxx_hal.su","D:/Tudor/Master/Disertatie/ssm-mcu-asd-deploy/nucleo-h7s3l8-ssm-mamba-asd/Drivers/STM32H7RSxx_HAL_Driver/Src/stm32h7rsxx_hal.c","453","HAL_ResumeTick","0","static"
"Drivers\STM32H7RSxx_HAL_Driver\stm32h7rsxx_hal.su","D:/Tudor/Master/Disertatie/ssm-mcu-asd-deploy/nucleo-h7s3l8-ssm-mamba-asd/Drivers/STM32H7RSxx_HAL_Driver/Src/stm32h7rsxx_hal.c","437","HAL_SuspendTick","0","static"
"Drivers\STM32H7RSxx_HAL_Driver\stm32h7rsxx_hal.su","D:/Tudor/Master/Disertatie/ssm-mcu-asd-deploy/nucleo-h7s3l8-ssm-mamba-asd/Drivers/STM32H7RSxx_HAL_Driver/Src/stm32h7rsxx_hal.c","463","HAL_GetHalVersion","0","static"
"Drivers\STM32H7RSxx_HAL_Driver\stm32h7rsxx_hal.su","D:/Tudor/Master/Disertatie/ssm-mcu-asd-deploy/nucleo-h7s3l8-ssm-mamba-asd/Drivers/STM32H7RSxx_HAL_Driver/Src/stm32h7rsxx_hal.c","481","HAL_GetDEVID","0","static"
"Drivers\STM32H7RSxx_HAL_Driver\stm32h7rsxx_hal.su","D:/Tudor/Master/Disertatie/ssm-mcu-asd-deploy/nucleo-h7s3l8-ssm-mamba-asd/Drivers/STM32H7RSxx_HAL_Driver/Src/stm32h7rsxx_hal.c","472","HAL_GetREVID","0","static"
"Drivers\STM32H7RSxx_HAL_Driver\stm32h7rsxx_hal.su","D:/Tudor/Master/Disertatie/ssm-mcu-asd-deploy/nucleo-h7s3l8-ssm-mamba-asd/Drivers/STM32H7RSxx_HAL_Driver/Src/stm32h7rsxx_hal.c","644","HAL_SBS_GetHDPLValue","0","static"
"Drivers\STM32H7RSxx_HAL_Driver\stm32h7rsxx_hal.su","D:/Tudor/Master/Disertatie/ssm-mcu-asd-deploy/nucleo-h7s3l8-ssm-mamba-asd/Drivers/STM32H7RSxx_HAL_Driver/Src/stm32h7rsxx_hal.c","634","HAL_SBS_IncrementHDPLValue","0","static"
"Drivers\STM32H7RSxx_HAL_Driver\stm32h7rsxx_hal.su","D:/Tudor/Master/Disertatie/ssm-mcu-asd-deploy/nucleo-h7s3l8-ssm-mamba-asd/Drivers/STM32H7RSxx_HAL_Driver/Src/stm32h7rsxx_hal.c","654","HAL_SBS_OpenAccessPort","0","static"
"Drivers\STM32H7RSxx_HAL_Driver\stm32h7rsxx_hal.su","D:/Tudor/Master/Disertatie/ssm-mcu-asd-deploy/nucleo-h7s3l8-ssm-mamba-asd/Drivers/STM32H7RSxx_HAL_Driver/Src/stm32h7rsxx_hal.c","677","HAL_SBS_ConfigDebugLevel","0","static"
"Drivers\STM32H7RSxx_HAL_Driver\stm32h7rsxx_hal.su","D:/Tudor/Master/Disertatie/ssm-mcu-asd-deploy/nucleo-h7s3l8-ssm-mamba-asd/Drivers/STM32H7RSxx_HAL_Driver/Src/stm32h7rsxx_hal.c","664","HAL_SBS_OpenDebug","0","static"
"Drivers\STM32H7RSxx_HAL_Driver\stm32h7rsxx_hal.su","D:/Tudor/Master/Disertatie/ssm-mcu-asd-deploy/nucleo-h7s3l8-ssm-mamba-asd/Drivers/STM32H7RSxx_HAL_Driver/Src/stm32h7rsxx_hal.c","575","HAL_DBGMCU_DisableDBGStopMode","0","static"
"Drivers\STM32H7RSxx_HAL_Driver\stm32h7rsxx_hal.su","D:/Tudor/Master/Disertatie/ssm-mcu-asd-deploy/nucleo-h7s3l8-ssm-mamba-asd/Drivers/STM32H7RSxx_HAL_Driver/Src/stm32h7rsxx_hal.c","566","HAL_DBGMCU_EnableDBGStopMode","0","static"
"Drivers\STM32H7RSxx_HAL_Driver\stm32h7rsxx_hal.su","D:/Tudor/Master/Disertatie/ssm-mcu-asd-deploy/nucleo-h7s3l8-ssm-mamba-asd/Drivers/STM32H7RSxx_HAL_Driver/Src/stm32h7rsxx_hal.c","584","HAL_DBGMCU_EnableDBGStandbyMode","0","static"
"Drivers\STM32H7RSxx_HAL_Driver\stm32h7rsxx_hal.su","D:/Tudor/Master/Disertatie/ssm-mcu-asd-deploy/nucleo-h7s3l8-ssm-mamba-asd/Drivers/STM32H7RSxx_HAL_Driver/Src/stm32h7rsxx_hal.c","625","HAL_SBS_GetBootAddress","0","static"
"Drivers\STM32H7RSxx_HAL_Driver\stm32h7rsxx_hal.su","D:/Tudor/Master/Disertatie/ssm-mcu-asd-deploy/nucleo-h7s3l8-ssm-mamba-asd/Drivers/STM32H7RSxx_HAL_Driver/Src/stm32h7rsxx_hal.c","593","HAL_DBGMCU_DisableDBGStandbyMode","0","static"
"Drivers\STM32H7RSxx_HAL_Driver\stm32h7rsxx_hal_pwr_ex.su","D:/Tudor/Master/Disertatie/ssm-mcu-asd-deploy/nucleo-h7s3l8-ssm-mamba-asd/Drivers/STM32H7RSxx_HAL_Driver/Src/stm32h7rsxx_hal_pwr_ex.c","344","HAL_PWREx_GetSupplyConfig","0","static"
"Middlewares\CMSIS-DSP\Source\BasicMathFunctions\arm_not_u16.su","../Middlewares/CMSIS-DSP/Source/BasicMathFunctions/arm_not_u16.c","55","arm_not_u16","0","static"
"Middlewares\CMSIS-DSP\Source\BasicMathFunctions\arm_negate_q7.su","../Middlewares/CMSIS-DSP/Source/BasicMathFunctions/arm_negate_q7.c","95","arm_negate_q7","0","static,ignoring_inline_asm"
"Middlewares\CMSIS-DSP\Source\BasicMathFunctions\arm_not_u32.su","../Middlewares/CMSIS-DSP/Source/BasicMathFunctions/arm_not_u32.c","47","arm_not_u32","0","static"
"Middlewares\CMSIS-DSP\Source\BasicMathFunctions\arm_offset_f32.su","../Middlewares/CMSIS-DSP/Source/BasicMathFunctions/arm_offset_f32.c","110","arm_offset_f32","0","static"
"Middlewares\CMSIS-DSP\Source\BasicMathFunctions\arm_not_u8.su","../Middlewares/CMSIS-DSP/Source/BasicMathFunctions/arm_not_u8.c","47","arm_not_u8","0","static"
"Middlewares\CMSIS-DSP\Source\BasicMathFunctions\arm_negate_f32.su","../Middlewares/CMSIS-DSP/Source/BasicMathFunctions/arm_negate_f32.c","107","arm_negate_f32","0","static"
"Middlewares\CMSIS-DSP\Source\BasicMathFunctions\arm_mult_f64.su","../Middlewares/CMSIS-DSP/Source/BasicMathFunctions/arm_mult_f64.c","48","arm_mult_f64","0","static"
"Middlewares\CMSIS-DSP\Source\BasicMathFunctions\arm_negate_f64.su","../Middlewares/CMSIS-DSP/Source/BasicMathFunctions/arm_negate_f64.c","47","arm_negate_f64","0","static"
"Middlewares\CMSIS-DSP\Source\BasicMathFunctions\arm_negate_q31.su","../Middlewares/CMSIS-DSP/Source/BasicMathFunctions/arm_negate_q31.c","96","arm_negate_q31","0","static,ignoring_inline_asm"
"Middlewares\CMSIS-DSP\Source\BasicMathFunctions\arm_negate_q15.su","../Middlewares/CMSIS-DSP/Source/BasicMathFunctions/arm_negate_q15.c","97","arm_negate_q15","0","static"
"Middlewares\CMSIS-DSP\Source\BasicMathFunctions\arm_shift_q7.su","../Middlewares/CMSIS-DSP/Source/BasicMathFunctions/arm_shift_q7.c","103","arm_shift_q7","0","static,ignoring_inline_asm"
"Middlewares\CMSIS-DSP\Source\BasicMathFunctions\arm_shift_q15.su","../Middlewares/CMSIS-DSP/Source/BasicMathFunctions/arm_shift_q15.c","101","arm_shift_q15","0","static,ignoring_inline_asm"
"Middlewares\CMSIS-DSP\Source\BasicMathFunctions\arm_sub_f32.su","../Middlewares/CMSIS-DSP/Source/BasicMathFunctions/arm_sub_f32.c","113","arm_sub_f32","0","static"
"Middlewares\CMSIS-DSP\Source\ComplexMathFunctions\arm_cmplx_conj_f32.su","../Middlewares/CMSIS-DSP/Source/ComplexMathFunctions/arm_cmplx_conj_f32.c","122","arm_cmplx_conj_f32","0","static"
"Middlewares\CMSIS-DSP\Source\BasicMathFunctions\arm_sub_f64.su","../Middlewares/CMSIS-DSP/Source/BasicMathFunctions/arm_sub_f64.c","48","arm_sub_f64","0","static"
"Middlewares\CMSIS-DSP\Source\BasicMathFunctions\arm_offset_q15.su","../Middlewares/CMSIS-DSP/Source/BasicMathFunctions/arm_offset_q15.c","98","arm_offset_q15","0","static,ignoring_inline_asm"
"Middlewares\CMSIS-DSP\Source\BasicMathFunctions\arm_offset_f64.su","../Middlewares/CMSIS-DSP/Source/BasicMathFunctions/arm_offset_f64.c","48","arm_offset_f64","0","static"
"Middlewares\CMSIS-DSP\Source\BasicMathFunctions\arm_offset_q7.su","../Middlewares/CMSIS-DSP/Source/BasicMathFunctions/arm_offset_q7.c","97","arm_offset_q7","0","static,ignoring_inline_asm"
"Middlewares\CMSIS-DSP\Source\BasicMathFunctions\arm_scale_f64.su","../Middlewares/CMSIS-DSP/Source/BasicMathFunctions/arm_scale_f64.c","48","arm_scale_f64","0","static"
"Middlewares\CMSIS-DSP\Source\BasicMathFunctions\arm_scale_f32.su","../Middlewares/CMSIS-DSP/Source/BasicMathFunctions/arm_scale_f32.c","124","arm_scale_f32","0","static"
"Middlewares\CMSIS-DSP\Source\BasicMathFunctions\arm_mult_f32.su","../Middlewares/CMSIS-DSP/Source/BasicMathFunctions/arm_mult_f32.c","111","arm_mult_f32","0","static"
"Drivers\STM32H7RSxx_HAL_Driver\stm32h7rsxx_hal_uart_ex.su","D:/Tudor/Master/Disertatie/ssm-mcu-asd-deploy/nucleo-h7s3l8-ssm-mamba-asd/Drivers/STM32H7RSxx_HAL_Driver/Src/stm32h7rsxx_hal_uart_ex.c","304","HAL_UARTEx_TxFifoEmptyCallback","0","static"
"Drivers\STM32H7RSxx_HAL_Driver\stm32h7rsxx_hal_uart_ex.su","D:/Tudor/Master/Disertatie/ssm-mcu-asd-deploy/nucleo-h7s3l8-ssm-mamba-asd/Drivers/STM32H7RSxx_HAL_Driver/Src/stm32h7rsxx_hal_uart_ex.c","289","HAL_UARTEx_RxFifoFullCallback","0","static"
"Drivers\STM32H7RSxx_HAL_Driver\stm32h7rsxx_hal_uart_ex.su","D:/Tudor/Master/Disertatie/ssm-mcu-asd-deploy/nucleo-h7s3l8-ssm-mamba-asd/Drivers/STM32H7RSxx_HAL_Driver/Src/stm32h7rsxx_hal_uart_ex.c","482","HAL_UARTEx_EnableStopMode","0","static,ignoring_inline_asm"
"Drivers\STM32H7RSxx_HAL_Driver\stm32h7rsxx_hal_uart_ex.su","D:/Tudor/Master/Disertatie/ssm-mcu-asd-deploy/nucleo-h7s3l8-ssm-mamba-asd/Drivers/STM32H7RSxx_HAL_Driver/Src/stm32h7rsxx_hal_uart_ex.c","963","HAL_UARTEx_GetRxEventType","0","static"
"Drivers\STM32H7RSxx_HAL_Driver\stm32h7rsxx_hal_uart_ex.su","D:/Tudor/Master/Disertatie/ssm-mcu-asd-deploy/nucleo-h7s3l8-ssm-mamba-asd/Drivers/STM32H7RSxx_HAL_Driver/Src/stm32h7rsxx_hal_uart_ex.c","501","HAL_UARTEx_DisableStopMode","0","static,ignoring_inline_asm"
"Drivers\STM32H7RSxx_HAL_Driver\stm32h7rsxx_hal_uart.su","D:/Tudor/Master/Disertatie/ssm-mcu-asd-deploy/nucleo-h7s3l8-ssm-mamba-asd/Drivers/STM32H7RSxx_HAL_Driver/Src/stm32h7rsxx_hal_uart.c","3094","HAL_UART_GetError","0","static"
"Drivers\STM32H7RSxx_HAL_Driver\stm32h7rsxx_hal_uart.su","D:/Tudor/Master/Disertatie/ssm-mcu-asd-deploy/nucleo-h7s3l8-ssm-mamba-asd/Drivers/STM32H7RSxx_HAL_Driver/Src/stm32h7rsxx_hal_uart.c","3078","HAL_UART_GetState","0","static"
"Drivers\STM32H7RSxx_HAL_Driver\stm32h7rsxx_hal_uart.su","D:/Tudor/Master/Disertatie/ssm-mcu-asd-deploy/nucleo-h7s3l8-ssm-mamba-asd/Drivers/STM32H7RSxx_HAL_Driver/Src/stm32h7rsxx_hal_uart.c","2936","HAL_MultiProcessor_EnableMuteMode","0","static,ignoring_inline_asm"
"Drivers\STM32H7RSxx_HAL_Driver\stm32h7rsxx_hal_uart_ex.su","D:/Tudor/Master/Disertatie/ssm-mcu-asd-deploy/nucleo-h7s3l8-ssm-mamba-asd/Drivers/STM32H7RSxx_HAL_Driver/Src/stm32h7rsxx_hal_uart_ex.c","274","HAL_UARTEx_WakeupCallback","0","static"
"Drivers\STM32H7RSxx_HAL_Driver\stm32h7rsxx_hal_uart.su","D:/Tudor/Master/Disertatie/ssm-mcu-asd-deploy/nucleo-h7s3l8-ssm-mamba-asd/Drivers/STM32H7RSxx_HAL_Driver/Src/stm32h7rsxx_hal_uart.c","2956","HAL_MultiProcessor_DisableMuteMode","0","static,ignoring_inline_asm"
"Middlewares\CMSIS-DSP\Source\BasicMathFunctions\arm_add_f64.su","../Middlewares/CMSIS-DSP/Source/BasicMathFunctions/arm_add_f64.c","48","arm_add_f64","0","static"
"Middlewares\CMSIS-DSP\Source\BasicMathFunctions\arm_add_f32.su","../Middlewares/CMSIS-DSP/Source/BasicMathFunctions/arm_add_f32.c","113","arm_add_f32","0","static"
"Middlewares\CMSIS-DSP\Source\BasicMathFunctions\arm_clip_f32.su","../Middlewares/CMSIS-DSP/Source/BasicMathFunctions/arm_clip_f32.c","122","arm_clip_f32","0","static"
"Middlewares\CMSIS-DSP\Source\BasicMathFunctions\arm_dot_prod_f64.su","../Middlewares/CMSIS-DSP/Source/BasicMathFunctions/arm_dot_prod_f64.c","101","arm_dot_prod_f64","0","static"
"Middlewares\CMSIS-DSP\Source\BasicMathFunctions\arm_dot_prod_f32.su","../Middlewares/CMSIS-DSP/Source/BasicMathFunctions/arm_dot_prod_f32.c","121","arm_dot_prod_f32","0","static"
"Middlewares\CMSIS-DSP\Source\BasicMathFunctions\arm_abs_f64.su","../Middlewares/CMSIS-DSP/Source/BasicMathFunctions/arm_abs_f64.c","48","arm_abs_f64","0","static"
"Middlewares\CMSIS-DSP\Source\BasicMathFunctions\arm_abs_f32.su","../Middlewares/CMSIS-DSP/Source/BasicMathFunctions/arm_abs_f32.c","112","arm_abs_f32","0","static"
"Middlewares\CMSIS-DSP\Source\BasicMathFunctions\arm_abs_q15.su","../Middlewares/CMSIS-DSP/Source/BasicMathFunctions/arm_abs_q15.c","96","arm_abs_q15","0","static,ignoring_inline_asm"
"Middlewares\CMSIS-DSP\Source\BasicMathFunctions\arm_abs_q7.su","../Middlewares/CMSIS-DSP/Source/BasicMathFunctions/arm_abs_q7.c","98","arm_abs_q7","0","static,ignoring_inline_asm"
"Middlewares\CMSIS-DSP\Source\BasicMathFunctions\arm_abs_q31.su","../Middlewares/CMSIS-DSP/Source/BasicMathFunctions/arm_abs_q31.c","98","arm_abs_q31","0","static,ignoring_inline_asm"
"Middlewares\CMSIS-DSP\Source\ComplexMathFunctions\arm_cmplx_dot_prod_f32.su","../Middlewares/CMSIS-DSP/Source/ComplexMathFunctions/arm_cmplx_dot_prod_f32.c","182","arm_cmplx_dot_prod_f32","0","static"
"Middlewares\CMSIS-DSP\Source\InterpolationFunctions\arm_linear_interp_f32.su","../Middlewares/CMSIS-DSP/Source/InterpolationFunctions/arm_linear_interp_f32.c","79","arm_linear_interp_f32","0","static"
"Middlewares\CMSIS-DSP\Source\InterpolationFunctions\arm_bilinear_interp_f32.su","../Middlewares/CMSIS-DSP/Source/InterpolationFunctions/arm_bilinear_interp_f32.c","101","arm_bilinear_interp_f32","0","static"
"Middlewares\CMSIS-DSP\Source\InterpolationFunctions\arm_linear_interp_q15.su","../Middlewares/CMSIS-DSP/Source/InterpolationFunctions/arm_linear_interp_q15.c","53","arm_linear_interp_q15","0","static"
"Middlewares\CMSIS-DSP\Source\MatrixFunctions\arm_mat_init_f32.su","../Middlewares/CMSIS-DSP/Source/MatrixFunctions/arm_mat_init_f32.c","57","arm_mat_init_f32","0","static"
"Middlewares\CMSIS-DSP\Source\InterpolationFunctions\arm_linear_interp_q31.su","../Middlewares/CMSIS-DSP/Source/InterpolationFunctions/arm_linear_interp_q31.c","54","arm_linear_interp_q31","0","static"
"Middlewares\CMSIS-DSP\Source\FastMathFunctions\arm_cos_f32.su","../Middlewares/CMSIS-DSP/Source/FastMathFunctions/arm_cos_f32.c","70","arm_cos_f32","0","static"
"Middlewares\CMSIS-DSP\Source\FastMathFunctions\arm_atan2_f32.su","../Middlewares/CMSIS-DSP/Source/FastMathFunctions/arm_atan2_f32.c","132","arm_atan2_f32","0","static"
"Middlewares\CMSIS-DSP\Source\FastMathFunctions\arm_cos_q15.su","../Middlewares/CMSIS-DSP/Source/FastMathFunctions/arm_cos_q15.c","49","arm_cos_q15","0","static"
"Middlewares\CMSIS-DSP\Source\FastMathFunctions\arm_sin_q15.su","../Middlewares/CMSIS-DSP/Source/FastMathFunctions/arm_sin_q15.c","49","arm_sin_q15","0","static"
"Middlewares\CMSIS-DSP\Source\FastMathFunctions\arm_sin_f32.su","../Middlewares/CMSIS-DSP/Source/FastMathFunctions/arm_sin_f32.c","71","arm_sin_f32","0","static"
"Middlewares\CMSIS-DSP\Source\QuaternionMathFunctions\arm_quaternion_inverse_f32.su","../Middlewares/CMSIS-DSP/Source/QuaternionMathFunctions/arm_quaternion_inverse_f32.c","88","arm_quaternion_inverse_f32","0","static"
"Middlewares\CMSIS-DSP\Source\QuaternionMathFunctions\arm_quaternion_conjugate_f32.su","../Middlewares/CMSIS-DSP/Source/QuaternionMathFunctions/arm_quaternion_conjugate_f32.c","79","arm_quaternion_conjugate_f32","0","static"
"Middlewares\CMSIS-DSP\Source\QuaternionMathFunctions\arm_quaternion_normalize_f32.su","../Middlewares/CMSIS-DSP/Source/QuaternionMathFunctions/arm_quaternion_normalize_f32.c","81","arm_quaternion_normalize_f32","0","static"
"Middlewares\CMSIS-DSP\Source\QuaternionMathFunctions\arm_quaternion_product_single_f32.su","../Middlewares/CMSIS-DSP/Source/QuaternionMathFunctions/arm_quaternion_product_single_f32.c","93","arm_quaternion_product_single_f32","0","static"
"Middlewares\CMSIS-DSP\Source\QuaternionMathFunctions\arm_quaternion_norm_f32.su","../Middlewares/CMSIS-DSP/Source/QuaternionMathFunctions/arm_quaternion_norm_f32.c","81","arm_quaternion_norm_f32","0","static"
"Middlewares\CMSIS-DSP\Source\MatrixFunctions\arm_mat_init_q15.su","../Middlewares/CMSIS-DSP/Source/MatrixFunctions/arm_mat_init_q15.c","48","arm_mat_init_q15","0","static"
"Middlewares\CMSIS-DSP\Source\MatrixFunctions\arm_mat_init_f64.su","../Middlewares/CMSIS-DSP/Source/MatrixFunctions/arm_mat_init_f64.c","57","arm_mat_init_f64","0","static"
"Middlewares\CMSIS-DSP\Source\MatrixFunctions\arm_mat_init_q31.su","../Middlewares/CMSIS-DSP/Source/MatrixFunctions/arm_mat_init_q31.c","50","arm_mat_init_q31","0","static"
"Middlewares\CMSIS-DSP\Source\QuaternionMathFunctions\arm_quaternion2rotation_f32.su","../Middlewares/CMSIS-DSP/Source/QuaternionMathFunctions/arm_quaternion2rotation_f32.c","143","arm_quaternion2rotation_f32","0","static"
"Middlewares\CMSIS-DSP\Source\MatrixFunctions\arm_mat_scale_f32.su","../Middlewares/CMSIS-DSP/Source/MatrixFunctions/arm_mat_scale_f32.c","222","arm_mat_scale_f32","0","static"
"Middlewares\CMSIS-DSP\Source\DistanceFunctions\arm_euclidean_distance_f64.su","../Middlewares/CMSIS-DSP/Source/DistanceFunctions/arm_euclidean_distance_f64.c","50","arm_euclidean_distance_f64","0","static"
"Middlewares\CMSIS-DSP\Source\ComplexMathFunctions\arm_cmplx_mult_cmplx_f64.su","../Middlewares/CMSIS-DSP/Source/ComplexMathFunctions/arm_cmplx_mult_cmplx_f64.c","48","arm_cmplx_mult_cmplx_f64","0","static"
"Middlewares\CMSIS-DSP\Source\ComplexMathFunctions\arm_cmplx_mult_cmplx_f32.su","../Middlewares/CMSIS-DSP/Source/ComplexMathFunctions/arm_cmplx_mult_cmplx_f32.c","181","arm_cmplx_mult_cmplx_f32","0","static"
"Middlewares\CMSIS-DSP\Source\ComplexMathFunctions\arm_cmplx_mult_real_f32.su","../Middlewares/CMSIS-DSP/Source/ComplexMathFunctions/arm_cmplx_mult_real_f32.c","125","arm_cmplx_mult_real_f32","0","static"
"Middlewares\CMSIS-DSP\Source\ControllerFunctions\arm_pid_init_q15.su","../Middlewares/CMSIS-DSP/Source/ControllerFunctions/arm_pid_init_q15.c","50","arm_pid_init_q15","0","static,ignoring_inline_asm"
"Middlewares\CMSIS-DSP\Source\ControllerFunctions\arm_pid_init_f32.su","../Middlewares/CMSIS-DSP/Source/ControllerFunctions/arm_pid_init_f32.c","50","arm_pid_init_f32","0","static"
"Middlewares\CMSIS-DSP\Source\ComplexMathFunctions\arm_cmplx_mag_f64.su","../Middlewares/CMSIS-DSP/Source/ComplexMathFunctions/arm_cmplx_mag_f64.c","48","arm_cmplx_mag_f64","0","static"
"Middlewares\CMSIS-DSP\Source\ComplexMathFunctions\arm_cmplx_mag_f32.su","../Middlewares/CMSIS-DSP/Source/ComplexMathFunctions/arm_cmplx_mag_f32.c","155","arm_cmplx_mag_f32","0","static,ignoring_inline_asm"
"Middlewares\CMSIS-DSP\Source\ComplexMathFunctions\arm_cmplx_mag_squared_f32.su","../Middlewares/CMSIS-DSP/Source/ComplexMathFunctions/arm_cmplx_mag_squared_f32.c","121","arm_cmplx_mag_squared_f32","0","static"
"Middlewares\CMSIS-DSP\Source\ComplexMathFunctions\arm_cmplx_mag_squared_q15.su","../Middlewares/CMSIS-DSP/Source/ComplexMathFunctions/arm_cmplx_mag_squared_q15.c","108","arm_cmplx_mag_squared_q15","0","static,ignoring_inline_asm"
"Middlewares\CMSIS-DSP\Source\ComplexMathFunctions\arm_cmplx_mag_squared_f64.su","../Middlewares/CMSIS-DSP/Source/ComplexMathFunctions/arm_cmplx_mag_squared_f64.c","46","arm_cmplx_mag_squared_f64","0","static"
"Middlewares\CMSIS-DSP\Source\DistanceFunctions\arm_chebyshev_distance_f64.su","../Middlewares/CMSIS-DSP/Source/DistanceFunctions/arm_chebyshev_distance_f64.c","49","arm_chebyshev_distance_f64","0","static"
"Middlewares\CMSIS-DSP\Source\DistanceFunctions\arm_chebyshev_distance_f32.su","../Middlewares/CMSIS-DSP/Source/DistanceFunctions/arm_chebyshev_distance_f32.c","183","arm_chebyshev_distance_f32","0","static"
"Middlewares\CMSIS-DSP\Source\DistanceFunctions\arm_cityblock_distance_f32.su","../Middlewares/CMSIS-DSP/Source/DistanceFunctions/arm_cityblock_distance_f32.c","136","arm_cityblock_distance_f32","0","static"
"Middlewares\CMSIS-DSP\Source\DistanceFunctions\arm_euclidean_distance_f32.su","../Middlewares/CMSIS-DSP/Source/DistanceFunctions/arm_euclidean_distance_f32.c","133","arm_euclidean_distance_f32","0","static,ignoring_inline_asm"
"Middlewares\CMSIS-DSP\Source\DistanceFunctions\arm_cityblock_distance_f64.su","../Middlewares/CMSIS-DSP/Source/DistanceFunctions/arm_cityblock_distance_f64.c","48","arm_cityblock_distance_f64","0","static"
"Middlewares\CMSIS-DSP\Source\ControllerFunctions\arm_pid_reset_q15.su","../Middlewares/CMSIS-DSP/Source/ControllerFunctions/arm_pid_reset_q15.c","44","arm_pid_reset_q15","0","static"
"Middlewares\CMSIS-DSP\Source\ControllerFunctions\arm_pid_reset_f32.su","../Middlewares/CMSIS-DSP/Source/ControllerFunctions/arm_pid_reset_f32.c","44","arm_pid_reset_f32","0","static"
"Middlewares\CMSIS-DSP\Source\ControllerFunctions\arm_pid_reset_q31.su","../Middlewares/CMSIS-DSP/Source/ControllerFunctions/arm_pid_reset_q31.c","44","arm_pid_reset_q31","0","static"
"Middlewares\CMSIS-DSP\Source\DistanceFunctions\arm_canberra_distance_f32.su","../Middlewares/CMSIS-DSP/Source/DistanceFunctions/arm_canberra_distance_f32.c","197","arm_canberra_distance_f32","0","static"
"Middlewares\CMSIS-DSP\Source\DistanceFunctions\arm_braycurtis_distance_f32.su","../Middlewares/CMSIS-DSP/Source/DistanceFunctions/arm_braycurtis_distance_f32.c","160","arm_braycurtis_distance_f32","0","static"
"Drivers\STM32H7RSxx_HAL_Driver\stm32h7rsxx_hal_pwr_ex.su","D:/Tudor/Master/Disertatie/ssm-mcu-asd-deploy/nucleo-h7s3l8-ssm-mamba-asd/Drivers/STM32H7RSxx_HAL_Driver/Src/stm32h7rsxx_hal_pwr_ex.c","1054","HAL_PWREx_DisableXSPIM2","0","static"
"Drivers\STM32H7RSxx_HAL_Driver\stm32h7rsxx_hal_pwr_ex.su","D:/Tudor/Master/Disertatie/ssm-mcu-asd-deploy/nucleo-h7s3l8-ssm-mamba-asd/Drivers/STM32H7RSxx_HAL_Driver/Src/stm32h7rsxx_hal_pwr_ex.c","1045","HAL_PWREx_EnableXSPIM2","0","static"
"Drivers\STM32H7RSxx_HAL_Driver\stm32h7rsxx_hal_pwr_ex.su","D:/Tudor/Master/Disertatie/ssm-mcu-asd-deploy/nucleo-h7s3l8-ssm-mamba-asd/Drivers/STM32H7RSxx_HAL_Driver/Src/stm32h7rsxx_hal_pwr_ex.c","1073","HAL_PWREx_ConfigXSPIPortCap","0","static"
"Drivers\STM32H7RSxx_HAL_Driver\stm32h7rsxx_hal_pwr_ex.su","D:/Tudor/Master/Disertatie/ssm-mcu-asd-deploy/nucleo-h7s3l8-ssm-mamba-asd/Drivers/STM32H7RSxx_HAL_Driver/Src/stm32h7rsxx_hal_pwr_ex.c","1178","HAL_PWREx_EnableMonitoring","0","static"
"Drivers\STM32H7RSxx_HAL_Driver\stm32h7rsxx_hal_pwr_ex.su","D:/Tudor/Master/Disertatie/ssm-mcu-asd-deploy/nucleo-h7s3l8-ssm-mamba-asd/Drivers/STM32H7RSxx_HAL_Driver/Src/stm32h7rsxx_hal_pwr_ex.c","1103","HAL_PWREx_GetConfigXSPIPortCap","0","static"
"Drivers\STM32H7RSxx_HAL_Driver\stm32h7rsxx_hal_pwr_ex.su","D:/Tudor/Master/Disertatie/ssm-mcu-asd-deploy/nucleo-h7s3l8-ssm-mamba-asd/Drivers/STM32H7RSxx_HAL_Driver/Src/stm32h7rsxx_hal_pwr_ex.c","997","HAL_PWREx_EnableAnalogBooster","0","static"
"Drivers\STM32H7RSxx_HAL_Driver\stm32h7rsxx_hal_pwr_ex.su","D:/Tudor/Master/Disertatie/ssm-mcu-asd-deploy/nucleo-h7s3l8-ssm-mamba-asd/Drivers/STM32H7RSxx_HAL_Driver/Src/stm32h7rsxx_hal_pwr_ex.c","984","HAL_PWREx_DisableBatteryCharging","0","static"
"Drivers\STM32H7RSxx_HAL_Driver\stm32h7rsxx_hal_pwr_ex.su","D:/Tudor/Master/Disertatie/ssm-mcu-asd-deploy/nucleo-h7s3l8-ssm-mamba-asd/Drivers/STM32H7RSxx_HAL_Driver/Src/stm32h7rsxx_hal_pwr_ex.c","1010","HAL_PWREx_DisableAnalogBooster","0","static"
"Drivers\STM32H7RSxx_HAL_Driver\stm32h7rsxx_hal_pwr_ex.su","D:/Tudor/Master/Disertatie/ssm-mcu-asd-deploy/nucleo-h7s3l8-ssm-mamba-asd/Drivers/STM32H7RSxx_HAL_Driver/Src/stm32h7rsxx_hal_pwr_ex.c","1034","HAL_PWREx_DisableXSPIM1","0","static"
"Drivers\STM32H7RSxx_HAL_Driver\stm32h7rsxx_hal_pwr_ex.su","D:/Tudor/Master/Disertatie/ssm-mcu-asd-deploy/nucleo-h7s3l8-ssm-mamba-asd/Drivers/STM32H7RSxx_HAL_Driver/Src/stm32h7rsxx_hal_pwr_ex.c","1025","HAL_PWREx_EnableXSPIM1","0","static"
"Drivers\STM32H7RSxx_HAL_Driver\stm32h7rsxx_hal_pwr_ex.su","D:/Tudor/Master/Disertatie/ssm-mcu-asd-deploy/nucleo-h7s3l8-ssm-mamba-asd/Drivers/STM32H7RSxx_HAL_Driver/Src/stm32h7rsxx_hal_pwr_ex.c","1401","HAL_PWREx_EnablePullUpPullDownConfig","0","static"
"Drivers\STM32H7RSxx_HAL_Driver\stm32h7rsxx_hal_pwr_ex.su","D:/Tudor/Master/Disertatie/ssm-mcu-asd-deploy/nucleo-h7s3l8-ssm-mamba-asd/Drivers/STM32H7RSxx_HAL_Driver/Src/stm32h7rsxx_hal_pwr_ex.c","1354","HAL_PWREx_PVD_AVD_Callback","0","static"
"Drivers\STM32H7RSxx_HAL_Driver\stm32h7rsxx_hal_pwr_ex.su","D:/Tudor/Master/Disertatie/ssm-mcu-asd-deploy/nucleo-h7s3l8-ssm-mamba-asd/Drivers/STM32H7RSxx_HAL_Driver/Src/stm32h7rsxx_hal_pwr_ex.c","1413","HAL_PWREx_DisablePullUpPullDownConfig","0","static"
"Drivers\STM32H7RSxx_HAL_Driver\stm32h7rsxx_hal_pwr_ex.su","D:/Tudor/Master/Disertatie/ssm-mcu-asd-deploy/nucleo-h7s3l8-ssm-mamba-asd/Drivers/STM32H7RSxx_HAL_Driver/Src/stm32h7rsxx_hal_pwr_ex.c","1472","HAL_PWREx_DisableGPIOPullUp","0","static"
"Drivers\STM32H7RSxx_HAL_Driver\stm32h7rsxx_hal_pwr_ex.su","D:/Tudor/Master/Disertatie/ssm-mcu-asd-deploy/nucleo-h7s3l8-ssm-mamba-asd/Drivers/STM32H7RSxx_HAL_Driver/Src/stm32h7rsxx_hal_pwr_ex.c","1434","HAL_PWREx_EnableGPIOPullUp","0","static"
"Drivers\STM32H7RSxx_HAL_Driver\stm32h7rsxx_hal_pwr_ex.su","D:/Tudor/Master/Disertatie/ssm-mcu-asd-deploy/nucleo-h7s3l8-ssm-mamba-asd/Drivers/STM32H7RSxx_HAL_Driver/Src/stm32h7rsxx_hal_pwr_ex.c","1199","HAL_PWREx_GetTemperatureLevel","0","static"
"Drivers\STM32H7RSxx_HAL_Driver\stm32h7rsxx_hal_pwr_ex.su","D:/Tudor/Master/Disertatie/ssm-mcu-asd-deploy/nucleo-h7s3l8-ssm-mamba-asd/Drivers/STM32H7RSxx_HAL_Driver/Src/stm32h7rsxx_hal_pwr_ex.c","1188","HAL_PWREx_DisableMonitoring","0","static"
"Drivers\STM32H7RSxx_HAL_Driver\stm32h7rsxx_hal_pwr_ex.su","D:/Tudor/Master/Disertatie/ssm-mcu-asd-deploy/nucleo-h7s3l8-ssm-mamba-asd/Drivers/STM32H7RSxx_HAL_Driver/Src/stm32h7rsxx_hal_pwr_ex.c","1231","HAL_PWREx_GetVBATLevel","0","static"
"Drivers\STM32H7RSxx_HAL_Driver\stm32h7rsxx_hal_pwr_ex.su","D:/Tudor/Master/Disertatie/ssm-mcu-asd-deploy/nucleo-h7s3l8-ssm-mamba-asd/Drivers/STM32H7RSxx_HAL_Driver/Src/stm32h7rsxx_hal_pwr_ex.c","1326","HAL_PWREx_DisableAVD","0","static"
"Drivers\STM32H7RSxx_HAL_Driver\stm32h7rsxx_hal_pwr_ex.su","D:/Tudor/Master/Disertatie/ssm-mcu-asd-deploy/nucleo-h7s3l8-ssm-mamba-asd/Drivers/STM32H7RSxx_HAL_Driver/Src/stm32h7rsxx_hal_pwr_ex.c","1316","HAL_PWREx_EnableAVD","0","static"
"Drivers\STM32H7RSxx_HAL_Driver\stm32h7rsxx_hal_pwr_ex.su","D:/Tudor/Master/Disertatie/ssm-mcu-asd-deploy/nucleo-h7s3l8-ssm-mamba-asd/Drivers/STM32H7RSxx_HAL_Driver/Src/stm32h7rsxx_hal_pwr_ex.c","970","HAL_PWREx_EnableBatteryCharging","0","static"
"Drivers\STM32H7RSxx_HAL_Driver\stm32h7rsxx_hal_pwr_ex.su","D:/Tudor/Master/Disertatie/ssm-mcu-asd-deploy/nucleo-h7s3l8-ssm-mamba-asd/Drivers/STM32H7RSxx_HAL_Driver/Src/stm32h7rsxx_hal_pwr_ex.c","571","HAL_PWREx_GetWakeupFlag","0","static"
"Drivers\STM32H7RSxx_HAL_Driver\stm32h7rsxx_hal_pwr_ex.su","D:/Tudor/Master/Disertatie/ssm-mcu-asd-deploy/nucleo-h7s3l8-ssm-mamba-asd/Drivers/STM32H7RSxx_HAL_Driver/Src/stm32h7rsxx_hal_pwr_ex.c","550","HAL_PWREx_DisableWakeUpPin","0","static"
"Drivers\STM32H7RSxx_HAL_Driver\stm32h7rsxx_hal_pwr_ex.su","D:/Tudor/Master/Disertatie/ssm-mcu-asd-deploy/nucleo-h7s3l8-ssm-mamba-asd/Drivers/STM32H7RSxx_HAL_Driver/Src/stm32h7rsxx_hal_pwr_ex.c","592","HAL_PWREx_ClearWakeupFlag","0","static"
"Drivers\STM32H7RSxx_HAL_Driver\stm32h7rsxx_hal_pwr_ex.su","D:/Tudor/Master/Disertatie/ssm-mcu-asd-deploy/nucleo-h7s3l8-ssm-mamba-asd/Drivers/STM32H7RSxx_HAL_Driver/Src/stm32h7rsxx_hal_pwr_ex.c","669","HAL_PWREx_WKUP2_Callback","0","static"
"Drivers\STM32H7RSxx_HAL_Driver\stm32h7rsxx_hal_pwr_ex.su","D:/Tudor/Master/Disertatie/ssm-mcu-asd-deploy/nucleo-h7s3l8-ssm-mamba-asd/Drivers/STM32H7RSxx_HAL_Driver/Src/stm32h7rsxx_hal_pwr_ex.c","658","HAL_PWREx_WKUP1_Callback","0","static"
"Drivers\STM32H7RSxx_HAL_Driver\stm32h7rsxx_hal_pwr_ex.su","D:/Tudor/Master/Disertatie/ssm-mcu-asd-deploy/nucleo-h7s3l8-ssm-mamba-asd/Drivers/STM32H7RSxx_HAL_Driver/Src/stm32h7rsxx_hal_pwr_ex.c","411","HAL_PWREx_ControlStopModeVoltageScaling","0","static"
"Drivers\STM32H7RSxx_HAL_Driver\stm32h7rsxx_hal_pwr_ex.su","D:/Tudor/Master/Disertatie/ssm-mcu-asd-deploy/nucleo-h7s3l8-ssm-mamba-asd/Drivers/STM32H7RSxx_HAL_Driver/Src/stm32h7rsxx_hal_pwr_ex.c","395","HAL_PWREx_GetVoltageRange","0","static"
"Drivers\STM32H7RSxx_HAL_Driver\stm32h7rsxx_hal_pwr_ex.su","D:/Tudor/Master/Disertatie/ssm-mcu-asd-deploy/nucleo-h7s3l8-ssm-mamba-asd/Drivers/STM32H7RSxx_HAL_Driver/Src/stm32h7rsxx_hal_pwr_ex.c","426","HAL_PWREx_GetStopModeVoltageRange","0","static"
"Drivers\STM32H7RSxx_HAL_Driver\stm32h7rsxx_hal_pwr_ex.su","D:/Tudor/Master/Disertatie/ssm-mcu-asd-deploy/nucleo-h7s3l8-ssm-mamba-asd/Drivers/STM32H7RSxx_HAL_Driver/Src/stm32h7rsxx_hal_pwr_ex.c","500","HAL_PWREx_DisableFlashPowerDown","0","static"
"Drivers\STM32H7RSxx_HAL_Driver\stm32h7rsxx_hal_pwr_ex.su","D:/Tudor/Master/Disertatie/ssm-mcu-asd-deploy/nucleo-h7s3l8-ssm-mamba-asd/Drivers/STM32H7RSxx_HAL_Driver/Src/stm32h7rsxx_hal_pwr_ex.c","486","HAL_PWREx_EnableFlashPowerDown","0","static"
"Drivers\STM32H7RSxx_HAL_Driver\stm32h7rsxx_hal_pwr_ex.su","D:/Tudor/Master/Disertatie/ssm-mcu-asd-deploy/nucleo-h7s3l8-ssm-mamba-asd/Drivers/STM32H7RSxx_HAL_Driver/Src/stm32h7rsxx_hal_pwr_ex.c","922","HAL_PWREx_EnableUCPDStandbyMode","0","static"
"Drivers\STM32H7RSxx_HAL_Driver\stm32h7rsxx_hal_pwr_ex.su","D:/Tudor/Master/Disertatie/ssm-mcu-asd-deploy/nucleo-h7s3l8-ssm-mamba-asd/Drivers/STM32H7RSxx_HAL_Driver/Src/stm32h7rsxx_hal_pwr_ex.c","911","HAL_PWREx_DisableUSBHSregulator","0","static"
"Drivers\STM32H7RSxx_HAL_Driver\stm32h7rsxx_hal_pwr_ex.su","D:/Tudor/Master/Disertatie/ssm-mcu-asd-deploy/nucleo-h7s3l8-ssm-mamba-asd/Drivers/STM32H7RSxx_HAL_Driver/Src/stm32h7rsxx_hal_pwr_ex.c","934","HAL_PWREx_DisableUCPDStandbyMode","0","static"
"Drivers\STM32H7RSxx_HAL_Driver\stm32h7rsxx_hal_pwr_ex.su","D:/Tudor/Master/Disertatie/ssm-mcu-asd-deploy/nucleo-h7s3l8-ssm-mamba-asd/Drivers/STM32H7RSxx_HAL_Driver/Src/stm32h7rsxx_hal_pwr_ex.c","953","HAL_PWREx_DisableUCPDDeadBattery","0","static"
"Drivers\STM32H7RSxx_HAL_Driver\stm32h7rsxx_hal_pwr_ex.su","D:/Tudor/Master/Disertatie/ssm-mcu-asd-deploy/nucleo-h7s3l8-ssm-mamba-asd/Drivers/STM32H7RSxx_HAL_Driver/Src/stm32h7rsxx_hal_pwr_ex.c","943","HAL_PWREx_EnableUCPDDeadBattery","0","static"
"Drivers\STM32H7RSxx_HAL_Driver\stm32h7rsxx_hal_pwr_ex.su","D:/Tudor/Master/Disertatie/ssm-mcu-asd-deploy/nucleo-h7s3l8-ssm-mamba-asd/Drivers/STM32H7RSxx_HAL_Driver/Src/stm32h7rsxx_hal_pwr_ex.c","691","HAL_PWREx_WKUP4_Callback","0","static"
"Drivers\STM32H7RSxx_HAL_Driver\stm32h7rsxx_hal_pwr_ex.su","D:/Tudor/Master/Disertatie/ssm-mcu-asd-deploy/nucleo-h7s3l8-ssm-mamba-asd/Drivers/STM32H7RSxx_HAL_Driver/Src/stm32h7rsxx_hal_pwr_ex.c","680","HAL_PWREx_WKUP3_Callback","0","static"
"Drivers\STM32H7RSxx_HAL_Driver\stm32h7rsxx_hal_pwr_ex.su","D:/Tudor/Master/Disertatie/ssm-mcu-asd-deploy/nucleo-h7s3l8-ssm-mamba-asd/Drivers/STM32H7RSxx_HAL_Driver/Src/stm32h7rsxx_hal_pwr_ex.c","830","HAL_PWREx_EnableUSBReg","0","static"
"Drivers\STM32H7RSxx_HAL_Driver\stm32h7rsxx_hal_pwr_ex.su","D:/Tudor/Master/Disertatie/ssm-mcu-asd-deploy/nucleo-h7s3l8-ssm-mamba-asd/Drivers/STM32H7RSxx_HAL_Driver/Src/stm32h7rsxx_hal_pwr_ex.c","901","HAL_PWREx_EnableUSBHSregulator","0","static"
"Drivers\STM32H7RSxx_HAL_Driver\stm32h7rsxx_hal_pwr_ex.su","D:/Tudor/Master/Disertatie/ssm-mcu-asd-deploy/nucleo-h7s3l8-ssm-mamba-asd/Drivers/STM32H7RSxx_HAL_Driver/Src/stm32h7rsxx_hal_pwr_ex.c","840","HAL_PWREx_DisableUSBReg","0","static"
"Drivers\STM32H7RSxx_HAL_Driver\stm32h7rsxx_hal_pwr_ex.su","D:/Tudor/Master/Disertatie/ssm-mcu-asd-deploy/nucleo-h7s3l8-ssm-mamba-asd/Drivers/STM32H7RSxx_HAL_Driver/Src/stm32h7rsxx_hal_pwr_ex.c","1513","HAL_PWREx_EnableGPIOPullDown","0","static"
"Drivers\STM32H7RSxx_HAL_Driver\stm32h7rsxx_hal_uart.su","D:/Tudor/Master/Disertatie/ssm-mcu-asd-deploy/nucleo-h7s3l8-ssm-mamba-asd/Drivers/STM32H7RSxx_HAL_Driver/Src/stm32h7rsxx_hal_uart.c","2690","HAL_UART_TxHalfCpltCallback","0","static"
"Drivers\STM32H7RSxx_HAL_Driver\stm32h7rsxx_hal_uart.su","D:/Tudor/Master/Disertatie/ssm-mcu-asd-deploy/nucleo-h7s3l8-ssm-mamba-asd/Drivers/STM32H7RSxx_HAL_Driver/Src/stm32h7rsxx_hal_uart.c","2675","HAL_UART_TxCpltCallback","0","static"
"Drivers\STM32H7RSxx_HAL_Driver\stm32h7rsxx_hal_uart.su","D:/Tudor/Master/Disertatie/ssm-mcu-asd-deploy/nucleo-h7s3l8-ssm-mamba-asd/Drivers/STM32H7RSxx_HAL_Driver/Src/stm32h7rsxx_hal_uart.c","2705","HAL_UART_RxCpltCallback","0","static"
"Drivers\STM32H7RSxx_HAL_Driver\stm32h7rsxx_hal_uart.su","D:/Tudor/Master/Disertatie/ssm-mcu-asd-deploy/nucleo-h7s3l8-ssm-mamba-asd/Drivers/STM32H7RSxx_HAL_Driver/Src/stm32h7rsxx_hal_uart.c","2735","HAL_UART_ErrorCallback","0","static"
"Drivers\STM32H7RSxx_HAL_Driver\stm32h7rsxx_hal_uart.su","D:/Tudor/Master/Disertatie/ssm-mcu-asd-deploy/nucleo-h7s3l8-ssm-mamba-asd/Drivers/STM32H7RSxx_HAL_Driver/Src/stm32h7rsxx_hal_uart.c","2720","HAL_UART_RxHalfCpltCallback","0","static"
"Drivers\STM32H7RSxx_HAL_Driver\stm32h7rsxx_hal_uart.su","D:/Tudor/Master/Disertatie/ssm-mcu-asd-deploy/nucleo-h7s3l8-ssm-mamba-asd/Drivers/STM32H7RSxx_HAL_Driver/Src/stm32h7rsxx_hal_uart.c","4260","UART_TxISR_16BIT","0","static,ignoring_inline_asm"
"Drivers\STM32H7RSxx_HAL_Driver\stm32h7rsxx_hal_rcc_ex.su","D:/Tudor/Master/Disertatie/ssm-mcu-asd-deploy/nucleo-h7s3l8-ssm-mamba-asd/Drivers/STM32H7RSxx_HAL_Driver/Src/stm32h7rsxx_hal_rcc_ex.c","3161","HAL_RCCEx_CRS_ErrorCallback","0","static"
"Drivers\STM32H7RSxx_HAL_Driver\stm32h7rsxx_hal_uart.su","D:/Tudor/Master/Disertatie/ssm-mcu-asd-deploy/nucleo-h7s3l8-ssm-mamba-asd/Drivers/STM32H7RSxx_HAL_Driver/Src/stm32h7rsxx_hal_uart.c","4231","UART_TxISR_8BIT","0","static,ignoring_inline_asm"
"Drivers\STM32H7RSxx_HAL_Driver\stm32h7rsxx_hal_uart.su","D:/Tudor/Master/Disertatie/ssm-mcu-asd-deploy/nucleo-h7s3l8-ssm-mamba-asd/Drivers/STM32H7RSxx_HAL_Driver/Src/stm32h7rsxx_hal_uart.c","696","HAL_UART_MspDeInit","0","static"
"Drivers\STM32H7RSxx_HAL_Driver\stm32h7rsxx_hal_uart.su","D:/Tudor/Master/Disertatie/ssm-mcu-asd-deploy/nucleo-h7s3l8-ssm-mamba-asd/Drivers/STM32H7RSxx_HAL_Driver/Src/stm32h7rsxx_hal_uart.c","681","HAL_UART_MspInit","0","static"
"Drivers\STM32H7RSxx_HAL_Driver\stm32h7rsxx_hal_uart.su","D:/Tudor/Master/Disertatie/ssm-mcu-asd-deploy/nucleo-h7s3l8-ssm-mamba-asd/Drivers/STM32H7RSxx_HAL_Driver/Src/stm32h7rsxx_hal_uart.c","2898","HAL_UART_DisableReceiverTimeout","0","static"
"Drivers\STM32H7RSxx_HAL_Driver\stm32h7rsxx_hal_uart.su","D:/Tudor/Master/Disertatie/ssm-mcu-asd-deploy/nucleo-h7s3l8-ssm-mamba-asd/Drivers/STM32H7RSxx_HAL_Driver/Src/stm32h7rsxx_hal_uart.c","2860","HAL_UART_EnableReceiverTimeout","0","static"
"Drivers\STM32H7RSxx_HAL_Driver\stm32h7rsxx_hal_uart.su","D:/Tudor/Master/Disertatie/ssm-mcu-asd-deploy/nucleo-h7s3l8-ssm-mamba-asd/Drivers/STM32H7RSxx_HAL_Driver/Src/stm32h7rsxx_hal_uart.c","2976","HAL_MultiProcessor_EnterMuteMode","0","static"
"Drivers\STM32H7RSxx_HAL_Driver\stm32h7rsxx_hal_uart.su","D:/Tudor/Master/Disertatie/ssm-mcu-asd-deploy/nucleo-h7s3l8-ssm-mamba-asd/Drivers/STM32H7RSxx_HAL_Driver/Src/stm32h7rsxx_hal_uart.c","3009","HAL_HalfDuplex_EnableReceiver","0","static,ignoring_inline_asm"
"Drivers\STM32H7RSxx_HAL_Driver\stm32h7rsxx_hal_uart.su","D:/Tudor/Master/Disertatie/ssm-mcu-asd-deploy/nucleo-h7s3l8-ssm-mamba-asd/Drivers/STM32H7RSxx_HAL_Driver/Src/stm32h7rsxx_hal_uart.c","2986","HAL_HalfDuplex_EnableTransmitter","0","static,ignoring_inline_asm"
"Drivers\STM32H7RSxx_HAL_Driver\stm32h7rsxx_hal_uart.su","D:/Tudor/Master/Disertatie/ssm-mcu-asd-deploy/nucleo-h7s3l8-ssm-mamba-asd/Drivers/STM32H7RSxx_HAL_Driver/Src/stm32h7rsxx_hal_uart.c","2765","HAL_UART_AbortTransmitCpltCallback","0","static"
"Drivers\STM32H7RSxx_HAL_Driver\stm32h7rsxx_hal_uart.su","D:/Tudor/Master/Disertatie/ssm-mcu-asd-deploy/nucleo-h7s3l8-ssm-mamba-asd/Drivers/STM32H7RSxx_HAL_Driver/Src/stm32h7rsxx_hal_uart.c","2750","HAL_UART_AbortCpltCallback","0","static"
"Drivers\STM32H7RSxx_HAL_Driver\stm32h7rsxx_hal_uart.su","D:/Tudor/Master/Disertatie/ssm-mcu-asd-deploy/nucleo-h7s3l8-ssm-mamba-asd/Drivers/STM32H7RSxx_HAL_Driver/Src/stm32h7rsxx_hal_uart.c","2780","HAL_UART_AbortReceiveCpltCallback","0","static"
"Drivers\STM32H7RSxx_HAL_Driver\stm32h7rsxx_hal_uart.su","D:/Tudor/Master/Disertatie/ssm-mcu-asd-deploy/nucleo-h7s3l8-ssm-mamba-asd/Drivers/STM32H7RSxx_HAL_Driver/Src/stm32h7rsxx_hal_uart.c","2845","HAL_UART_ReceiverTimeout_Config","0","static"
"Drivers\STM32H7RSxx_HAL_Driver\stm32h7rsxx_hal_uart.su","D:/Tudor/Master/Disertatie/ssm-mcu-asd-deploy/nucleo-h7s3l8-ssm-mamba-asd/Drivers/STM32H7RSxx_HAL_Driver/Src/stm32h7rsxx_hal_uart.c","2797","HAL_UARTEx_RxEventCallback","0","static"
"Drivers\STM32H7RSxx_HAL_Driver\stm32h7rsxx_hal_rcc_ex.su","D:/Tudor/Master/Disertatie/ssm-mcu-asd-deploy/nucleo-h7s3l8-ssm-mamba-asd/Drivers/STM32H7RSxx_HAL_Driver/Src/stm32h7rsxx_hal_rcc_ex.c","3145","HAL_RCCEx_CRS_ExpectedSyncCallback","0","static"
"Drivers\STM32H7RSxx_HAL_Driver\stm32h7rsxx_hal_rcc_ex.su","D:/Tudor/Master/Disertatie/ssm-mcu-asd-deploy/nucleo-h7s3l8-ssm-mamba-asd/Drivers/STM32H7RSxx_HAL_Driver/Src/stm32h7rsxx_hal_rcc_ex.c","3184","RCC_GetCLKPFreq","0","static"
"Drivers\STM32H7RSxx_HAL_Driver\stm32h7rsxx_hal_rcc.su","D:/Tudor/Master/Disertatie/ssm-mcu-asd-deploy/nucleo-h7s3l8-ssm-mamba-asd/Drivers/STM32H7RSxx_HAL_Driver/Src/stm32h7rsxx_hal_rcc.c","1909","HAL_RCC_GetResetSource","0","static"
"Drivers\STM32H7RSxx_HAL_Driver\stm32h7rsxx_hal_rcc_ex.su","D:/Tudor/Master/Disertatie/ssm-mcu-asd-deploy/nucleo-h7s3l8-ssm-mamba-asd/Drivers/STM32H7RSxx_HAL_Driver/Src/stm32h7rsxx_hal_rcc_ex.c","1404","HAL_RCCEx_GetPeriphCLKConfig","0","static"
"Drivers\STM32H7RSxx_HAL_Driver\stm32h7rsxx_hal_rcc_ex.su","D:/Tudor/Master/Disertatie/ssm-mcu-asd-deploy/nucleo-h7s3l8-ssm-mamba-asd/Drivers/STM32H7RSxx_HAL_Driver/Src/stm32h7rsxx_hal_rcc_ex.c","2697","HAL_RCCEx_DisableClockProtection","0","static"
"Drivers\STM32H7RSxx_HAL_Driver\stm32h7rsxx_hal_rcc_ex.su","D:/Tudor/Master/Disertatie/ssm-mcu-asd-deploy/nucleo-h7s3l8-ssm-mamba-asd/Drivers/STM32H7RSxx_HAL_Driver/Src/stm32h7rsxx_hal_rcc_ex.c","2681","HAL_RCCEx_EnableClockProtection","0","static"
"Drivers\STM32H7RSxx_HAL_Driver\stm32h7rsxx_hal_rcc.su","D:/Tudor/Master/Disertatie/ssm-mcu-asd-deploy/nucleo-h7s3l8-ssm-mamba-asd/Drivers/STM32H7RSxx_HAL_Driver/Src/stm32h7rsxx_hal_rcc.c","1200","HAL_RCC_EnableCSS","0","static"
"Drivers\STM32H7RSxx_HAL_Driver\stm32h7rsxx_hal_pwr_ex.su","D:/Tudor/Master/Disertatie/ssm-mcu-asd-deploy/nucleo-h7s3l8-ssm-mamba-asd/Drivers/STM32H7RSxx_HAL_Driver/Src/stm32h7rsxx_hal_pwr_ex.c","1555","HAL_PWREx_DisableGPIOPullDown","0","static"
"Drivers\STM32H7RSxx_HAL_Driver\stm32h7rsxx_hal_rcc.su","D:/Tudor/Master/Disertatie/ssm-mcu-asd-deploy/nucleo-h7s3l8-ssm-mamba-asd/Drivers/STM32H7RSxx_HAL_Driver/Src/stm32h7rsxx_hal_rcc.c","1209","HAL_RCC_DisableCSS","0","static"
"Drivers\STM32H7RSxx_HAL_Driver\stm32h7rsxx_hal_rcc.su","D:/Tudor/Master/Disertatie/ssm-mcu-asd-deploy/nucleo-h7s3l8-ssm-mamba-asd/Drivers/STM32H7RSxx_HAL_Driver/Src/stm32h7rsxx_hal_rcc.c","1896","HAL_RCC_LSECSSCallback","0","static"
"Drivers\STM32H7RSxx_HAL_Driver\stm32h7rsxx_hal_rcc.su","D:/Tudor/Master/Disertatie/ssm-mcu-asd-deploy/nucleo-h7s3l8-ssm-mamba-asd/Drivers/STM32H7RSxx_HAL_Driver/Src/stm32h7rsxx_hal_rcc.c","1885","HAL_RCC_HSECSSCallback","0","static"
"Drivers\STM32H7RSxx_HAL_Driver\stm32h7rsxx_hal_rcc_ex.su","D:/Tudor/Master/Disertatie/ssm-mcu-asd-deploy/nucleo-h7s3l8-ssm-mamba-asd/Drivers/STM32H7RSxx_HAL_Driver/Src/stm32h7rsxx_hal_rcc_ex.c","2932","HAL_RCCEx_CRSSoftwareSynchronizationGenerate","0","static"
"Drivers\STM32H7RSxx_HAL_Driver\stm32h7rsxx_hal_rcc_ex.su","D:/Tudor/Master/Disertatie/ssm-mcu-asd-deploy/nucleo-h7s3l8-ssm-mamba-asd/Drivers/STM32H7RSxx_HAL_Driver/Src/stm32h7rsxx_hal_rcc_ex.c","2810","HAL_RCCEx_LSECSS_Callback","0","static"
"Drivers\STM32H7RSxx_HAL_Driver\stm32h7rsxx_hal_rcc_ex.su","D:/Tudor/Master/Disertatie/ssm-mcu-asd-deploy/nucleo-h7s3l8-ssm-mamba-asd/Drivers/STM32H7RSxx_HAL_Driver/Src/stm32h7rsxx_hal_rcc_ex.c","2942","HAL_RCCEx_CRSGetSynchronizationInfo","0","static"
"Drivers\STM32H7RSxx_HAL_Driver\stm32h7rsxx_hal_rcc_ex.su","D:/Tudor/Master/Disertatie/ssm-mcu-asd-deploy/nucleo-h7s3l8-ssm-mamba-asd/Drivers/STM32H7RSxx_HAL_Driver/Src/stm32h7rsxx_hal_rcc_ex.c","3134","HAL_RCCEx_CRS_SyncWarnCallback","0","static"
"Drivers\STM32H7RSxx_HAL_Driver\stm32h7rsxx_hal_rcc_ex.su","D:/Tudor/Master/Disertatie/ssm-mcu-asd-deploy/nucleo-h7s3l8-ssm-mamba-asd/Drivers/STM32H7RSxx_HAL_Driver/Src/stm32h7rsxx_hal_rcc_ex.c","3123","HAL_RCCEx_CRS_SyncOkCallback","0","static"
"Drivers\STM32H7RSxx_HAL_Driver\stm32h7rsxx_hal_rcc_ex.su","D:/Tudor/Master/Disertatie/ssm-mcu-asd-deploy/nucleo-h7s3l8-ssm-mamba-asd/Drivers/STM32H7RSxx_HAL_Driver/Src/stm32h7rsxx_hal_rcc_ex.c","2732","HAL_RCCEx_DisableLSECSS","0","static"
"Drivers\STM32H7RSxx_HAL_Driver\stm32h7rsxx_hal_rcc_ex.su","D:/Tudor/Master/Disertatie/ssm-mcu-asd-deploy/nucleo-h7s3l8-ssm-mamba-asd/Drivers/STM32H7RSxx_HAL_Driver/Src/stm32h7rsxx_hal_rcc_ex.c","2721","HAL_RCCEx_EnableLSECSS","0","static"
"Drivers\STM32H7RSxx_HAL_Driver\stm32h7rsxx_hal_rcc_ex.su","D:/Tudor/Master/Disertatie/ssm-mcu-asd-deploy/nucleo-h7s3l8-ssm-mamba-asd/Drivers/STM32H7RSxx_HAL_Driver/Src/stm32h7rsxx_hal_rcc_ex.c","2744","HAL_RCCEx_EnableLSECSS_IT","0","static"
"Drivers\STM32H7RSxx_HAL_Driver\stm32h7rsxx_hal_rcc_ex.su","D:/Tudor/Master/Disertatie/ssm-mcu-asd-deploy/nucleo-h7s3l8-ssm-mamba-asd/Drivers/STM32H7RSxx_HAL_Driver/Src/stm32h7rsxx_hal_rcc_ex.c","2782","HAL_RCCEx_KerWakeUpStopCLKConfig","0","static"
"Drivers\STM32H7RSxx_HAL_Driver\stm32h7rsxx_hal_rcc_ex.su","D:/Tudor/Master/Disertatie/ssm-mcu-asd-deploy/nucleo-h7s3l8-ssm-mamba-asd/Drivers/STM32H7RSxx_HAL_Driver/Src/stm32h7rsxx_hal_rcc_ex.c","2767","HAL_RCCEx_WakeUpStopCLKConfig","0","static"
