config_name,model_hash,held_out_case,d_state,n_layers,expand,selective,discretization,check,unit,metric,value
584eb86deba0.yaml,4f3ffab6e66e,1,32,4,2,True,zoh,zero_state,[0:32],real_loss,0.0322317890822887
584eb86deba0.yaml,4f3ffab6e66e,1,32,4,2,True,zoh,zero_state,[0:32],zeroed_loss,0.2411909103393554
584eb86deba0.yaml,4f3ffab6e66e,1,32,4,2,True,zoh,zero_state,[0:32],persistence,0.0707615911960601
584eb86deba0.yaml,4f3ffab6e66e,1,32,4,2,True,zoh,zero_state,[0:32],skill_real,0.5445016351740359
584eb86deba0.yaml,4f3ffab6e66e,1,32,4,2,True,zoh,zero_state,[0:32],skill_zeroed,-2.408500377995801
584eb86deba0.yaml,4f3ffab6e66e,1,32,4,2,True,zoh,zero_state,[0:32],state_contribution,2.953002013169837
584eb86deba0.yaml,4f3ffab6e66e,1,32,4,2,True,zoh,zero_state,[256:288],real_loss,0.0318258516490459
584eb86deba0.yaml,4f3ffab6e66e,1,32,4,2,True,zoh,zero_state,[256:288],zeroed_loss,0.2385232001543045
584eb86deba0.yaml,4f3ffab6e66e,1,32,4,2,True,zoh,zero_state,[256:288],persistence,0.0682168453931808
584eb86deba0.yaml,4f3ffab6e66e,1,32,4,2,True,zoh,zero_state,[256:288],skill_real,0.533460518943502
584eb86deba0.yaml,4f3ffab6e66e,1,32,4,2,True,zoh,zero_state,[256:288],skill_zeroed,-2.4965439808822936
584eb86deba0.yaml,4f3ffab6e66e,1,32,4,2,True,zoh,zero_state,[256:288],state_contribution,3.030004499825796
584eb86deba0.yaml,4f3ffab6e66e,1,32,4,2,True,zoh,zero_state,[288:320],real_loss,0.0326246246695518
584eb86deba0.yaml,4f3ffab6e66e,1,32,4,2,True,zoh,zero_state,[288:320],zeroed_loss,0.2384953647851944
584eb86deba0.yaml,4f3ffab6e66e,1,32,4,2,True,zoh,zero_state,[288:320],persistence,0.0715298652648925
584eb86deba0.yaml,4f3ffab6e66e,1,32,4,2,True,zoh,zero_state,[288:320],skill_real,0.5439020533767973
584eb86deba0.yaml,4f3ffab6e66e,1,32,4,2,True,zoh,zero_state,[288:320],skill_zeroed,-2.3342068225906445
584eb86deba0.yaml,4f3ffab6e66e,1,32,4,2,True,zoh,zero_state,[288:320],state_contribution,2.878108875967442
584eb86deba0.yaml,4f3ffab6e66e,1,32,4,2,True,zoh,half_life,layer0,min_ms,0.8027466535568237
584eb86deba0.yaml,4f3ffab6e66e,1,32,4,2,True,zoh,half_life,layer0,max_ms,406.00384521484375
584eb86deba0.yaml,4f3ffab6e66e,1,32,4,2,True,zoh,half_life,layer0,median_ms,2.489649534225464
584eb86deba0.yaml,4f3ffab6e66e,1,32,4,2,True,zoh,half_life,layer0,mean_ms,6.774443626403809
584eb86deba0.yaml,4f3ffab6e66e,1,32,4,2,True,zoh,half_life,layer0,std_ms,16.966472625732422
584eb86deba0.yaml,4f3ffab6e66e,1,32,4,2,True,zoh,half_life,layer0,frac_below_conv_window,0.996826171875
584eb86deba0.yaml,4f3ffab6e66e,1,32,4,2,True,zoh,half_life,layer1,min_ms,0.8027466535568237
584eb86deba0.yaml,4f3ffab6e66e,1,32,4,2,True,zoh,half_life,layer1,max_ms,168.05931091308594
584eb86deba0.yaml,4f3ffab6e66e,1,32,4,2,True,zoh,half_life,layer1,median_ms,3.2188925743103027
584eb86deba0.yaml,4f3ffab6e66e,1,32,4,2,True,zoh,half_life,layer1,mean_ms,7.124038219451904
584eb86deba0.yaml,4f3ffab6e66e,1,32,4,2,True,zoh,half_life,layer1,std_ms,12.885038375854492
584eb86deba0.yaml,4f3ffab6e66e,1,32,4,2,True,zoh,half_life,layer1,frac_below_conv_window,0.998779296875
584eb86deba0.yaml,4f3ffab6e66e,1,32,4,2,True,zoh,half_life,layer2,min_ms,0.8027466535568237
584eb86deba0.yaml,4f3ffab6e66e,1,32,4,2,True,zoh,half_life,layer2,max_ms,817.9664916992188
584eb86deba0.yaml,4f3ffab6e66e,1,32,4,2,True,zoh,half_life,layer2,median_ms,7.134165287017822
584eb86deba0.yaml,4f3ffab6e66e,1,32,4,2,True,zoh,half_life,layer2,mean_ms,17.827770233154297
584eb86deba0.yaml,4f3ffab6e66e,1,32,4,2,True,zoh,half_life,layer2,std_ms,38.847633361816406
584eb86deba0.yaml,4f3ffab6e66e,1,32,4,2,True,zoh,half_life,layer2,frac_below_conv_window,0.978515625
584eb86deba0.yaml,4f3ffab6e66e,1,32,4,2,True,zoh,half_life,layer3,min_ms,0.8027466535568237
584eb86deba0.yaml,4f3ffab6e66e,1,32,4,2,True,zoh,half_life,layer3,max_ms,1944.403564453125
584eb86deba0.yaml,4f3ffab6e66e,1,32,4,2,True,zoh,half_life,layer3,median_ms,7.232625007629394
584eb86deba0.yaml,4f3ffab6e66e,1,32,4,2,True,zoh,half_life,layer3,mean_ms,29.036401748657227
584eb86deba0.yaml,4f3ffab6e66e,1,32,4,2,True,zoh,half_life,layer3,std_ms,89.85271453857422
584eb86deba0.yaml,4f3ffab6e66e,1,32,4,2,True,zoh,half_life,layer3,frac_below_conv_window,0.959228515625
584eb86deba0.yaml,ec6602b5742c,2,32,4,2,True,zoh,zero_state,[0:32],real_loss,0.03030826151371
584eb86deba0.yaml,ec6602b5742c,2,32,4,2,True,zoh,zero_state,[0:32],zeroed_loss,0.2567755281925201
584eb86deba0.yaml,ec6602b5742c,2,32,4,2,True,zoh,zero_state,[0:32],persistence,0.065912015736103
584eb86deba0.yaml,ec6602b5742c,2,32,4,2,True,zoh,zero_state,[0:32],skill_real,0.5401709206549302
584eb86deba0.yaml,ec6602b5742c,2,32,4,2,True,zoh,zero_state,[0:32],skill_zeroed,-2.895731686019008
584eb86deba0.yaml,ec6602b5742c,2,32,4,2,True,zoh,zero_state,[0:32],state_contribution,3.435902606673938
584eb86deba0.yaml,ec6602b5742c,2,32,4,2,True,zoh,zero_state,[256:288],real_loss,0.0297829583287239
584eb86deba0.yaml,ec6602b5742c,2,32,4,2,True,zoh,zero_state,[256:288],zeroed_loss,0.2714230716228485
584eb86deba0.yaml,ec6602b5742c,2,32,4,2,True,zoh,zero_state,[256:288],persistence,0.0646072551608085
584eb86deba0.yaml,ec6602b5742c,2,32,4,2,True,zoh,zero_state,[256:288],skill_real,0.5390152660936668
584eb86deba0.yaml,ec6602b5742c,2,32,4,2,True,zoh,zero_state,[256:288],skill_zeroed,-3.2011237119929
584eb86deba0.yaml,ec6602b5742c,2,32,4,2,True,zoh,zero_state,[256:288],state_contribution,3.740138978086567
584eb86deba0.yaml,ec6602b5742c,2,32,4,2,True,zoh,zero_state,[288:320],real_loss,0.0298472810536623
584eb86deba0.yaml,ec6602b5742c,2,32,4,2,True,zoh,zero_state,[288:320],zeroed_loss,0.2850680947303772
584eb86deba0.yaml,ec6602b5742c,2,32,4,2,True,zoh,zero_state,[288:320],persistence,0.067034013569355
584eb86deba0.yaml,ec6602b5742c,2,32,4,2,True,zoh,zero_state,[288:320],skill_real,0.554744234092718
584eb86deba0.yaml,ec6602b5742c,2,32,4,2,True,zoh,zero_state,[288:320],skill_zeroed,-3.252588791143154
584eb86deba0.yaml,ec6602b5742c,2,32,4,2,True,zoh,zero_state,[288:320],state_contribution,3.807333025235872
584eb86deba0.yaml,ec6602b5742c,2,32,4,2,True,zoh,half_life,layer0,min_ms,0.8027466535568237
584eb86deba0.yaml,ec6602b5742c,2,32,4,2,True,zoh,half_life,layer0,max_ms,522.2598876953125
584eb86deba0.yaml,ec6602b5742c,2,32,4,2,True,zoh,half_life,layer0,median_ms,3.385631561279297
584eb86deba0.yaml,ec6602b5742c,2,32,4,2,True,zoh,half_life,layer0,mean_ms,10.063485145568848
584eb86deba0.yaml,ec6602b5742c,2,32,4,2,True,zoh,half_life,layer0,std_ms,26.14241600036621
584eb86deba0.yaml,ec6602b5742c,2,32,4,2,True,zoh,half_life,layer0,frac_below_conv_window,0.991455078125
584eb86deba0.yaml,ec6602b5742c,2,32,4,2,True,zoh,half_life,layer1,min_ms,0.8027466535568237
584eb86deba0.yaml,ec6602b5742c,2,32,4,2,True,zoh,half_life,layer1,max_ms,668.360107421875
584eb86deba0.yaml,ec6602b5742c,2,32,4,2,True,zoh,half_life,layer1,median_ms,5.367399215698242
584eb86deba0.yaml,ec6602b5742c,2,32,4,2,True,zoh,half_life,layer1,mean_ms,14.044836044311523
584eb86deba0.yaml,ec6602b5742c,2,32,4,2,True,zoh,half_life,layer1,std_ms,31.953508377075195
584eb86deba0.yaml,ec6602b5742c,2,32,4,2,True,zoh,half_life,layer1,frac_below_conv_window,0.987060546875
584eb86deba0.yaml,ec6602b5742c,2,32,4,2,True,zoh,half_life,layer2,min_ms,0.8027466535568237
584eb86deba0.yaml,ec6602b5742c,2,32,4,2,True,zoh,half_life,layer2,max_ms,155.37200927734375
584eb86deba0.yaml,ec6602b5742c,2,32,4,2,True,zoh,half_life,layer2,median_ms,2.780613422393799
584eb86deba0.yaml,ec6602b5742c,2,32,4,2,True,zoh,half_life,layer2,mean_ms,6.262765884399414
584eb86deba0.yaml,ec6602b5742c,2,32,4,2,True,zoh,half_life,layer2,std_ms,11.769061088562012
584eb86deba0.yaml,ec6602b5742c,2,32,4,2,True,zoh,half_life,layer2,frac_below_conv_window,0.999267578125
584eb86deba0.yaml,ec6602b5742c,2,32,4,2,True,zoh,half_life,layer3,min_ms,0.8027466535568237
584eb86deba0.yaml,ec6602b5742c,2,32,4,2,True,zoh,half_life,layer3,max_ms,4485.0771484375
584eb86deba0.yaml,ec6602b5742c,2,32,4,2,True,zoh,half_life,layer3,median_ms,8.309296607971191
584eb86deba0.yaml,ec6602b5742c,2,32,4,2,True,zoh,half_life,layer3,mean_ms,38.10691833496094
584eb86deba0.yaml,ec6602b5742c,2,32,4,2,True,zoh,half_life,layer3,std_ms,148.70419311523438
584eb86deba0.yaml,ec6602b5742c,2,32,4,2,True,zoh,half_life,layer3,frac_below_conv_window,0.9423828125
584eb86deba0.yaml,554da113910d,3,32,4,2,True,zoh,zero_state,[0:32],real_loss,0.0336028151214122
584eb86deba0.yaml,554da113910d,3,32,4,2,True,zoh,zero_state,[0:32],zeroed_loss,0.241742268204689
584eb86deba0.yaml,554da113910d,3,32,4,2,True,zoh,zero_state,[0:32],persistence,0.0732560604810714
584eb86deba0.yaml,554da113910d,3,32,4,2,True,zoh,zero_state,[0:32],skill_real,0.5412964483655949
584eb86deba0.yaml,554da113910d,3,32,4,2,True,zoh,zero_state,[0:32],skill_zeroed,-2.299962714581853
584eb86deba0.yaml,554da113910d,3,32,4,2,True,zoh,zero_state,[0:32],state_contribution,2.841259162947448
584eb86deba0.yaml,554da113910d,3,32,4,2,True,zoh,zero_state,[256:288],real_loss,0.0337070263922214
584eb86deba0.yaml,554da113910d,3,32,4,2,True,zoh,zero_state,[256:288],zeroed_loss,0.2504747211933136
584eb86deba0.yaml,554da113910d,3,32,4,2,True,zoh,zero_state,[256:288],persistence,0.0739723965525627
584eb86deba0.yaml,554da113910d,3,32,4,2,True,zoh,zero_state,[256:288],skill_real,0.5443296694021509
584eb86deba0.yaml,554da113910d,3,32,4,2,True,zoh,zero_state,[256:288],skill_zeroed,-2.3860565949804435
584eb86deba0.yaml,554da113910d,3,32,4,2,True,zoh,zero_state,[256:288],state_contribution,2.9303862643825944
584eb86deba0.yaml,554da113910d,3,32,4,2,True,zoh,zero_state,[288:320],real_loss,0.0335357598960399
584eb86deba0.yaml,554da113910d,3,32,4,2,True,zoh,zero_state,[288:320],zeroed_loss,0.258515864610672
584eb86deba0.yaml,554da113910d,3,32,4,2,True,zoh,zero_state,[288:320],persistence,0.0725245773792266
584eb86deba0.yaml,554da113910d,3,32,4,2,True,zoh,zero_state,[288:320],skill_real,0.537594549214903
584eb86deba0.yaml,554da113910d,3,32,4,2,True,zoh,zero_state,[288:320],skill_zeroed,-2.56452769464492
584eb86deba0.yaml,554da113910d,3,32,4,2,True,zoh,zero_state,[288:320],state_contribution,3.1021222438598226
584eb86deba0.yaml,554da113910d,3,32,4,2,True,zoh,half_life,layer0,min_ms,0.8027466535568237
584eb86deba0.yaml,554da113910d,3,32,4,2,True,zoh,half_life,layer0,max_ms,583.9151000976562
584eb86deba0.yaml,554da113910d,3,32,4,2,True,zoh,half_life,layer0,median_ms,3.9482192993164062
584eb86deba0.yaml,554da113910d,3,32,4,2,True,zoh,half_life,layer0,mean_ms,9.964319229125977
584eb86deba0.yaml,554da113910d,3,32,4,2,True,zoh,half_life,layer0,std_ms,23.582876205444336
584eb86deba0.yaml,554da113910d,3,32,4,2,True,zoh,half_life,layer0,frac_below_conv_window,0.9931640625
584eb86deba0.yaml,554da113910d,3,32,4,2,True,zoh,half_life,layer1,min_ms,0.8027466535568237
584eb86deba0.yaml,554da113910d,3,32,4,2,True,zoh,half_life,layer1,max_ms,1030.0013427734375
584eb86deba0.yaml,554da113910d,3,32,4,2,True,zoh,half_life,layer1,median_ms,3.8392467498779297
584eb86deba0.yaml,554da113910d,3,32,4,2,True,zoh,half_life,layer1,mean_ms,10.462902069091797
584eb86deba0.yaml,554da113910d,3,32,4,2,True,zoh,half_life,layer1,std_ms,30.122636795043945
584eb86deba0.yaml,554da113910d,3,32,4,2,True,zoh,half_life,layer1,frac_below_conv_window,0.9931640625
584eb86deba0.yaml,554da113910d,3,32,4,2,True,zoh,half_life,layer2,min_ms,0.8027466535568237
584eb86deba0.yaml,554da113910d,3,32,4,2,True,zoh,half_life,layer2,max_ms,172.82070922851562
584eb86deba0.yaml,554da113910d,3,32,4,2,True,zoh,half_life,layer2,median_ms,3.3649253845214844
584eb86deba0.yaml,554da113910d,3,32,4,2,True,zoh,half_life,layer2,mean_ms,7.514036655426025
584eb86deba0.yaml,554da113910d,3,32,4,2,True,zoh,half_life,layer2,std_ms,13.869314193725586
584eb86deba0.yaml,554da113910d,3,32,4,2,True,zoh,half_life,layer2,frac_below_conv_window,0.998779296875
584eb86deba0.yaml,554da113910d,3,32,4,2,True,zoh,half_life,layer3,min_ms,0.8027466535568237
584eb86deba0.yaml,554da113910d,3,32,4,2,True,zoh,half_life,layer3,max_ms,1108.6348876953125
584eb86deba0.yaml,554da113910d,3,32,4,2,True,zoh,half_life,layer3,median_ms,8.101802825927734
584eb86deba0.yaml,554da113910d,3,32,4,2,True,zoh,half_life,layer3,mean_ms,20.71765899658203
584eb86deba0.yaml,554da113910d,3,32,4,2,True,zoh,half_life,layer3,std_ms,47.84834289550781
584eb86deba0.yaml,554da113910d,3,32,4,2,True,zoh,half_life,layer3,frac_below_conv_window,0.972900390625
584eb86deba0.yaml,8ffeae10cff6,4,32,4,2,True,zoh,zero_state,[0:32],real_loss,0.0345939882099628
584eb86deba0.yaml,8ffeae10cff6,4,32,4,2,True,zoh,zero_state,[0:32],zeroed_loss,0.2661008536815643
584eb86deba0.yaml,8ffeae10cff6,4,32,4,2,True,zoh,zero_state,[0:32],persistence,0.0745508670806884
584eb86deba0.yaml,8ffeae10cff6,4,32,4,2,True,zoh,zero_state,[0:32],skill_real,0.5359679965556832
584eb86deba0.yaml,8ffeae10cff6,4,32,4,2,True,zoh,zero_state,[0:32],skill_zeroed,-2.569386435084061
584eb86deba0.yaml,8ffeae10cff6,4,32,4,2,True,zoh,zero_state,[0:32],state_contribution,3.105354431639744
584eb86deba0.yaml,8ffeae10cff6,4,32,4,2,True,zoh,zero_state,[256:288],real_loss,0.0342736430466175
584eb86deba0.yaml,8ffeae10cff6,4,32,4,2,True,zoh,zero_state,[256:288],zeroed_loss,0.2764067947864532
584eb86deba0.yaml,8ffeae10cff6,4,32,4,2,True,zoh,zero_state,[256:288],persistence,0.0759524554014206
584eb86deba0.yaml,8ffeae10cff6,4,32,4,2,True,zoh,zero_state,[256:288],skill_real,0.5487487156869919
584eb86deba0.yaml,8ffeae10cff6,4,32,4,2,True,zoh,zero_state,[256:288],skill_zeroed,-2.6392081510150023
584eb86deba0.yaml,8ffeae10cff6,4,32,4,2,True,zoh,zero_state,[256:288],state_contribution,3.1879568667019944
584eb86deba0.yaml,8ffeae10cff6,4,32,4,2,True,zoh,zero_state,[288:320],real_loss,0.0348827056586742
584eb86deba0.yaml,8ffeae10cff6,4,32,4,2,True,zoh,zero_state,[288:320],zeroed_loss,0.2818089723587036
584eb86deba0.yaml,8ffeae10cff6,4,32,4,2,True,zoh,zero_state,[288:320],persistence,0.0749291852116584
584eb86deba0.yaml,8ffeae10cff6,4,32,4,2,True,zoh,zero_state,[288:320],skill_real,0.5344576941529757
584eb86deba0.yaml,8ffeae10cff6,4,32,4,2,True,zoh,zero_state,[288:320],skill_zeroed,-2.7610040942345124
584eb86deba0.yaml,8ffeae10cff6,4,32,4,2,True,zoh,zero_state,[288:320],state_contribution,3.295461788387488
584eb86deba0.yaml,8ffeae10cff6,4,32,4,2,True,zoh,half_life,layer0,min_ms,0.8027466535568237
584eb86deba0.yaml,8ffeae10cff6,4,32,4,2,True,zoh,half_life,layer0,max_ms,340.3818664550781
584eb86deba0.yaml,8ffeae10cff6,4,32,4,2,True,zoh,half_life,layer0,median_ms,3.299611091613769
584eb86deba0.yaml,8ffeae10cff6,4,32,4,2,True,zoh,half_life,layer0,mean_ms,9.432731628417969
584eb86deba0.yaml,8ffeae10cff6,4,32,4,2,True,zoh,half_life,layer0,std_ms,22.703594207763672
584eb86deba0.yaml,8ffeae10cff6,4,32,4,2,True,zoh,half_life,layer0,frac_below_conv_window,0.992919921875
584eb86deba0.yaml,8ffeae10cff6,4,32,4,2,True,zoh,half_life,layer1,min_ms,0.8027466535568237
584eb86deba0.yaml,8ffeae10cff6,4,32,4,2,True,zoh,half_life,layer1,max_ms,463.4114990234375
584eb86deba0.yaml,8ffeae10cff6,4,32,4,2,True,zoh,half_life,layer1,median_ms,4.483506202697754
584eb86deba0.yaml,8ffeae10cff6,4,32,4,2,True,zoh,half_life,layer1,mean_ms,10.723772048950195
584eb86deba0.yaml,8ffeae10cff6,4,32,4,2,True,zoh,half_life,layer1,std_ms,23.092662811279297
584eb86deba0.yaml,8ffeae10cff6,4,32,4,2,True,zoh,half_life,layer1,frac_below_conv_window,0.991943359375
584eb86deba0.yaml,8ffeae10cff6,4,32,4,2,True,zoh,half_life,layer2,min_ms,0.8027466535568237
584eb86deba0.yaml,8ffeae10cff6,4,32,4,2,True,zoh,half_life,layer2,max_ms,274.6089782714844
584eb86deba0.yaml,8ffeae10cff6,4,32,4,2,True,zoh,half_life,layer2,median_ms,4.255755424499512
584eb86deba0.yaml,8ffeae10cff6,4,32,4,2,True,zoh,half_life,layer2,mean_ms,9.878568649291992
584eb86deba0.yaml,8ffeae10cff6,4,32,4,2,True,zoh,half_life,layer2,std_ms,19.94611358642578
584eb86deba0.yaml,8ffeae10cff6,4,32,4,2,True,zoh,half_life,layer2,frac_below_conv_window,0.9931640625
584eb86deba0.yaml,8ffeae10cff6,4,32,4,2,True,zoh,half_life,layer3,min_ms,0.8027466535568237
584eb86deba0.yaml,8ffeae10cff6,4,32,4,2,True,zoh,half_life,layer3,max_ms,14790.0595703125
584eb86deba0.yaml,8ffeae10cff6,4,32,4,2,True,zoh,half_life,layer3,median_ms,6.725730419158936
584eb86deba0.yaml,8ffeae10cff6,4,32,4,2,True,zoh,half_life,layer3,mean_ms,37.29305267333984
584eb86deba0.yaml,8ffeae10cff6,4,32,4,2,True,zoh,half_life,layer3,std_ms,295.3451538085937
584eb86deba0.yaml,8ffeae10cff6,4,32,4,2,True,zoh,half_life,layer3,frac_below_conv_window,0.95947265625
d816f22117d5.yaml,7f055462360c,1,32,4,2,True,euler,zero_state,[0:32],real_loss,0.0323669016361236
d816f22117d5.yaml,7f055462360c,1,32,4,2,True,euler,zero_state,[0:32],zeroed_loss,0.1762680560350418
d816f22117d5.yaml,7f055462360c,1,32,4,2,True,euler,zero_state,[0:32],persistence,0.0707615911960601
d816f22117d5.yaml,7f055462360c,1,32,4,2,True,euler,zero_state,[0:32],skill_real,0.5425922299225266
d816f22117d5.yaml,7f055462360c,1,32,4,2,True,euler,zero_state,[0:32],skill_zeroed,-1.4910131761544667
d816f22117d5.yaml,7f055462360c,1,32,4,2,True,euler,zero_state,[0:32],state_contribution,2.0336054060769935
d816f22117d5.yaml,7f055462360c,1,32,4,2,True,euler,zero_state,[256:288],real_loss,0.0322186946868896
d816f22117d5.yaml,7f055462360c,1,32,4,2,True,euler,zero_state,[256:288],zeroed_loss,0.1776756942272186
d816f22117d5.yaml,7f055462360c,1,32,4,2,True,euler,zero_state,[256:288],persistence,0.0682168453931808
d816f22117d5.yaml,7f055462360c,1,32,4,2,True,euler,zero_state,[256:288],skill_real,0.5277017795063517
d816f22117d5.yaml,7f055462360c,1,32,4,2,True,euler,zero_state,[256:288],skill_zeroed,-1.604572128821712
d816f22117d5.yaml,7f055462360c,1,32,4,2,True,euler,zero_state,[256:288],state_contribution,2.132273908328064
d816f22117d5.yaml,7f055462360c,1,32,4,2,True,euler,zero_state,[288:320],real_loss,0.0331220217049121
d816f22117d5.yaml,7f055462360c,1,32,4,2,True,euler,zero_state,[288:320],zeroed_loss,0.1798018813133239
d816f22117d5.yaml,7f055462360c,1,32,4,2,True,euler,zero_state,[288:320],persistence,0.0715298652648925
d816f22117d5.yaml,7f055462360c,1,32,4,2,True,euler,zero_state,[288:320],skill_real,0.5369483560153058
d816f22117d5.yaml,7f055462360c,1,32,4,2,True,euler,zero_state,[288:320],skill_zeroed,-1.5136616802991822
d816f22117d5.yaml,7f055462360c,1,32,4,2,True,euler,zero_state,[288:320],state_contribution,2.050610036314488
d816f22117d5.yaml,7f055462360c,1,32,4,2,True,euler,half_life,layer0,min_ms,4.066992282867432
d816f22117d5.yaml,7f055462360c,1,32,4,2,True,euler,half_life,layer0,max_ms,210.52198791503903
d816f22117d5.yaml,7f055462360c,1,32,4,2,True,euler,half_life,layer0,median_ms,210.52198791503903
d816f22117d5.yaml,7f055462360c,1,32,4,2,True,euler,half_life,layer0,mean_ms,192.130126953125
d816f22117d5.yaml,7f055462360c,1,32,4,2,True,euler,half_life,layer0,std_ms,54.427024841308594
d816f22117d5.yaml,7f055462360c,1,32,4,2,True,euler,half_life,layer0,frac_below_conv_window,0.103271484375
d816f22117d5.yaml,7f055462360c,1,32,4,2,True,euler,half_life,layer1,min_ms,3.8430891036987305
d816f22117d5.yaml,7f055462360c,1,32,4,2,True,euler,half_life,layer1,max_ms,264.7747497558594
d816f22117d5.yaml,7f055462360c,1,32,4,2,True,euler,half_life,layer1,median_ms,210.52198791503903
d816f22117d5.yaml,7f055462360c,1,32,4,2,True,euler,half_life,layer1,mean_ms,189.73748779296875
d816f22117d5.yaml,7f055462360c,1,32,4,2,True,euler,half_life,layer1,std_ms,57.91498565673828
d816f22117d5.yaml,7f055462360c,1,32,4,2,True,euler,half_life,layer1,frac_below_conv_window,0.115234375
d816f22117d5.yaml,7f055462360c,1,32,4,2,True,euler,half_life,layer2,min_ms,2.90675687789917
d816f22117d5.yaml,7f055462360c,1,32,4,2,True,euler,half_life,layer2,max_ms,602.7118530273438
d816f22117d5.yaml,7f055462360c,1,32,4,2,True,euler,half_life,layer2,median_ms,210.52198791503903
d816f22117d5.yaml,7f055462360c,1,32,4,2,True,euler,half_life,layer2,mean_ms,177.18336486816406
d816f22117d5.yaml,7f055462360c,1,32,4,2,True,euler,half_life,layer2,std_ms,71.03267669677734
d816f22117d5.yaml,7f055462360c,1,32,4,2,True,euler,half_life,layer2,frac_below_conv_window,0.190185546875
d816f22117d5.yaml,7f055462360c,1,32,4,2,True,euler,half_life,layer3,min_ms,2.4732141494750977
d816f22117d5.yaml,7f055462360c,1,32,4,2,True,euler,half_life,layer3,max_ms,806.7911987304688
d816f22117d5.yaml,7f055462360c,1,32,4,2,True,euler,half_life,layer3,median_ms,210.52198791503903
d816f22117d5.yaml,7f055462360c,1,32,4,2,True,euler,half_life,layer3,mean_ms,174.06492614746094
d816f22117d5.yaml,7f055462360c,1,32,4,2,True,euler,half_life,layer3,std_ms,73.53386688232422
d816f22117d5.yaml,7f055462360c,1,32,4,2,True,euler,half_life,layer3,frac_below_conv_window,0.20703125
507a1353607f.yaml,34658236f97d,1,32,4,2,False,zoh,zero_state,[0:32],real_loss,0.0322239585220813
507a1353607f.yaml,34658236f97d,1,32,4,2,False,zoh,zero_state,[0:32],zeroed_loss,0.1624625921249389
507a1353607f.yaml,34658236f97d,1,32,4,2,False,zoh,zero_state,[0:32],persistence,0.0707615911960601
507a1353607f.yaml,34658236f97d,1,32,4,2,False,zoh,zero_state,[0:32],skill_real,0.5446122963402846
507a1353607f.yaml,34658236f97d,1,32,4,2,False,zoh,zero_state,[0:32],skill_zeroed,-1.2959149077753422
507a1353607f.yaml,34658236f97d,1,32,4,2,False,zoh,zero_state,[0:32],state_contribution,1.8405272041156269
507a1353607f.yaml,34658236f97d,1,32,4,2,False,zoh,zero_state,[256:288],real_loss,0.0314929969608783
507a1353607f.yaml,34658236f97d,1,32,4,2,False,zoh,zero_state,[256:288],zeroed_loss,0.1728240102529525
507a1353607f.yaml,34658236f97d,1,32,4,2,False,zoh,zero_state,[256:288],persistence,0.0682168453931808
507a1353607f.yaml,34658236f97d,1,32,4,2,False,zoh,zero_state,[256:288],skill_real,0.5383398810167421
507a1353607f.yaml,34658236f97d,1,32,4,2,False,zoh,zero_state,[256:288],skill_zeroed,-1.533450634617422
507a1353607f.yaml,34658236f97d,1,32,4,2,False,zoh,zero_state,[256:288],state_contribution,2.071790515634164
507a1353607f.yaml,34658236f97d,1,32,4,2,False,zoh,zero_state,[288:320],real_loss,0.0326261632144451
507a1353607f.yaml,34658236f97d,1,32,4,2,False,zoh,zero_state,[288:320],zeroed_loss,0.1676345467567443
507a1353607f.yaml,34658236f97d,1,32,4,2,False,zoh,zero_state,[288:320],persistence,0.0715298652648925
507a1353607f.yaml,34658236f97d,1,32,4,2,False,zoh,zero_state,[288:320],skill_real,0.5438805442506782
507a1353607f.yaml,34658236f97d,1,32,4,2,False,zoh,zero_state,[288:320],skill_zeroed,-1.3435602197201502
507a1353607f.yaml,34658236f97d,1,32,4,2,False,zoh,zero_state,[288:320],state_contribution,1.8874407639708284
507a1353607f.yaml,34658236f97d,1,32,4,2,False,zoh,half_life,layer0,min_ms,0.8027466535568237
507a1353607f.yaml,34658236f97d,1,32,4,2,False,zoh,half_life,layer0,max_ms,2253.38232421875
507a1353607f.yaml,34658236f97d,1,32,4,2,False,zoh,half_life,layer0,median_ms,3.649409294128418
507a1353607f.yaml,34658236f97d,1,32,4,2,False,zoh,half_life,layer0,mean_ms,10.29884910583496
507a1353607f.yaml,34658236f97d,1,32,4,2,False,zoh,half_life,layer0,std_ms,43.43321228027344
507a1353607f.yaml,34658236f97d,1,32,4,2,False,zoh,half_life,layer0,frac_below_conv_window,0.992919921875
507a1353607f.yaml,34658236f97d,1,32,4,2,False,zoh,half_life,layer1,min_ms,0.8027466535568237
507a1353607f.yaml,34658236f97d,1,32,4,2,False,zoh,half_life,layer1,max_ms,581.29150390625
507a1353607f.yaml,34658236f97d,1,32,4,2,False,zoh,half_life,layer1,median_ms,2.471301555633545
507a1353607f.yaml,34658236f97d,1,32,4,2,False,zoh,half_life,layer1,mean_ms,6.11696195602417
507a1353607f.yaml,34658236f97d,1,32,4,2,False,zoh,half_life,layer1,std_ms,17.154342651367188
507a1353607f.yaml,34658236f97d,1,32,4,2,False,zoh,half_life,layer1,frac_below_conv_window,0.997802734375
507a1353607f.yaml,34658236f97d,1,32,4,2,False,zoh,half_life,layer2,min_ms,0.8027466535568237
507a1353607f.yaml,34658236f97d,1,32,4,2,False,zoh,half_life,layer2,max_ms,772.3734130859375
507a1353607f.yaml,34658236f97d,1,32,4,2,False,zoh,half_life,layer2,median_ms,2.5221610069274902
507a1353607f.yaml,34658236f97d,1,32,4,2,False,zoh,half_life,layer2,mean_ms,6.117127418518066
507a1353607f.yaml,34658236f97d,1,32,4,2,False,zoh,half_life,layer2,std_ms,17.17906379699707
507a1353607f.yaml,34658236f97d,1,32,4,2,False,zoh,half_life,layer2,frac_below_conv_window,0.99853515625
507a1353607f.yaml,34658236f97d,1,32,4,2,False,zoh,half_life,layer3,min_ms,0.8027466535568237
507a1353607f.yaml,34658236f97d,1,32,4,2,False,zoh,half_life,layer3,max_ms,1052.4716796875
507a1353607f.yaml,34658236f97d,1,32,4,2,False,zoh,half_life,layer3,median_ms,2.157496929168701
507a1353607f.yaml,34658236f97d,1,32,4,2,False,zoh,half_life,layer3,mean_ms,5.078516006469727
507a1353607f.yaml,34658236f97d,1,32,4,2,False,zoh,half_life,layer3,std_ms,18.84845352172852
507a1353607f.yaml,34658236f97d,1,32,4,2,False,zoh,half_life,layer3,frac_below_conv_window,0.999267578125
ae0a0e4e978e.yaml,86d08e302712,1,32,4,2,False,euler,zero_state,[0:32],real_loss,0.0325669571757316
ae0a0e4e978e.yaml,86d08e302712,1,32,4,2,False,euler,zero_state,[0:32],zeroed_loss,0.0835567414760589
ae0a0e4e978e.yaml,86d08e302712,1,32,4,2,False,euler,zero_state,[0:32],persistence,0.0707615911960601
ae0a0e4e978e.yaml,86d08e302712,1,32,4,2,False,euler,zero_state,[0:32],skill_real,0.5397650529720578
ae0a0e4e978e.yaml,86d08e302712,1,32,4,2,False,euler,zero_state,[0:32],skill_zeroed,-0.1808205562329297
ae0a0e4e978e.yaml,86d08e302712,1,32,4,2,False,euler,zero_state,[0:32],state_contribution,0.7205856092049875
ae0a0e4e978e.yaml,86d08e302712,1,32,4,2,False,euler,zero_state,[256:288],real_loss,0.0316701754927635
ae0a0e4e978e.yaml,86d08e302712,1,32,4,2,False,euler,zero_state,[256:288],zeroed_loss,0.0845312401652336
ae0a0e4e978e.yaml,86d08e302712,1,32,4,2,False,euler,zero_state,[256:288],persistence,0.0682168453931808
ae0a0e4e978e.yaml,86d08e302712,1,32,4,2,False,euler,zero_state,[256:288],skill_real,0.5357425968582041
ae0a0e4e978e.yaml,86d08e302712,1,32,4,2,False,euler,zero_state,[256:288],skill_zeroed,-0.2391549283468272
ae0a0e4e978e.yaml,86d08e302712,1,32,4,2,False,euler,zero_state,[256:288],state_contribution,0.7748975252050313
ae0a0e4e978e.yaml,86d08e302712,1,32,4,2,False,euler,zero_state,[288:320],real_loss,0.0328856036067009
ae0a0e4e978e.yaml,86d08e302712,1,32,4,2,False,euler,zero_state,[288:320],zeroed_loss,0.085987813770771
ae0a0e4e978e.yaml,86d08e302712,1,32,4,2,False,euler,zero_state,[288:320],persistence,0.0715298652648925
ae0a0e4e978e.yaml,86d08e302712,1,32,4,2,False,euler,zero_state,[288:320],skill_real,0.5402535222886626
ae0a0e4e978e.yaml,86d08e302712,1,32,4,2,False,euler,zero_state,[288:320],skill_zeroed,-0.2021246433547321
ae0a0e4e978e.yaml,86d08e302712,1,32,4,2,False,euler,zero_state,[288:320],state_contribution,0.7423781656433948
ae0a0e4e978e.yaml,86d08e302712,1,32,4,2,False,euler,half_life,layer0,min_ms,3.0203330516815186
ae0a0e4e978e.yaml,86d08e302712,1,32,4,2,False,euler,half_life,layer0,max_ms,210.52198791503903
ae0a0e4e978e.yaml,86d08e302712,1,32,4,2,False,euler,half_life,layer0,median_ms,210.52198791503903
ae0a0e4e978e.yaml,86d08e302712,1,32,4,2,False,euler,half_life,layer0,mean_ms,197.00665283203125
ae0a0e4e978e.yaml,86d08e302712,1,32,4,2,False,euler,half_life,layer0,std_ms,47.76059341430664
ae0a0e4e978e.yaml,86d08e302712,1,32,4,2,False,euler,half_life,layer0,frac_below_conv_window,0.075439453125
ae0a0e4e978e.yaml,86d08e302712,1,32,4,2,False,euler,half_life,layer1,min_ms,4.405946731567383
ae0a0e4e978e.yaml,86d08e302712,1,32,4,2,False,euler,half_life,layer1,max_ms,210.52198791503903
ae0a0e4e978e.yaml,86d08e302712,1,32,4,2,False,euler,half_life,layer1,median_ms,210.52198791503903
ae0a0e4e978e.yaml,86d08e302712,1,32,4,2,False,euler,half_life,layer1,mean_ms,198.31149291992188
ae0a0e4e978e.yaml,86d08e302712,1,32,4,2,False,euler,half_life,layer1,std_ms,47.18197250366211
ae0a0e4e978e.yaml,86d08e302712,1,32,4,2,False,euler,half_life,layer1,frac_below_conv_window,0.062744140625
ae0a0e4e978e.yaml,86d08e302712,1,32,4,2,False,euler,half_life,layer2,min_ms,4.307803153991699
ae0a0e4e978e.yaml,86d08e302712,1,32,4,2,False,euler,half_life,layer2,max_ms,555.018798828125
ae0a0e4e978e.yaml,86d08e302712,1,32,4,2,False,euler,half_life,layer2,median_ms,210.52198791503903
ae0a0e4e978e.yaml,86d08e302712,1,32,4,2,False,euler,half_life,layer2,mean_ms,197.92860412597656
ae0a0e4e978e.yaml,86d08e302712,1,32,4,2,False,euler,half_life,layer2,std_ms,47.03066253662109
ae0a0e4e978e.yaml,86d08e302712,1,32,4,2,False,euler,half_life,layer2,frac_below_conv_window,0.067626953125
ae0a0e4e978e.yaml,86d08e302712,1,32,4,2,False,euler,half_life,layer3,min_ms,3.8980929851531982
ae0a0e4e978e.yaml,86d08e302712,1,32,4,2,False,euler,half_life,layer3,max_ms,249.3671722412109
ae0a0e4e978e.yaml,86d08e302712,1,32,4,2,False,euler,half_life,layer3,median_ms,210.52198791503903
ae0a0e4e978e.yaml,86d08e302712,1,32,4,2,False,euler,half_life,layer3,mean_ms,196.4266815185547
ae0a0e4e978e.yaml,86d08e302712,1,32,4,2,False,euler,half_life,layer3,std_ms,48.76066207885742
ae0a0e4e978e.yaml,86d08e302712,1,32,4,2,False,euler,half_life,layer3,frac_below_conv_window,0.077392578125
2878ff75bc8a.yaml,a4d5a89d0551,1,32,4,1,True,zoh,zero_state,[0:32],real_loss,0.0327530540525913
2878ff75bc8a.yaml,a4d5a89d0551,1,32,4,1,True,zoh,zero_state,[0:32],zeroed_loss,0.2717031836509704
2878ff75bc8a.yaml,a4d5a89d0551,1,32,4,1,True,zoh,zero_state,[0:32],persistence,0.0707615911960601
2878ff75bc8a.yaml,a4d5a89d0551,1,32,4,1,True,zoh,zero_state,[0:32],skill_real,0.5371351392898733
2878ff75bc8a.yaml,a4d5a89d0551,1,32,4,1,True,zoh,zero_state,[0:32],skill_zeroed,-2.8396986141557847
2878ff75bc8a.yaml,a4d5a89d0551,1,32,4,1,True,zoh,zero_state,[0:32],state_contribution,3.3768337534456583
2878ff75bc8a.yaml,a4d5a89d0551,1,32,4,1,True,zoh,zero_state,[256:288],real_loss,0.0320781841874122
2878ff75bc8a.yaml,a4d5a89d0551,1,32,4,1,True,zoh,zero_state,[256:288],zeroed_loss,0.2705675959587097
2878ff75bc8a.yaml,a4d5a89d0551,1,32,4,1,True,zoh,zero_state,[256:288],persistence,0.0682168453931808
2878ff75bc8a.yaml,a4d5a89d0551,1,32,4,1,True,zoh,zero_state,[256:288],skill_real,0.5297615419985562
2878ff75bc8a.yaml,a4d5a89d0551,1,32,4,1,True,zoh,zero_state,[256:288],skill_zeroed,-2.9662871303890057
2878ff75bc8a.yaml,a4d5a89d0551,1,32,4,1,True,zoh,zero_state,[256:288],state_contribution,3.4960486723875617
2878ff75bc8a.yaml,a4d5a89d0551,1,32,4,1,True,zoh,zero_state,[288:320],real_loss,0.0332138314843177
2878ff75bc8a.yaml,a4d5a89d0551,1,32,4,1,True,zoh,zero_state,[288:320],zeroed_loss,0.2679006159305572
2878ff75bc8a.yaml,a4d5a89d0551,1,32,4,1,True,zoh,zero_state,[288:320],persistence,0.0715298652648925
2878ff75bc8a.yaml,a4d5a89d0551,1,32,4,1,True,zoh,zero_state,[288:320],skill_real,0.5356648392763101
2878ff75bc8a.yaml,a4d5a89d0551,1,32,4,1,True,zoh,zero_state,[288:320],skill_zeroed,-2.745297365491404
2878ff75bc8a.yaml,a4d5a89d0551,1,32,4,1,True,zoh,zero_state,[288:320],state_contribution,3.2809622047677145
2878ff75bc8a.yaml,a4d5a89d0551,1,32,4,1,True,zoh,half_life,layer0,min_ms,0.8027466535568237
2878ff75bc8a.yaml,a4d5a89d0551,1,32,4,1,True,zoh,half_life,layer0,max_ms,240.30032348632807
2878ff75bc8a.yaml,a4d5a89d0551,1,32,4,1,True,zoh,half_life,layer0,median_ms,2.9623241424560547
2878ff75bc8a.yaml,a4d5a89d0551,1,32,4,1,True,zoh,half_life,layer0,mean_ms,7.145205497741699
2878ff75bc8a.yaml,a4d5a89d0551,1,32,4,1,True,zoh,half_life,layer0,std_ms,14.613752365112305
2878ff75bc8a.yaml,a4d5a89d0551,1,32,4,1,True,zoh,half_life,layer0,frac_below_conv_window,0.998046875
2878ff75bc8a.yaml,a4d5a89d0551,1,32,4,1,True,zoh,half_life,layer1,min_ms,0.8027466535568237
2878ff75bc8a.yaml,a4d5a89d0551,1,32,4,1,True,zoh,half_life,layer1,max_ms,601.6482543945312
2878ff75bc8a.yaml,a4d5a89d0551,1,32,4,1,True,zoh,half_life,layer1,median_ms,4.231355667114258
2878ff75bc8a.yaml,a4d5a89d0551,1,32,4,1,True,zoh,half_life,layer1,mean_ms,13.668652534484863
2878ff75bc8a.yaml,a4d5a89d0551,1,32,4,1,True,zoh,half_life,layer1,std_ms,37.44267272949219
2878ff75bc8a.yaml,a4d5a89d0551,1,32,4,1,True,zoh,half_life,layer1,frac_below_conv_window,0.986328125
2878ff75bc8a.yaml,a4d5a89d0551,1,32,4,1,True,zoh,half_life,layer2,min_ms,0.8027466535568237
2878ff75bc8a.yaml,a4d5a89d0551,1,32,4,1,True,zoh,half_life,layer2,max_ms,1778.001708984375
2878ff75bc8a.yaml,a4d5a89d0551,1,32,4,1,True,zoh,half_life,layer2,median_ms,5.760081768035889
2878ff75bc8a.yaml,a4d5a89d0551,1,32,4,1,True,zoh,half_life,layer2,mean_ms,23.94363021850586
2878ff75bc8a.yaml,a4d5a89d0551,1,32,4,1,True,zoh,half_life,layer2,std_ms,75.71155548095703
2878ff75bc8a.yaml,a4d5a89d0551,1,32,4,1,True,zoh,half_life,layer2,frac_below_conv_window,0.966796875
2878ff75bc8a.yaml,a4d5a89d0551,1,32,4,1,True,zoh,half_life,layer3,min_ms,0.8027466535568237
2878ff75bc8a.yaml,a4d5a89d0551,1,32,4,1,True,zoh,half_life,layer3,max_ms,454.1326599121094
2878ff75bc8a.yaml,a4d5a89d0551,1,32,4,1,True,zoh,half_life,layer3,median_ms,4.593050956726074
2878ff75bc8a.yaml,a4d5a89d0551,1,32,4,1,True,zoh,half_life,layer3,mean_ms,11.845773696899414
2878ff75bc8a.yaml,a4d5a89d0551,1,32,4,1,True,zoh,half_life,layer3,std_ms,25.919618606567383
2878ff75bc8a.yaml,a4d5a89d0551,1,32,4,1,True,zoh,half_life,layer3,frac_below_conv_window,0.99267578125
7228c951881d.yaml,b11515cd479d,1,32,4,1,True,euler,zero_state,[0:32],real_loss,0.0337590724229812
7228c951881d.yaml,b11515cd479d,1,32,4,1,True,euler,zero_state,[0:32],zeroed_loss,0.1673753708600998
7228c951881d.yaml,b11515cd479d,1,32,4,1,True,euler,zero_state,[0:32],persistence,0.0707615911960601
7228c951881d.yaml,b11515cd479d,1,32,4,1,True,euler,zero_state,[0:32],skill_real,0.5229181275835855
7228c951881d.yaml,b11515cd479d,1,32,4,1,True,euler,zero_state,[0:32],skill_zeroed,-1.3653421019935856
7228c951881d.yaml,b11515cd479d,1,32,4,1,True,euler,zero_state,[0:32],state_contribution,1.888260229577171
7228c951881d.yaml,b11515cd479d,1,32,4,1,True,euler,zero_state,[256:288],real_loss,0.0328525975346565
7228c951881d.yaml,b11515cd479d,1,32,4,1,True,euler,zero_state,[256:288],zeroed_loss,0.164420410990715
7228c951881d.yaml,b11515cd479d,1,32,4,1,True,euler,zero_state,[256:288],persistence,0.0682168453931808
7228c951881d.yaml,b11515cd479d,1,32,4,1,True,euler,zero_state,[256:288],skill_real,0.5184093115812628
7228c951881d.yaml,b11515cd479d,1,32,4,1,True,euler,zero_state,[256:288],skill_zeroed,-1.410261131880938
7228c951881d.yaml,b11515cd479d,1,32,4,1,True,euler,zero_state,[256:288],state_contribution,1.9286704434622006
7228c951881d.yaml,b11515cd479d,1,32,4,1,True,euler,zero_state,[288:320],real_loss,0.0340791046619415
7228c951881d.yaml,b11515cd479d,1,32,4,1,True,euler,zero_state,[288:320],zeroed_loss,0.1643320322036743
7228c951881d.yaml,b11515cd479d,1,32,4,1,True,euler,zero_state,[288:320],persistence,0.0715298652648925
7228c951881d.yaml,b11515cd479d,1,32,4,1,True,euler,zero_state,[288:320],skill_real,0.5235681692431787
7228c951881d.yaml,b11515cd479d,1,32,4,1,True,euler,zero_state,[288:320],skill_zeroed,-1.2973904899039392
7228c951881d.yaml,b11515cd479d,1,32,4,1,True,euler,zero_state,[288:320],state_contribution,1.8209586591471179
7228c951881d.yaml,b11515cd479d,1,32,4,1,True,euler,half_life,layer0,min_ms,4.6245880126953125
7228c951881d.yaml,b11515cd479d,1,32,4,1,True,euler,half_life,layer0,max_ms,294.8299865722656
7228c951881d.yaml,b11515cd479d,1,32,4,1,True,euler,half_life,layer0,median_ms,210.52198791503903
7228c951881d.yaml,b11515cd479d,1,32,4,1,True,euler,half_life,layer0,mean_ms,184.37368774414065
7228c951881d.yaml,b11515cd479d,1,32,4,1,True,euler,half_life,layer0,std_ms,63.19910430908203
7228c951881d.yaml,b11515cd479d,1,32,4,1,True,euler,half_life,layer0,frac_below_conv_window,0.14794921875
7228c951881d.yaml,b11515cd479d,1,32,4,1,True,euler,half_life,layer1,min_ms,3.243338823318481
7228c951881d.yaml,b11515cd479d,1,32,4,1,True,euler,half_life,layer1,max_ms,276.3887023925781
7228c951881d.yaml,b11515cd479d,1,32,4,1,True,euler,half_life,layer1,median_ms,210.52198791503903
7228c951881d.yaml,b11515cd479d,1,32,4,1,True,euler,half_life,layer1,mean_ms,185.16099548339844
7228c951881d.yaml,b11515cd479d,1,32,4,1,True,euler,half_life,layer1,std_ms,62.65631866455078
7228c951881d.yaml,b11515cd479d,1,32,4,1,True,euler,half_life,layer1,frac_below_conv_window,0.1416015625
7228c951881d.yaml,b11515cd479d,1,32,4,1,True,euler,half_life,layer2,min_ms,3.228612899780273
7228c951881d.yaml,b11515cd479d,1,32,4,1,True,euler,half_life,layer2,max_ms,917.4688720703124
7228c951881d.yaml,b11515cd479d,1,32,4,1,True,euler,half_life,layer2,median_ms,210.52198791503903
7228c951881d.yaml,b11515cd479d,1,32,4,1,True,euler,half_life,layer2,mean_ms,171.74237060546875
7228c951881d.yaml,b11515cd479d,1,32,4,1,True,euler,half_life,layer2,std_ms,76.77845764160156
7228c951881d.yaml,b11515cd479d,1,32,4,1,True,euler,half_life,layer2,frac_below_conv_window,0.2216796875
7228c951881d.yaml,b11515cd479d,1,32,4,1,True,euler,half_life,layer3,min_ms,3.3819515705108643
7228c951881d.yaml,b11515cd479d,1,32,4,1,True,euler,half_life,layer3,max_ms,338.71630859375
7228c951881d.yaml,b11515cd479d,1,32,4,1,True,euler,half_life,layer3,median_ms,210.52198791503903
7228c951881d.yaml,b11515cd479d,1,32,4,1,True,euler,half_life,layer3,mean_ms,173.8031005859375
7228c951881d.yaml,b11515cd479d,1,32,4,1,True,euler,half_life,layer3,std_ms,72.24745178222656
7228c951881d.yaml,b11515cd479d,1,32,4,1,True,euler,half_life,layer3,frac_below_conv_window,0.2080078125
20e71b039d4e.yaml,5de494fe6199,1,32,4,1,False,zoh,zero_state,[0:32],real_loss,0.0324310176074504
20e71b039d4e.yaml,5de494fe6199,1,32,4,1,False,zoh,zero_state,[0:32],zeroed_loss,0.1721357703208923
20e71b039d4e.yaml,5de494fe6199,1,32,4,1,False,zoh,zero_state,[0:32],persistence,0.0707615911960601
20e71b039d4e.yaml,5de494fe6199,1,32,4,1,False,zoh,zero_state,[0:32],skill_real,0.5416861455589179
20e71b039d4e.yaml,5de494fe6199,1,32,4,1,False,zoh,zero_state,[0:32],skill_zeroed,-1.4326158783506329
20e71b039d4e.yaml,5de494fe6199,1,32,4,1,False,zoh,zero_state,[0:32],state_contribution,1.9743020239095508
20e71b039d4e.yaml,5de494fe6199,1,32,4,1,False,zoh,zero_state,[256:288],real_loss,0.0317959524691104
20e71b039d4e.yaml,5de494fe6199,1,32,4,1,False,zoh,zero_state,[256:288],zeroed_loss,0.1822614222764969
20e71b039d4e.yaml,5de494fe6199,1,32,4,1,False,zoh,zero_state,[256:288],persistence,0.0682168453931808
20e71b039d4e.yaml,5de494fe6199,1,32,4,1,False,zoh,zero_state,[256:288],skill_real,0.5338988150822802
20e71b039d4e.yaml,5de494fe6199,1,32,4,1,False,zoh,zero_state,[256:288],skill_zeroed,-1.6717949390066087
20e71b039d4e.yaml,5de494fe6199,1,32,4,1,False,zoh,zero_state,[256:288],state_contribution,2.205693754088889
20e71b039d4e.yaml,5de494fe6199,1,32,4,1,False,zoh,zero_state,[288:320],real_loss,0.0329701341688632
20e71b039d4e.yaml,5de494fe6199,1,32,4,1,False,zoh,zero_state,[288:320],zeroed_loss,0.1786974221467971
20e71b039d4e.yaml,5de494fe6199,1,32,4,1,False,zoh,zero_state,[288:320],persistence,0.0715298652648925
20e71b039d4e.yaml,5de494fe6199,1,32,4,1,False,zoh,zero_state,[288:320],skill_real,0.5390717702771167
20e71b039d4e.yaml,5de494fe6199,1,32,4,1,False,zoh,zero_state,[288:320],skill_zeroed,-1.498221148397763
20e71b039d4e.yaml,5de494fe6199,1,32,4,1,False,zoh,zero_state,[288:320],state_contribution,2.0372929186748796
20e71b039d4e.yaml,5de494fe6199,1,32,4,1,False,zoh,half_life,layer0,min_ms,0.8027466535568237
20e71b039d4e.yaml,5de494fe6199,1,32,4,1,False,zoh,half_life,layer0,max_ms,550.7665405273438
20e71b039d4e.yaml,5de494fe6199,1,32,4,1,False,zoh,half_life,layer0,median_ms,3.779710531234741
20e71b039d4e.yaml,5de494fe6199,1,32,4,1,False,zoh,half_life,layer0,mean_ms,9.88307762145996
20e71b039d4e.yaml,5de494fe6199,1,32,4,1,False,zoh,half_life,layer0,std_ms,25.239614486694336
20e71b039d4e.yaml,5de494fe6199,1,32,4,1,False,zoh,half_life,layer0,frac_below_conv_window,0.994140625
20e71b039d4e.yaml,5de494fe6199,1,32,4,1,False,zoh,half_life,layer1,min_ms,0.8027466535568237
20e71b039d4e.yaml,5de494fe6199,1,32,4,1,False,zoh,half_life,layer1,max_ms,585.1768188476562
20e71b039d4e.yaml,5de494fe6199,1,32,4,1,False,zoh,half_life,layer1,median_ms,3.5862069129943848
20e71b039d4e.yaml,5de494fe6199,1,32,4,1,False,zoh,half_life,layer1,mean_ms,9.147947311401367
20e71b039d4e.yaml,5de494fe6199,1,32,4,1,False,zoh,half_life,layer1,std_ms,22.05508804321289
20e71b039d4e.yaml,5de494fe6199,1,32,4,1,False,zoh,half_life,layer1,frac_below_conv_window,0.99560546875
20e71b039d4e.yaml,5de494fe6199,1,32,4,1,False,zoh,half_life,layer2,min_ms,0.8027466535568237
20e71b039d4e.yaml,5de494fe6199,1,32,4,1,False,zoh,half_life,layer2,max_ms,404.5818176269531
20e71b039d4e.yaml,5de494fe6199,1,32,4,1,False,zoh,half_life,layer2,median_ms,3.071218490600586
20e71b039d4e.yaml,5de494fe6199,1,32,4,1,False,zoh,half_life,layer2,mean_ms,7.884454250335693
20e71b039d4e.yaml,5de494fe6199,1,32,4,1,False,zoh,half_life,layer2,std_ms,18.266582489013672
20e71b039d4e.yaml,5de494fe6199,1,32,4,1,False,zoh,half_life,layer2,frac_below_conv_window,0.99560546875
20e71b039d4e.yaml,5de494fe6199,1,32,4,1,False,zoh,half_life,layer3,min_ms,0.8027466535568237
20e71b039d4e.yaml,5de494fe6199,1,32,4,1,False,zoh,half_life,layer3,max_ms,719.2623291015625
20e71b039d4e.yaml,5de494fe6199,1,32,4,1,False,zoh,half_life,layer3,median_ms,2.331662178039551
20e71b039d4e.yaml,5de494fe6199,1,32,4,1,False,zoh,half_life,layer3,mean_ms,6.189075469970703
20e71b039d4e.yaml,5de494fe6199,1,32,4,1,False,zoh,half_life,layer3,std_ms,19.727279663085938
20e71b039d4e.yaml,5de494fe6199,1,32,4,1,False,zoh,half_life,layer3,frac_below_conv_window,0.99755859375
1a19ef1f988b.yaml,02b97863586d,1,32,4,1,False,euler,zero_state,[0:32],real_loss,0.0324034318327903
1a19ef1f988b.yaml,02b97863586d,1,32,4,1,False,euler,zero_state,[0:32],zeroed_loss,0.0816203728318214
1a19ef1f988b.yaml,02b97863586d,1,32,4,1,False,euler,zero_state,[0:32],persistence,0.0707615911960601
1a19ef1f988b.yaml,02b97863586d,1,32,4,1,False,euler,zero_state,[0:32],skill_real,0.5420759866322153
1a19ef1f988b.yaml,02b97863586d,1,32,4,1,False,euler,zero_state,[0:32],skill_zeroed,-0.1534558713592897
1a19ef1f988b.yaml,02b97863586d,1,32,4,1,False,euler,zero_state,[0:32],state_contribution,0.6955318579915051
1a19ef1f988b.yaml,02b97863586d,1,32,4,1,False,euler,zero_state,[256:288],real_loss,0.0320848114788532
1a19ef1f988b.yaml,02b97863586d,1,32,4,1,False,euler,zero_state,[256:288],zeroed_loss,0.0808390378952026
1a19ef1f988b.yaml,02b97863586d,1,32,4,1,False,euler,zero_state,[256:288],persistence,0.0682168453931808
1a19ef1f988b.yaml,02b97863586d,1,32,4,1,False,euler,zero_state,[256:288],skill_real,0.5296643916333821
1a19ef1f988b.yaml,02b97863586d,1,32,4,1,False,euler,zero_state,[256:288],skill_zeroed,-0.18503043389461
1a19ef1f988b.yaml,02b97863586d,1,32,4,1,False,euler,zero_state,[256:288],state_contribution,0.7146948255279921
1a19ef1f988b.yaml,02b97863586d,1,32,4,1,False,euler,zero_state,[288:320],real_loss,0.0329711996018886
1a19ef1f988b.yaml,02b97863586d,1,32,4,1,False,euler,zero_state,[288:320],zeroed_loss,0.0821933969855308
1a19ef1f988b.yaml,02b97863586d,1,32,4,1,False,euler,zero_state,[288:320],persistence,0.0715298652648925
1a19ef1f988b.yaml,02b97863586d,1,32,4,1,False,euler,zero_state,[288:320],skill_real,0.5390568753374798
1a19ef1f988b.yaml,02b97863586d,1,32,4,1,False,euler,zero_state,[288:320],skill_zeroed,-0.1490780344845976
1a19ef1f988b.yaml,02b97863586d,1,32,4,1,False,euler,zero_state,[288:320],state_contribution,0.6881349098220775
1a19ef1f988b.yaml,02b97863586d,1,32,4,1,False,euler,half_life,layer0,min_ms,4.462745189666748
1a19ef1f988b.yaml,02b97863586d,1,32,4,1,False,euler,half_life,layer0,max_ms,210.52198791503903
1a19ef1f988b.yaml,02b97863586d,1,32,4,1,False,euler,half_life,layer0,median_ms,210.52198791503903
1a19ef1f988b.yaml,02b97863586d,1,32,4,1,False,euler,half_life,layer0,mean_ms,198.18380737304688
1a19ef1f988b.yaml,02b97863586d,1,32,4,1,False,euler,half_life,layer0,std_ms,47.346561431884766
1a19ef1f988b.yaml,02b97863586d,1,32,4,1,False,euler,half_life,layer0,frac_below_conv_window,0.0634765625
1a19ef1f988b.yaml,02b97863586d,1,32,4,1,False,euler,half_life,layer1,min_ms,9.180624008178713
1a19ef1f988b.yaml,02b97863586d,1,32,4,1,False,euler,half_life,layer1,max_ms,210.52198791503903
1a19ef1f988b.yaml,02b97863586d,1,32,4,1,False,euler,half_life,layer1,median_ms,210.52198791503903
1a19ef1f988b.yaml,02b97863586d,1,32,4,1,False,euler,half_life,layer1,mean_ms,202.23699951171875
1a19ef1f988b.yaml,02b97863586d,1,32,4,1,False,euler,half_life,layer1,std_ms,37.76155853271485
1a19ef1f988b.yaml,02b97863586d,1,32,4,1,False,euler,half_life,layer1,frac_below_conv_window,0.04638671875
1a19ef1f988b.yaml,02b97863586d,1,32,4,1,False,euler,half_life,layer2,min_ms,3.599233627319336
1a19ef1f988b.yaml,02b97863586d,1,32,4,1,False,euler,half_life,layer2,max_ms,511.31744384765625
1a19ef1f988b.yaml,02b97863586d,1,32,4,1,False,euler,half_life,layer2,median_ms,210.52198791503903
1a19ef1f988b.yaml,02b97863586d,1,32,4,1,False,euler,half_life,layer2,mean_ms,195.8892364501953
1a19ef1f988b.yaml,02b97863586d,1,32,4,1,False,euler,half_life,layer2,std_ms,50.385589599609375
1a19ef1f988b.yaml,02b97863586d,1,32,4,1,False,euler,half_life,layer2,frac_below_conv_window,0.0810546875
1a19ef1f988b.yaml,02b97863586d,1,32,4,1,False,euler,half_life,layer3,min_ms,3.390872001647949
1a19ef1f988b.yaml,02b97863586d,1,32,4,1,False,euler,half_life,layer3,max_ms,316.9186706542969
1a19ef1f988b.yaml,02b97863586d,1,32,4,1,False,euler,half_life,layer3,median_ms,210.52198791503903
1a19ef1f988b.yaml,02b97863586d,1,32,4,1,False,euler,half_life,layer3,mean_ms,197.7968292236328
1a19ef1f988b.yaml,02b97863586d,1,32,4,1,False,euler,half_life,layer3,std_ms,47.42517852783203
1a19ef1f988b.yaml,02b97863586d,1,32,4,1,False,euler,half_life,layer3,frac_below_conv_window,0.06689453125
9fd5d4780b48.yaml,0b854e87d2d6,1,32,2,2,True,zoh,zero_state,[0:32],real_loss,0.0328641310334205
9fd5d4780b48.yaml,0b854e87d2d6,1,32,2,2,True,zoh,zero_state,[0:32],zeroed_loss,0.3416032791137695
9fd5d4780b48.yaml,0b854e87d2d6,1,32,2,2,True,zoh,zero_state,[0:32],persistence,0.0707615911960601
9fd5d4780b48.yaml,0b854e87d2d6,1,32,2,2,True,zoh,zero_state,[0:32],skill_real,0.5355654038027009
9fd5d4780b48.yaml,0b854e87d2d6,1,32,2,2,True,zoh,zero_state,[0:32],skill_zeroed,-3.8275239906248615
9fd5d4780b48.yaml,0b854e87d2d6,1,32,2,2,True,zoh,zero_state,[0:32],state_contribution,4.363089394427562
9fd5d4780b48.yaml,0b854e87d2d6,1,32,2,2,True,zoh,zero_state,[256:288],real_loss,0.0338396653532981
9fd5d4780b48.yaml,0b854e87d2d6,1,32,2,2,True,zoh,zero_state,[256:288],zeroed_loss,0.3381024301052093
9fd5d4780b48.yaml,0b854e87d2d6,1,32,2,2,True,zoh,zero_state,[256:288],persistence,0.0682168453931808
9fd5d4780b48.yaml,0b854e87d2d6,1,32,2,2,True,zoh,zero_state,[256:288],skill_real,0.5039397503907312
9fd5d4780b48.yaml,0b854e87d2d6,1,32,2,2,True,zoh,zero_state,[256:288],skill_zeroed,-3.95628943491144
9fd5d4780b48.yaml,0b854e87d2d6,1,32,2,2,True,zoh,zero_state,[256:288],state_contribution,4.460229185302172
9fd5d4780b48.yaml,0b854e87d2d6,1,32,2,2,True,zoh,zero_state,[288:320],real_loss,0.0336081311106681
9fd5d4780b48.yaml,0b854e87d2d6,1,32,2,2,True,zoh,zero_state,[288:320],zeroed_loss,0.3427399694919586
9fd5d4780b48.yaml,0b854e87d2d6,1,32,2,2,True,zoh,zero_state,[288:320],persistence,0.0715298652648925
9fd5d4780b48.yaml,0b854e87d2d6,1,32,2,2,True,zoh,zero_state,[288:320],skill_real,0.5301524616856321
9fd5d4780b48.yaml,0b854e87d2d6,1,32,2,2,True,zoh,zero_state,[288:320],skill_zeroed,-3.791564589457966
9fd5d4780b48.yaml,0b854e87d2d6,1,32,2,2,True,zoh,zero_state,[288:320],state_contribution,4.321717051143598
9fd5d4780b48.yaml,0b854e87d2d6,1,32,2,2,True,zoh,half_life,layer0,min_ms,0.8027466535568237
9fd5d4780b48.yaml,0b854e87d2d6,1,32,2,2,True,zoh,half_life,layer0,max_ms,1412.121826171875
9fd5d4780b48.yaml,0b854e87d2d6,1,32,2,2,True,zoh,half_life,layer0,median_ms,5.730579376220703
9fd5d4780b48.yaml,0b854e87d2d6,1,32,2,2,True,zoh,half_life,layer0,mean_ms,18.937686920166016
9fd5d4780b48.yaml,0b854e87d2d6,1,32,2,2,True,zoh,half_life,layer0,std_ms,57.19274139404297
9fd5d4780b48.yaml,0b854e87d2d6,1,32,2,2,True,zoh,half_life,layer0,frac_below_conv_window,0.97802734375
9fd5d4780b48.yaml,0b854e87d2d6,1,32,2,2,True,zoh,half_life,layer1,min_ms,0.8027466535568237
9fd5d4780b48.yaml,0b854e87d2d6,1,32,2,2,True,zoh,half_life,layer1,max_ms,2334.97265625
9fd5d4780b48.yaml,0b854e87d2d6,1,32,2,2,True,zoh,half_life,layer1,median_ms,5.491976737976074
9fd5d4780b48.yaml,0b854e87d2d6,1,32,2,2,True,zoh,half_life,layer1,mean_ms,21.59571075439453
9fd5d4780b48.yaml,0b854e87d2d6,1,32,2,2,True,zoh,half_life,layer1,std_ms,71.6904525756836
9fd5d4780b48.yaml,0b854e87d2d6,1,32,2,2,True,zoh,half_life,layer1,frac_below_conv_window,0.971923828125
78ca5922c9bf.yaml,95409e0e766e,1,32,2,2,True,euler,zero_state,[0:32],real_loss,0.0331101976335048
78ca5922c9bf.yaml,95409e0e766e,1,32,2,2,True,euler,zero_state,[0:32],zeroed_loss,0.4481166899204254
78ca5922c9bf.yaml,95409e0e766e,1,32,2,2,True,euler,zero_state,[0:32],persistence,0.0707615911960601
78ca5922c9bf.yaml,95409e0e766e,1,32,2,2,True,euler,zero_state,[0:32],skill_real,0.5320880003706254
78ca5922c9bf.yaml,95409e0e766e,1,32,2,2,True,euler,zero_state,[0:32],skill_zeroed,-5.3327672872536445
78ca5922c9bf.yaml,95409e0e766e,1,32,2,2,True,euler,zero_state,[0:32],state_contribution,5.86485528762427
78ca5922c9bf.yaml,95409e0e766e,1,32,2,2,True,euler,zero_state,[256:288],real_loss,0.0340269282460212
78ca5922c9bf.yaml,95409e0e766e,1,32,2,2,True,euler,zero_state,[256:288],zeroed_loss,0.4718028306961059
78ca5922c9bf.yaml,95409e0e766e,1,32,2,2,True,euler,zero_state,[256:288],persistence,0.0682168453931808
78ca5922c9bf.yaml,95409e0e766e,1,32,2,2,True,euler,zero_state,[256:288],skill_real,0.5011946382172826
78ca5922c9bf.yaml,95409e0e766e,1,32,2,2,True,euler,zero_state,[256:288],skill_zeroed,-5.91622176277399
78ca5922c9bf.yaml,95409e0e766e,1,32,2,2,True,euler,zero_state,[256:288],state_contribution,6.417416400991272
78ca5922c9bf.yaml,95409e0e766e,1,32,2,2,True,euler,zero_state,[288:320],real_loss,0.0339088141918182
78ca5922c9bf.yaml,95409e0e766e,1,32,2,2,True,euler,zero_state,[288:320],zeroed_loss,0.4594895839691162
78ca5922c9bf.yaml,95409e0e766e,1,32,2,2,True,euler,zero_state,[288:320],persistence,0.0715298652648925
78ca5922c9bf.yaml,95409e0e766e,1,32,2,2,True,euler,zero_state,[288:320],skill_real,0.5259488597350825
78ca5922c9bf.yaml,95409e0e766e,1,32,2,2,True,euler,zero_state,[288:320],skill_zeroed,-5.423744575325481
78ca5922c9bf.yaml,95409e0e766e,1,32,2,2,True,euler,zero_state,[288:320],state_contribution,5.9496934350605635
78ca5922c9bf.yaml,95409e0e766e,1,32,2,2,True,euler,half_life,layer0,min_ms,2.605552196502685
78ca5922c9bf.yaml,95409e0e766e,1,32,2,2,True,euler,half_life,layer0,max_ms,1351.101806640625
78ca5922c9bf.yaml,95409e0e766e,1,32,2,2,True,euler,half_life,layer0,median_ms,210.52198791503903
78ca5922c9bf.yaml,95409e0e766e,1,32,2,2,True,euler,half_life,layer0,mean_ms,155.6518096923828
78ca5922c9bf.yaml,95409e0e766e,1,32,2,2,True,euler,half_life,layer0,std_ms,90.87120056152344
78ca5922c9bf.yaml,95409e0e766e,1,32,2,2,True,euler,half_life,layer0,frac_below_conv_window,0.318603515625
78ca5922c9bf.yaml,95409e0e766e,1,32,2,2,True,euler,half_life,layer1,min_ms,3.0324857234954834
78ca5922c9bf.yaml,95409e0e766e,1,32,2,2,True,euler,half_life,layer1,max_ms,5794.3720703125
78ca5922c9bf.yaml,95409e0e766e,1,32,2,2,True,euler,half_life,layer1,median_ms,210.52198791503903
78ca5922c9bf.yaml,95409e0e766e,1,32,2,2,True,euler,half_life,layer1,mean_ms,179.73947143554688
78ca5922c9bf.yaml,95409e0e766e,1,32,2,2,True,euler,half_life,layer1,std_ms,134.9212646484375
78ca5922c9bf.yaml,95409e0e766e,1,32,2,2,True,euler,half_life,layer1,frac_below_conv_window,0.20654296875
785844bd75bc.yaml,33cc13dd48fe,1,32,2,2,False,zoh,zero_state,[0:32],real_loss,0.0330602936446666
785844bd75bc.yaml,33cc13dd48fe,1,32,2,2,False,zoh,zero_state,[0:32],zeroed_loss,0.1241030544042587
785844bd75bc.yaml,33cc13dd48fe,1,32,2,2,False,zoh,zero_state,[0:32],persistence,0.0707615911960601
785844bd75bc.yaml,33cc13dd48fe,1,32,2,2,False,zoh,zero_state,[0:32],skill_real,0.532793241561428
785844bd75bc.yaml,33cc13dd48fe,1,32,2,2,False,zoh,zero_state,[0:32],skill_zeroed,-0.7538194422508755
785844bd75bc.yaml,33cc13dd48fe,1,32,2,2,False,zoh,zero_state,[0:32],state_contribution,1.2866126838123035
785844bd75bc.yaml,33cc13dd48fe,1,32,2,2,False,zoh,zero_state,[256:288],real_loss,0.0321905277669429
785844bd75bc.yaml,33cc13dd48fe,1,32,2,2,False,zoh,zero_state,[256:288],zeroed_loss,0.1253501027822494
785844bd75bc.yaml,33cc13dd48fe,1,32,2,2,False,zoh,zero_state,[256:288],persistence,0.0682168453931808
785844bd75bc.yaml,33cc13dd48fe,1,32,2,2,False,zoh,zero_state,[256:288],skill_real,0.5281146822107251
785844bd75bc.yaml,33cc13dd48fe,1,32,2,2,False,zoh,zero_state,[256:288],skill_zeroed,-0.8375241783722207
785844bd75bc.yaml,33cc13dd48fe,1,32,2,2,False,zoh,zero_state,[256:288],state_contribution,1.365638860582946
785844bd75bc.yaml,33cc13dd48fe,1,32,2,2,False,zoh,zero_state,[288:320],real_loss,0.0336456187069416
785844bd75bc.yaml,33cc13dd48fe,1,32,2,2,False,zoh,zero_state,[288:320],zeroed_loss,0.1281971335411071
785844bd75bc.yaml,33cc13dd48fe,1,32,2,2,False,zoh,zero_state,[288:320],persistence,0.0715298652648925
785844bd75bc.yaml,33cc13dd48fe,1,32,2,2,False,zoh,zero_state,[288:320],skill_real,0.5296283785472872
785844bd75bc.yaml,33cc13dd48fe,1,32,2,2,False,zoh,zero_state,[288:320],skill_zeroed,-0.7922183002353191
785844bd75bc.yaml,33cc13dd48fe,1,32,2,2,False,zoh,zero_state,[288:320],state_contribution,1.3218466787826064
785844bd75bc.yaml,33cc13dd48fe,1,32,2,2,False,zoh,half_life,layer0,min_ms,0.8027466535568237
785844bd75bc.yaml,33cc13dd48fe,1,32,2,2,False,zoh,half_life,layer0,max_ms,3677.12060546875
785844bd75bc.yaml,33cc13dd48fe,1,32,2,2,False,zoh,half_life,layer0,median_ms,4.440033435821533
785844bd75bc.yaml,33cc13dd48fe,1,32,2,2,False,zoh,half_life,layer0,mean_ms,13.059598922729492
785844bd75bc.yaml,33cc13dd48fe,1,32,2,2,False,zoh,half_life,layer0,std_ms,66.08277893066406
785844bd75bc.yaml,33cc13dd48fe,1,32,2,2,False,zoh,half_life,layer0,frac_below_conv_window,0.988037109375
785844bd75bc.yaml,33cc13dd48fe,1,32,2,2,False,zoh,half_life,layer1,min_ms,0.8027466535568237
785844bd75bc.yaml,33cc13dd48fe,1,32,2,2,False,zoh,half_life,layer1,max_ms,1199.7965087890625
785844bd75bc.yaml,33cc13dd48fe,1,32,2,2,False,zoh,half_life,layer1,median_ms,3.0534873008728027
785844bd75bc.yaml,33cc13dd48fe,1,32,2,2,False,zoh,half_life,layer1,mean_ms,9.459172248840332
785844bd75bc.yaml,33cc13dd48fe,1,32,2,2,False,zoh,half_life,layer1,std_ms,36.64995574951172
785844bd75bc.yaml,33cc13dd48fe,1,32,2,2,False,zoh,half_life,layer1,frac_below_conv_window,0.992431640625
1bb643a40705.yaml,7d3528f7bcb4,1,32,2,2,False,euler,zero_state,[0:32],real_loss,0.0332994982600212
1bb643a40705.yaml,7d3528f7bcb4,1,32,2,2,False,euler,zero_state,[0:32],zeroed_loss,0.1082743704319
1bb643a40705.yaml,7d3528f7bcb4,1,32,2,2,False,euler,zero_state,[0:32],persistence,0.0707615911960601
1bb643a40705.yaml,7d3528f7bcb4,1,32,2,2,False,euler,zero_state,[0:32],skill_real,0.5294128114253706
1bb643a40705.yaml,7d3528f7bcb4,1,32,2,2,False,euler,zero_state,[0:32],skill_zeroed,-0.530129108203667
1bb643a40705.yaml,7d3528f7bcb4,1,32,2,2,False,euler,zero_state,[0:32],state_contribution,1.0595419196290377
1bb643a40705.yaml,7d3528f7bcb4,1,32,2,2,False,euler,zero_state,[256:288],real_loss,0.0328391157090663
1bb643a40705.yaml,7d3528f7bcb4,1,32,2,2,False,euler,zero_state,[256:288],zeroed_loss,0.1059816628694534
1bb643a40705.yaml,7d3528f7bcb4,1,32,2,2,False,euler,zero_state,[256:288],persistence,0.0682168453931808
1bb643a40705.yaml,7d3528f7bcb4,1,32,2,2,False,euler,zero_state,[256:288],skill_real,0.5186069434933284
1bb643a40705.yaml,7d3528f7bcb4,1,32,2,2,False,euler,zero_state,[256:288],skill_zeroed,-0.5535995875887814
1bb643a40705.yaml,7d3528f7bcb4,1,32,2,2,False,euler,zero_state,[256:288],state_contribution,1.0722065310821098
1bb643a40705.yaml,7d3528f7bcb4,1,32,2,2,False,euler,zero_state,[288:320],real_loss,0.0342359505593776
1bb643a40705.yaml,7d3528f7bcb4,1,32,2,2,False,euler,zero_state,[288:320],zeroed_loss,0.1103491559624672
1bb643a40705.yaml,7d3528f7bcb4,1,32,2,2,False,euler,zero_state,[288:320],persistence,0.0715298652648925
1bb643a40705.yaml,7d3528f7bcb4,1,32,2,2,False,euler,zero_state,[288:320],skill_real,0.5213754362238265
1bb643a40705.yaml,7d3528f7bcb4,1,32,2,2,False,euler,zero_state,[288:320],skill_zeroed,-0.5427004588058051
1bb643a40705.yaml,7d3528f7bcb4,1,32,2,2,False,euler,zero_state,[288:320],state_contribution,1.0640758950296316
1bb643a40705.yaml,7d3528f7bcb4,1,32,2,2,False,euler,half_life,layer0,min_ms,3.23923659324646
1bb643a40705.yaml,7d3528f7bcb4,1,32,2,2,False,euler,half_life,layer0,max_ms,467.0791931152344
1bb643a40705.yaml,7d3528f7bcb4,1,32,2,2,False,euler,half_life,layer0,median_ms,210.52198791503903
1bb643a40705.yaml,7d3528f7bcb4,1,32,2,2,False,euler,half_life,layer0,mean_ms,195.75442504882807
1bb643a40705.yaml,7d3528f7bcb4,1,32,2,2,False,euler,half_life,layer0,std_ms,49.39112854003906
1bb643a40705.yaml,7d3528f7bcb4,1,32,2,2,False,euler,half_life,layer0,frac_below_conv_window,0.083740234375
1bb643a40705.yaml,7d3528f7bcb4,1,32,2,2,False,euler,half_life,layer1,min_ms,4.031179904937744
1bb643a40705.yaml,7d3528f7bcb4,1,32,2,2,False,euler,half_life,layer1,max_ms,1140.6954345703125
1bb643a40705.yaml,7d3528f7bcb4,1,32,2,2,False,euler,half_life,layer1,median_ms,210.52198791503903
1bb643a40705.yaml,7d3528f7bcb4,1,32,2,2,False,euler,half_life,layer1,mean_ms,198.3119201660156
1bb643a40705.yaml,7d3528f7bcb4,1,32,2,2,False,euler,half_life,layer1,std_ms,49.87980270385742
1bb643a40705.yaml,7d3528f7bcb4,1,32,2,2,False,euler,half_life,layer1,frac_below_conv_window,0.06396484375
19b7bdbfdb1b.yaml,9b2f070215b3,1,32,2,1,True,zoh,zero_state,[0:32],real_loss,0.0330531038343906
19b7bdbfdb1b.yaml,9b2f070215b3,1,32,2,1,True,zoh,zero_state,[0:32],zeroed_loss,0.2627256512641907
19b7bdbfdb1b.yaml,9b2f070215b3,1,32,2,1,True,zoh,zero_state,[0:32],persistence,0.0707615911960601
19b7bdbfdb1b.yaml,9b2f070215b3,1,32,2,1,True,zoh,zero_state,[0:32],skill_real,0.5328948476750626
19b7bdbfdb1b.yaml,9b2f070215b3,1,32,2,1,True,zoh,zero_state,[0:32],skill_zeroed,-2.7128284825627063
19b7bdbfdb1b.yaml,9b2f070215b3,1,32,2,1,True,zoh,zero_state,[0:32],state_contribution,3.2457233302377686
19b7bdbfdb1b.yaml,9b2f070215b3,1,32,2,1,True,zoh,zero_state,[256:288],real_loss,0.0326253920793533
19b7bdbfdb1b.yaml,9b2f070215b3,1,32,2,1,True,zoh,zero_state,[256:288],zeroed_loss,0.2611523568630218
19b7bdbfdb1b.yaml,9b2f070215b3,1,32,2,1,True,zoh,zero_state,[256:288],persistence,0.0682168453931808
19b7bdbfdb1b.yaml,9b2f070215b3,1,32,2,1,True,zoh,zero_state,[256:288],skill_real,0.5217399472035003
19b7bdbfdb1b.yaml,9b2f070215b3,1,32,2,1,True,zoh,zero_state,[256:288],skill_zeroed,-2.828267861960198
19b7bdbfdb1b.yaml,9b2f070215b3,1,32,2,1,True,zoh,zero_state,[256:288],state_contribution,3.3500078091636984
19b7bdbfdb1b.yaml,9b2f070215b3,1,32,2,1,True,zoh,zero_state,[288:320],real_loss,0.0337499193847179
19b7bdbfdb1b.yaml,9b2f070215b3,1,32,2,1,True,zoh,zero_state,[288:320],zeroed_loss,0.2646431028842926
19b7bdbfdb1b.yaml,9b2f070215b3,1,32,2,1,True,zoh,zero_state,[288:320],persistence,0.0715298652648925
19b7bdbfdb1b.yaml,9b2f070215b3,1,32,2,1,True,zoh,zero_state,[288:320],skill_real,0.5281702368691212
19b7bdbfdb1b.yaml,9b2f070215b3,1,32,2,1,True,zoh,zero_state,[288:320],skill_zeroed,-2.6997567645941243
19b7bdbfdb1b.yaml,9b2f070215b3,1,32,2,1,True,zoh,zero_state,[288:320],state_contribution,3.2279270014632457
19b7bdbfdb1b.yaml,9b2f070215b3,1,32,2,1,True,zoh,half_life,layer0,min_ms,0.8027466535568237
19b7bdbfdb1b.yaml,9b2f070215b3,1,32,2,1,True,zoh,half_life,layer0,max_ms,591.9067993164062
19b7bdbfdb1b.yaml,9b2f070215b3,1,32,2,1,True,zoh,half_life,layer0,median_ms,4.39482307434082
19b7bdbfdb1b.yaml,9b2f070215b3,1,32,2,1,True,zoh,half_life,layer0,mean_ms,14.09567928314209
19b7bdbfdb1b.yaml,9b2f070215b3,1,32,2,1,True,zoh,half_life,layer0,std_ms,35.01277160644531
19b7bdbfdb1b.yaml,9b2f070215b3,1,32,2,1,True,zoh,half_life,layer0,frac_below_conv_window,0.9873046875
19b7bdbfdb1b.yaml,9b2f070215b3,1,32,2,1,True,zoh,half_life,layer1,min_ms,0.8027466535568237
19b7bdbfdb1b.yaml,9b2f070215b3,1,32,2,1,True,zoh,half_life,layer1,max_ms,2469.829833984375
19b7bdbfdb1b.yaml,9b2f070215b3,1,32,2,1,True,zoh,half_life,layer1,median_ms,7.542280197143555
19b7bdbfdb1b.yaml,9b2f070215b3,1,32,2,1,True,zoh,half_life,layer1,mean_ms,31.790143966674805
19b7bdbfdb1b.yaml,9b2f070215b3,1,32,2,1,True,zoh,half_life,layer1,std_ms,101.01795959472656
19b7bdbfdb1b.yaml,9b2f070215b3,1,32,2,1,True,zoh,half_life,layer1,frac_below_conv_window,0.951171875
615b3e5e8dc9.yaml,3944b0a8c4ce,1,32,2,1,True,euler,zero_state,[0:32],real_loss,0.0330928340554237
615b3e5e8dc9.yaml,3944b0a8c4ce,1,32,2,1,True,euler,zero_state,[0:32],zeroed_loss,0.2710360288619995
615b3e5e8dc9.yaml,3944b0a8c4ce,1,32,2,1,True,euler,zero_state,[0:32],persistence,0.0707615911960601
615b3e5e8dc9.yaml,3944b0a8c4ce,1,32,2,1,True,euler,zero_state,[0:32],skill_real,0.5323333817673357
615b3e5e8dc9.yaml,3944b0a8c4ce,1,32,2,1,True,euler,zero_state,[0:32],skill_zeroed,-2.8302704091409705
615b3e5e8dc9.yaml,3944b0a8c4ce,1,32,2,1,True,euler,zero_state,[0:32],state_contribution,3.362603790908306
615b3e5e8dc9.yaml,3944b0a8c4ce,1,32,2,1,True,euler,zero_state,[256:288],real_loss,0.0326850898563861
615b3e5e8dc9.yaml,3944b0a8c4ce,1,32,2,1,True,euler,zero_state,[256:288],zeroed_loss,0.2625125646591186
615b3e5e8dc9.yaml,3944b0a8c4ce,1,32,2,1,True,euler,zero_state,[256:288],persistence,0.0682168453931808
615b3e5e8dc9.yaml,3944b0a8c4ce,1,32,2,1,True,euler,zero_state,[256:288],skill_real,0.5208648293834255
615b3e5e8dc9.yaml,3944b0a8c4ce,1,32,2,1,True,euler,zero_state,[256:288],skill_zeroed,-2.8482073327501034
615b3e5e8dc9.yaml,3944b0a8c4ce,1,32,2,1,True,euler,zero_state,[256:288],state_contribution,3.369072162133529
615b3e5e8dc9.yaml,3944b0a8c4ce,1,32,2,1,True,euler,zero_state,[288:320],real_loss,0.0336993522942066
615b3e5e8dc9.yaml,3944b0a8c4ce,1,32,2,1,True,euler,zero_state,[288:320],zeroed_loss,0.2617488801479339
615b3e5e8dc9.yaml,3944b0a8c4ce,1,32,2,1,True,euler,zero_state,[288:320],persistence,0.0715298652648925
615b3e5e8dc9.yaml,3944b0a8c4ce,1,32,2,1,True,euler,zero_state,[288:320],skill_real,0.5288771736195828
615b3e5e8dc9.yaml,3944b0a8c4ce,1,32,2,1,True,euler,zero_state,[288:320],skill_zeroed,-2.6592950256317955
615b3e5e8dc9.yaml,3944b0a8c4ce,1,32,2,1,True,euler,zero_state,[288:320],state_contribution,3.1881721992513783
615b3e5e8dc9.yaml,3944b0a8c4ce,1,32,2,1,True,euler,half_life,layer0,min_ms,3.7931466102600098
615b3e5e8dc9.yaml,3944b0a8c4ce,1,32,2,1,True,euler,half_life,layer0,max_ms,1069.4525146484375
615b3e5e8dc9.yaml,3944b0a8c4ce,1,32,2,1,True,euler,half_life,layer0,median_ms,210.52198791503903
615b3e5e8dc9.yaml,3944b0a8c4ce,1,32,2,1,True,euler,half_life,layer0,mean_ms,154.30079650878906
615b3e5e8dc9.yaml,3944b0a8c4ce,1,32,2,1,True,euler,half_life,layer0,std_ms,92.467529296875
615b3e5e8dc9.yaml,3944b0a8c4ce,1,32,2,1,True,euler,half_life,layer0,frac_below_conv_window,0.33154296875
615b3e5e8dc9.yaml,3944b0a8c4ce,1,32,2,1,True,euler,half_life,layer1,min_ms,2.603548765182495
615b3e5e8dc9.yaml,3944b0a8c4ce,1,32,2,1,True,euler,half_life,layer1,max_ms,369.2737731933594
615b3e5e8dc9.yaml,3944b0a8c4ce,1,32,2,1,True,euler,half_life,layer1,median_ms,210.52198791503903
615b3e5e8dc9.yaml,3944b0a8c4ce,1,32,2,1,True,euler,half_life,layer1,mean_ms,173.0155029296875
615b3e5e8dc9.yaml,3944b0a8c4ce,1,32,2,1,True,euler,half_life,layer1,std_ms,73.02040100097656
615b3e5e8dc9.yaml,3944b0a8c4ce,1,32,2,1,True,euler,half_life,layer1,frac_below_conv_window,0.2138671875
88c8a2386977.yaml,1d0f615af9a7,1,32,2,1,False,zoh,zero_state,[0:32],real_loss,0.0335567221045494
88c8a2386977.yaml,1d0f615af9a7,1,32,2,1,False,zoh,zero_state,[0:32],zeroed_loss,0.0953756868839263
88c8a2386977.yaml,1d0f615af9a7,1,32,2,1,False,zoh,zero_state,[0:32],persistence,0.0707615911960601
88c8a2386977.yaml,1d0f615af9a7,1,32,2,1,False,zoh,zero_state,[0:32],skill_real,0.5257777342573698
88c8a2386977.yaml,1d0f615af9a7,1,32,2,1,False,zoh,zero_state,[0:32],skill_zeroed,-0.3478454239343993
88c8a2386977.yaml,1d0f615af9a7,1,32,2,1,False,zoh,zero_state,[0:32],state_contribution,0.8736231581917692
88c8a2386977.yaml,1d0f615af9a7,1,32,2,1,False,zoh,zero_state,[256:288],real_loss,0.0329852774739265
88c8a2386977.yaml,1d0f615af9a7,1,32,2,1,False,zoh,zero_state,[256:288],zeroed_loss,0.0956580862402916
88c8a2386977.yaml,1d0f615af9a7,1,32,2,1,False,zoh,zero_state,[256:288],persistence,0.0682168453931808
88c8a2386977.yaml,1d0f615af9a7,1,32,2,1,False,zoh,zero_state,[256:288],skill_real,0.5164643383344747
88c8a2386977.yaml,1d0f615af9a7,1,32,2,1,False,zoh,zero_state,[256:288],skill_zeroed,-0.4022648759107505
88c8a2386977.yaml,1d0f615af9a7,1,32,2,1,False,zoh,zero_state,[256:288],state_contribution,0.9187292142452252
88c8a2386977.yaml,1d0f615af9a7,1,32,2,1,False,zoh,zero_state,[288:320],real_loss,0.0341720469295978
88c8a2386977.yaml,1d0f615af9a7,1,32,2,1,False,zoh,zero_state,[288:320],zeroed_loss,0.0988016873598098
88c8a2386977.yaml,1d0f615af9a7,1,32,2,1,False,zoh,zero_state,[288:320],persistence,0.0715298652648925
88c8a2386977.yaml,1d0f615af9a7,1,32,2,1,False,zoh,zero_state,[288:320],skill_real,0.5222688201207928
88c8a2386977.yaml,1d0f615af9a7,1,32,2,1,False,zoh,zero_state,[288:320],skill_zeroed,-0.3812648324433867
88c8a2386977.yaml,1d0f615af9a7,1,32,2,1,False,zoh,zero_state,[288:320],state_contribution,0.9035336525641795
88c8a2386977.yaml,1d0f615af9a7,1,32,2,1,False,zoh,half_life,layer0,min_ms,0.8027466535568237
88c8a2386977.yaml,1d0f615af9a7,1,32,2,1,False,zoh,half_life,layer0,max_ms,755.7333374023438
88c8a2386977.yaml,1d0f615af9a7,1,32,2,1,False,zoh,half_life,layer0,median_ms,3.660823822021485
88c8a2386977.yaml,1d0f615af9a7,1,32,2,1,False,zoh,half_life,layer0,mean_ms,11.024415969848633
88c8a2386977.yaml,1d0f615af9a7,1,32,2,1,False,zoh,half_life,layer0,std_ms,34.51617813110352
88c8a2386977.yaml,1d0f615af9a7,1,32,2,1,False,zoh,half_life,layer0,frac_below_conv_window,0.98974609375
88c8a2386977.yaml,1d0f615af9a7,1,32,2,1,False,zoh,half_life,layer1,min_ms,0.8027466535568237
88c8a2386977.yaml,1d0f615af9a7,1,32,2,1,False,zoh,half_life,layer1,max_ms,447.2429504394531
88c8a2386977.yaml,1d0f615af9a7,1,32,2,1,False,zoh,half_life,layer1,median_ms,3.990172863006592
88c8a2386977.yaml,1d0f615af9a7,1,32,2,1,False,zoh,half_life,layer1,mean_ms,10.835962295532228
88c8a2386977.yaml,1d0f615af9a7,1,32,2,1,False,zoh,half_life,layer1,std_ms,25.76432991027832
88c8a2386977.yaml,1d0f615af9a7,1,32,2,1,False,zoh,half_life,layer1,frac_below_conv_window,0.9931640625
dd85abe752ba.yaml,f517b199970d,1,32,2,1,False,euler,zero_state,[0:32],real_loss,0.0364622101187706
dd85abe752ba.yaml,f517b199970d,1,32,2,1,False,euler,zero_state,[0:32],zeroed_loss,0.1122819781303405
dd85abe752ba.yaml,f517b199970d,1,32,2,1,False,euler,zero_state,[0:32],persistence,0.0707615911960601
dd85abe752ba.yaml,f517b199970d,1,32,2,1,False,euler,zero_state,[0:32],skill_real,0.484717492887572
dd85abe752ba.yaml,f517b199970d,1,32,2,1,False,euler,zero_state,[0:32],skill_zeroed,-0.5867644612348986
dd85abe752ba.yaml,f517b199970d,1,32,2,1,False,euler,zero_state,[0:32],state_contribution,1.0714819541224705
dd85abe752ba.yaml,f517b199970d,1,32,2,1,False,euler,zero_state,[256:288],real_loss,0.0416202284395694
dd85abe752ba.yaml,f517b199970d,1,32,2,1,False,euler,zero_state,[256:288],zeroed_loss,0.1165976598858833
dd85abe752ba.yaml,f517b199970d,1,32,2,1,False,euler,zero_state,[256:288],persistence,0.0682168453931808
dd85abe752ba.yaml,f517b199970d,1,32,2,1,False,euler,zero_state,[256:288],skill_real,0.3898834195617913
dd85abe752ba.yaml,f517b199970d,1,32,2,1,False,euler,zero_state,[256:288],skill_zeroed,-0.709220929432465
dd85abe752ba.yaml,f517b199970d,1,32,2,1,False,euler,zero_state,[256:288],state_contribution,1.0991043489942562
dd85abe752ba.yaml,f517b199970d,1,32,2,1,False,euler,zero_state,[288:320],real_loss,0.0367646068334579
dd85abe752ba.yaml,f517b199970d,1,32,2,1,False,euler,zero_state,[288:320],zeroed_loss,0.1144741103053093
dd85abe752ba.yaml,f517b199970d,1,32,2,1,False,euler,zero_state,[288:320],persistence,0.0715298652648925
dd85abe752ba.yaml,f517b199970d,1,32,2,1,False,euler,zero_state,[288:320],skill_real,0.4860243802038544
dd85abe752ba.yaml,f517b199970d,1,32,2,1,False,euler,zero_state,[288:320],skill_zeroed,-0.6003680404175749
dd85abe752ba.yaml,f517b199970d,1,32,2,1,False,euler,zero_state,[288:320],state_contribution,1.0863924206214293
dd85abe752ba.yaml,f517b199970d,1,32,2,1,False,euler,half_life,layer0,min_ms,3.4392566680908203
dd85abe752ba.yaml,f517b199970d,1,32,2,1,False,euler,half_life,layer0,max_ms,210.52198791503903
dd85abe752ba.yaml,f517b199970d,1,32,2,1,False,euler,half_life,layer0,median_ms,210.52198791503903
dd85abe752ba.yaml,f517b199970d,1,32,2,1,False,euler,half_life,layer0,mean_ms,198.3529052734375
dd85abe752ba.yaml,f517b199970d,1,32,2,1,False,euler,half_life,layer0,std_ms,46.95691680908203
dd85abe752ba.yaml,f517b199970d,1,32,2,1,False,euler,half_life,layer0,frac_below_conv_window,0.06298828125
dd85abe752ba.yaml,f517b199970d,1,32,2,1,False,euler,half_life,layer1,min_ms,5.967581272125244
dd85abe752ba.yaml,f517b199970d,1,32,2,1,False,euler,half_life,layer1,max_ms,258.94610595703125
dd85abe752ba.yaml,f517b199970d,1,32,2,1,False,euler,half_life,layer1,median_ms,210.52198791503903
dd85abe752ba.yaml,f517b199970d,1,32,2,1,False,euler,half_life,layer1,mean_ms,201.28260803222656
dd85abe752ba.yaml,f517b199970d,1,32,2,1,False,euler,half_life,layer1,std_ms,39.71035003662109
dd85abe752ba.yaml,f517b199970d,1,32,2,1,False,euler,half_life,layer1,frac_below_conv_window,0.05224609375
35e13b3d6a57.yaml,8c4aead7227f,1,32,1,2,True,zoh,zero_state,[0:32],real_loss,0.0342051647603511
35e13b3d6a57.yaml,8c4aead7227f,1,32,1,2,True,zoh,zero_state,[0:32],zeroed_loss,0.5030511617660522
35e13b3d6a57.yaml,8c4aead7227f,1,32,1,2,True,zoh,zero_state,[0:32],persistence,0.0707615911960601
35e13b3d6a57.yaml,8c4aead7227f,1,32,1,2,True,zoh,zero_state,[0:32],skill_real,0.5166139683662789
35e13b3d6a57.yaml,8c4aead7227f,1,32,1,2,True,zoh,zero_state,[0:32],skill_zeroed,-6.109099064381424
35e13b3d6a57.yaml,8c4aead7227f,1,32,1,2,True,zoh,zero_state,[0:32],state_contribution,6.625713032747703
35e13b3d6a57.yaml,8c4aead7227f,1,32,1,2,True,zoh,zero_state,[256:288],real_loss,0.0346806198358535
35e13b3d6a57.yaml,8c4aead7227f,1,32,1,2,True,zoh,zero_state,[256:288],zeroed_loss,0.50348961353302
35e13b3d6a57.yaml,8c4aead7227f,1,32,1,2,True,zoh,zero_state,[256:288],persistence,0.0682168453931808
35e13b3d6a57.yaml,8c4aead7227f,1,32,1,2,True,zoh,zero_state,[256:288],skill_real,0.4916120844350807
35e13b3d6a57.yaml,8c4aead7227f,1,32,1,2,True,zoh,zero_state,[256:288],skill_zeroed,-6.380722615228852
35e13b3d6a57.yaml,8c4aead7227f,1,32,1,2,True,zoh,zero_state,[256:288],state_contribution,6.872334699663933
35e13b3d6a57.yaml,8c4aead7227f,1,32,1,2,True,zoh,zero_state,[288:320],real_loss,0.0359216183423996
35e13b3d6a57.yaml,8c4aead7227f,1,32,1,2,True,zoh,zero_state,[288:320],zeroed_loss,0.5043423175811768
35e13b3d6a57.yaml,8c4aead7227f,1,32,1,2,True,zoh,zero_state,[288:320],persistence,0.0715298652648925
35e13b3d6a57.yaml,8c4aead7227f,1,32,1,2,True,zoh,zero_state,[288:320],skill_real,0.4978095064296142
35e13b3d6a57.yaml,8c4aead7227f,1,32,1,2,True,zoh,zero_state,[288:320],skill_zeroed,-6.050793619049523
35e13b3d6a57.yaml,8c4aead7227f,1,32,1,2,True,zoh,zero_state,[288:320],state_contribution,6.548603125479137
35e13b3d6a57.yaml,8c4aead7227f,1,32,1,2,True,zoh,half_life,layer0,min_ms,0.8027466535568237
35e13b3d6a57.yaml,8c4aead7227f,1,32,1,2,True,zoh,half_life,layer0,max_ms,18754.001953125
35e13b3d6a57.yaml,8c4aead7227f,1,32,1,2,True,zoh,half_life,layer0,median_ms,5.6622724533081055
35e13b3d6a57.yaml,8c4aead7227f,1,32,1,2,True,zoh,half_life,layer0,mean_ms,34.39091491699219
35e13b3d6a57.yaml,8c4aead7227f,1,32,1,2,True,zoh,half_life,layer0,std_ms,378.7208251953125
35e13b3d6a57.yaml,8c4aead7227f,1,32,1,2,True,zoh,half_life,layer0,frac_below_conv_window,0.973876953125
91443246bcf9.yaml,78370c3ccbfb,1,32,1,2,True,euler,zero_state,[0:32],real_loss,0.0345187932252883
91443246bcf9.yaml,78370c3ccbfb,1,32,1,2,True,euler,zero_state,[0:32],zeroed_loss,0.3283018171787262
91443246bcf9.yaml,78370c3ccbfb,1,32,1,2,True,euler,zero_state,[0:32],persistence,0.0707615911960601
91443246bcf9.yaml,78370c3ccbfb,1,32,1,2,True,euler,zero_state,[0:32],skill_real,0.5121817833399667
91443246bcf9.yaml,78370c3ccbfb,1,32,1,2,True,euler,zero_state,[0:32],skill_zeroed,-3.639548258165868
91443246bcf9.yaml,78370c3ccbfb,1,32,1,2,True,euler,zero_state,[0:32],state_contribution,4.151730041505834
91443246bcf9.yaml,78370c3ccbfb,1,32,1,2,True,euler,zero_state,[256:288],real_loss,0.0349774956703186
91443246bcf9.yaml,78370c3ccbfb,1,32,1,2,True,euler,zero_state,[256:288],zeroed_loss,0.3390222191810608
91443246bcf9.yaml,78370c3ccbfb,1,32,1,2,True,euler,zero_state,[256:288],persistence,0.0682168453931808
91443246bcf9.yaml,78370c3ccbfb,1,32,1,2,True,euler,zero_state,[256:288],skill_real,0.4872601412639487
91443246bcf9.yaml,78370c3ccbfb,1,32,1,2,True,euler,zero_state,[256:288],skill_zeroed,-3.969772747875416
91443246bcf9.yaml,78370c3ccbfb,1,32,1,2,True,euler,zero_state,[256:288],state_contribution,4.457032889139365
91443246bcf9.yaml,78370c3ccbfb,1,32,1,2,True,euler,zero_state,[288:320],real_loss,0.0362164862453937
91443246bcf9.yaml,78370c3ccbfb,1,32,1,2,True,euler,zero_state,[288:320],zeroed_loss,0.3326349258422851
91443246bcf9.yaml,78370c3ccbfb,1,32,1,2,True,euler,zero_state,[288:320],persistence,0.0715298652648925
91443246bcf9.yaml,78370c3ccbfb,1,32,1,2,True,euler,zero_state,[288:320],skill_real,0.4936872016845656
91443246bcf9.yaml,78370c3ccbfb,1,32,1,2,True,euler,zero_state,[288:320],skill_zeroed,-3.650294315674393
91443246bcf9.yaml,78370c3ccbfb,1,32,1,2,True,euler,zero_state,[288:320],state_contribution,4.1439815173589585
91443246bcf9.yaml,78370c3ccbfb,1,32,1,2,True,euler,half_life,layer0,min_ms,2.879024744033813
91443246bcf9.yaml,78370c3ccbfb,1,32,1,2,True,euler,half_life,layer0,max_ms,546.2760009765625
91443246bcf9.yaml,78370c3ccbfb,1,32,1,2,True,euler,half_life,layer0,median_ms,210.52198791503903
91443246bcf9.yaml,78370c3ccbfb,1,32,1,2,True,euler,half_life,layer0,mean_ms,179.75784301757812
91443246bcf9.yaml,78370c3ccbfb,1,32,1,2,True,euler,half_life,layer0,std_ms,67.8988037109375
91443246bcf9.yaml,78370c3ccbfb,1,32,1,2,True,euler,half_life,layer0,frac_below_conv_window,0.17431640625
1fd5020aab7f.yaml,4e6f244b9119,1,32,1,2,False,zoh,zero_state,[0:32],real_loss,0.0353747494518756
1fd5020aab7f.yaml,4e6f244b9119,1,32,1,2,False,zoh,zero_state,[0:32],zeroed_loss,0.2427248209714889
1fd5020aab7f.yaml,4e6f244b9119,1,32,1,2,False,zoh,zero_state,[0:32],persistence,0.0707615911960601
1fd5020aab7f.yaml,4e6f244b9119,1,32,1,2,False,zoh,zero_state,[0:32],skill_real,0.5000854438976317
1fd5020aab7f.yaml,4e6f244b9119,1,32,1,2,False,zoh,zero_state,[0:32],skill_zeroed,-2.430177542206021
1fd5020aab7f.yaml,4e6f244b9119,1,32,1,2,False,zoh,zero_state,[0:32],state_contribution,2.930262986103653
1fd5020aab7f.yaml,4e6f244b9119,1,32,1,2,False,zoh,zero_state,[256:288],real_loss,0.0355192348361015
1fd5020aab7f.yaml,4e6f244b9119,1,32,1,2,False,zoh,zero_state,[256:288],zeroed_loss,0.2608046531677246
1fd5020aab7f.yaml,4e6f244b9119,1,32,1,2,False,zoh,zero_state,[256:288],persistence,0.0682168453931808
1fd5020aab7f.yaml,4e6f244b9119,1,32,1,2,False,zoh,zero_state,[256:288],skill_real,0.4793187132682606
1fd5020aab7f.yaml,4e6f244b9119,1,32,1,2,False,zoh,zero_state,[256:288],skill_zeroed,-2.823170826275051
1fd5020aab7f.yaml,4e6f244b9119,1,32,1,2,False,zoh,zero_state,[256:288],state_contribution,3.3024895395433114
1fd5020aab7f.yaml,4e6f244b9119,1,32,1,2,False,zoh,zero_state,[288:320],real_loss,0.0367627888917923
1fd5020aab7f.yaml,4e6f244b9119,1,32,1,2,False,zoh,zero_state,[288:320],zeroed_loss,0.2531104981899261
1fd5020aab7f.yaml,4e6f244b9119,1,32,1,2,False,zoh,zero_state,[288:320],persistence,0.0715298652648925
1fd5020aab7f.yaml,4e6f244b9119,1,32,1,2,False,zoh,zero_state,[288:320],skill_real,0.4860497953456125
1fd5020aab7f.yaml,4e6f244b9119,1,32,1,2,False,zoh,zero_state,[288:320],skill_zeroed,-2.538528938263704
1fd5020aab7f.yaml,4e6f244b9119,1,32,1,2,False,zoh,zero_state,[288:320],state_contribution,3.0245787336093164
1fd5020aab7f.yaml,4e6f244b9119,1,32,1,2,False,zoh,half_life,layer0,min_ms,0.8027466535568237
1fd5020aab7f.yaml,4e6f244b9119,1,32,1,2,False,zoh,half_life,layer0,max_ms,2704.5419921875
1fd5020aab7f.yaml,4e6f244b9119,1,32,1,2,False,zoh,half_life,layer0,median_ms,4.890645980834961
1fd5020aab7f.yaml,4e6f244b9119,1,32,1,2,False,zoh,half_life,layer0,mean_ms,15.774187088012695
1fd5020aab7f.yaml,4e6f244b9119,1,32,1,2,False,zoh,half_life,layer0,std_ms,60.28010559082031
1fd5020aab7f.yaml,4e6f244b9119,1,32,1,2,False,zoh,half_life,layer0,frac_below_conv_window,0.981689453125
e383b78a1108.yaml,bf210af21ef5,1,32,1,2,False,euler,zero_state,[0:32],real_loss,0.0358422584831714
e383b78a1108.yaml,bf210af21ef5,1,32,1,2,False,euler,zero_state,[0:32],zeroed_loss,0.108853556215763
e383b78a1108.yaml,bf210af21ef5,1,32,1,2,False,euler,zero_state,[0:32],persistence,0.0707615911960601
e383b78a1108.yaml,bf210af21ef5,1,32,1,2,False,euler,zero_state,[0:32],skill_real,0.4934786248112653
e383b78a1108.yaml,bf210af21ef5,1,32,1,2,False,euler,zero_state,[0:32],skill_zeroed,-0.5383141387276178
e383b78a1108.yaml,bf210af21ef5,1,32,1,2,False,euler,zero_state,[0:32],state_contribution,1.031792763538883
e383b78a1108.yaml,bf210af21ef5,1,32,1,2,False,euler,zero_state,[256:288],real_loss,0.0360947586596012
e383b78a1108.yaml,bf210af21ef5,1,32,1,2,False,euler,zero_state,[256:288],zeroed_loss,0.1153547093272209
e383b78a1108.yaml,bf210af21ef5,1,32,1,2,False,euler,zero_state,[256:288],persistence,0.0682168453931808
e383b78a1108.yaml,bf210af21ef5,1,32,1,2,False,euler,zero_state,[256:288],skill_real,0.4708820313873771
e383b78a1108.yaml,bf210af21ef5,1,32,1,2,False,euler,zero_state,[256:288],skill_zeroed,-0.6910003484088418
e383b78a1108.yaml,bf210af21ef5,1,32,1,2,False,euler,zero_state,[256:288],state_contribution,1.161882379796219
e383b78a1108.yaml,bf210af21ef5,1,32,1,2,False,euler,zero_state,[288:320],real_loss,0.0375928729772567
e383b78a1108.yaml,bf210af21ef5,1,32,1,2,False,euler,zero_state,[288:320],zeroed_loss,0.112938106060028
e383b78a1108.yaml,bf210af21ef5,1,32,1,2,False,euler,zero_state,[288:320],persistence,0.0715298652648925
e383b78a1108.yaml,bf210af21ef5,1,32,1,2,False,euler,zero_state,[288:320],skill_real,0.4744450749621689
e383b78a1108.yaml,bf210af21ef5,1,32,1,2,False,euler,zero_state,[288:320],skill_zeroed,-0.5788944330006867
e383b78a1108.yaml,bf210af21ef5,1,32,1,2,False,euler,zero_state,[288:320],state_contribution,1.0533395079628556
e383b78a1108.yaml,bf210af21ef5,1,32,1,2,False,euler,half_life,layer0,min_ms,4.561406135559082
e383b78a1108.yaml,bf210af21ef5,1,32,1,2,False,euler,half_life,layer0,max_ms,1432.954833984375
e383b78a1108.yaml,bf210af21ef5,1,32,1,2,False,euler,half_life,layer0,median_ms,210.52198791503903
e383b78a1108.yaml,bf210af21ef5,1,32,1,2,False,euler,half_life,layer0,mean_ms,195.19569396972656
e383b78a1108.yaml,bf210af21ef5,1,32,1,2,False,euler,half_life,layer0,std_ms,56.05247116088867
e383b78a1108.yaml,bf210af21ef5,1,32,1,2,False,euler,half_life,layer0,frac_below_conv_window,0.09033203125
f3c8b9679081.yaml,a96b30718cb1,1,32,1,1,True,zoh,zero_state,[0:32],real_loss,0.0342776104807853
f3c8b9679081.yaml,a96b30718cb1,1,32,1,1,True,zoh,zero_state,[0:32],zeroed_loss,0.2212608307600021
f3c8b9679081.yaml,a96b30718cb1,1,32,1,1,True,zoh,zero_state,[0:32],persistence,0.0707615911960601
f3c8b9679081.yaml,a96b30718cb1,1,32,1,1,True,zoh,zero_state,[0:32],skill_real,0.5155901683186873
f3c8b9679081.yaml,a96b30718cb1,1,32,1,1,True,zoh,zero_state,[0:32],skill_zeroed,-2.1268492839138045
f3c8b9679081.yaml,a96b30718cb1,1,32,1,1,True,zoh,zero_state,[0:32],state_contribution,2.642439452232492
f3c8b9679081.yaml,a96b30718cb1,1,32,1,1,True,zoh,zero_state,[256:288],real_loss,0.0352679304778575
f3c8b9679081.yaml,a96b30718cb1,1,32,1,1,True,zoh,zero_state,[256:288],zeroed_loss,0.2261829525232315
f3c8b9679081.yaml,a96b30718cb1,1,32,1,1,True,zoh,zero_state,[256:288],persistence,0.0682168453931808
f3c8b9679081.yaml,a96b30718cb1,1,32,1,1,True,zoh,zero_state,[256:288],skill_real,0.4830026179811728
f3c8b9679081.yaml,a96b30718cb1,1,32,1,1,True,zoh,zero_state,[256:288],skill_zeroed,-2.315646615137108
f3c8b9679081.yaml,a96b30718cb1,1,32,1,1,True,zoh,zero_state,[256:288],state_contribution,2.798649233118281
f3c8b9679081.yaml,a96b30718cb1,1,32,1,1,True,zoh,zero_state,[288:320],real_loss,0.0354943424463272
f3c8b9679081.yaml,a96b30718cb1,1,32,1,1,True,zoh,zero_state,[288:320],zeroed_loss,0.2248868495225906
f3c8b9679081.yaml,a96b30718cb1,1,32,1,1,True,zoh,zero_state,[288:320],persistence,0.0715298652648925
f3c8b9679081.yaml,a96b30718cb1,1,32,1,1,True,zoh,zero_state,[288:320],skill_real,0.5037828980261184
f3c8b9679081.yaml,a96b30718cb1,1,32,1,1,True,zoh,zero_state,[288:320],skill_zeroed,-2.143957404222413
f3c8b9679081.yaml,a96b30718cb1,1,32,1,1,True,zoh,zero_state,[288:320],state_contribution,2.6477403022485317
f3c8b9679081.yaml,a96b30718cb1,1,32,1,1,True,zoh,half_life,layer0,min_ms,0.8027466535568237
f3c8b9679081.yaml,a96b30718cb1,1,32,1,1,True,zoh,half_life,layer0,max_ms,470.613525390625
f3c8b9679081.yaml,a96b30718cb1,1,32,1,1,True,zoh,half_life,layer0,median_ms,3.783755302429199
f3c8b9679081.yaml,a96b30718cb1,1,32,1,1,True,zoh,half_life,layer0,mean_ms,14.26289176940918
f3c8b9679081.yaml,a96b30718cb1,1,32,1,1,True,zoh,half_life,layer0,std_ms,35.224388122558594
f3c8b9679081.yaml,a96b30718cb1,1,32,1,1,True,zoh,half_life,layer0,frac_below_conv_window,0.9814453125
cd2caed96f33.yaml,a09d692fb204,1,32,1,1,True,euler,zero_state,[0:32],real_loss,0.0349553748965263
cd2caed96f33.yaml,a09d692fb204,1,32,1,1,True,euler,zero_state,[0:32],zeroed_loss,0.1957660317420959
cd2caed96f33.yaml,a09d692fb204,1,32,1,1,True,euler,zero_state,[0:32],persistence,0.0707615911960601
cd2caed96f33.yaml,a09d692fb204,1,32,1,1,True,euler,zero_state,[0:32],skill_real,0.5060120284791934
cd2caed96f33.yaml,a09d692fb204,1,32,1,1,True,euler,zero_state,[0:32],skill_zeroed,-1.766557795452679
cd2caed96f33.yaml,a09d692fb204,1,32,1,1,True,euler,zero_state,[0:32],state_contribution,2.2725698239318723
cd2caed96f33.yaml,a09d692fb204,1,32,1,1,True,euler,zero_state,[256:288],real_loss,0.0352476835250854
cd2caed96f33.yaml,a09d692fb204,1,32,1,1,True,euler,zero_state,[256:288],zeroed_loss,0.1965238749980926
cd2caed96f33.yaml,a09d692fb204,1,32,1,1,True,euler,zero_state,[256:288],persistence,0.0682168453931808
cd2caed96f33.yaml,a09d692fb204,1,32,1,1,True,euler,zero_state,[256:288],skill_real,0.4832994208112574
cd2caed96f33.yaml,a09d692fb204,1,32,1,1,True,euler,zero_state,[256:288],skill_zeroed,-1.880870170196081
cd2caed96f33.yaml,a09d692fb204,1,32,1,1,True,euler,zero_state,[256:288],state_contribution,2.3641695910073386
cd2caed96f33.yaml,a09d692fb204,1,32,1,1,True,euler,zero_state,[288:320],real_loss,0.0359358862042427
cd2caed96f33.yaml,a09d692fb204,1,32,1,1,True,euler,zero_state,[288:320],zeroed_loss,0.1977299898862838
cd2caed96f33.yaml,a09d692fb204,1,32,1,1,True,euler,zero_state,[288:320],persistence,0.0715298652648925
cd2caed96f33.yaml,a09d692fb204,1,32,1,1,True,euler,zero_state,[288:320],skill_real,0.4976100392309794
cd2caed96f33.yaml,a09d692fb204,1,32,1,1,True,euler,zero_state,[288:320],skill_zeroed,-1.7642997670139793
cd2caed96f33.yaml,a09d692fb204,1,32,1,1,True,euler,zero_state,[288:320],state_contribution,2.2619098062449585
cd2caed96f33.yaml,a09d692fb204,1,32,1,1,True,euler,half_life,layer0,min_ms,3.2147107124328613
cd2caed96f33.yaml,a09d692fb204,1,32,1,1,True,euler,half_life,layer0,max_ms,828.2265625
cd2caed96f33.yaml,a09d692fb204,1,32,1,1,True,euler,half_life,layer0,median_ms,210.52198791503903
cd2caed96f33.yaml,a09d692fb204,1,32,1,1,True,euler,half_life,layer0,mean_ms,160.20382690429688
cd2caed96f33.yaml,a09d692fb204,1,32,1,1,True,euler,half_life,layer0,std_ms,82.72990417480469
cd2caed96f33.yaml,a09d692fb204,1,32,1,1,True,euler,half_life,layer0,frac_below_conv_window,0.2890625
ddca9c6767da.yaml,c24ed91eaf8d,1,32,1,1,False,zoh,zero_state,[0:32],real_loss,0.0356310717761516
ddca9c6767da.yaml,c24ed91eaf8d,1,32,1,1,False,zoh,zero_state,[0:32],zeroed_loss,0.0986283197999
ddca9c6767da.yaml,c24ed91eaf8d,1,32,1,1,False,zoh,zero_state,[0:32],persistence,0.0707615911960601
ddca9c6767da.yaml,c24ed91eaf8d,1,32,1,1,False,zoh,zero_state,[0:32],skill_real,0.4964631069780763
ddca9c6767da.yaml,c24ed91eaf8d,1,32,1,1,False,zoh,zero_state,[0:32],skill_zeroed,-0.3938115032861418
ddca9c6767da.yaml,c24ed91eaf8d,1,32,1,1,False,zoh,zero_state,[0:32],state_contribution,0.8902746102642181
ddca9c6767da.yaml,c24ed91eaf8d,1,32,1,1,False,zoh,zero_state,[256:288],real_loss,0.0362595096230506
ddca9c6767da.yaml,c24ed91eaf8d,1,32,1,1,False,zoh,zero_state,[256:288],zeroed_loss,0.0991714298725128
ddca9c6767da.yaml,c24ed91eaf8d,1,32,1,1,False,zoh,zero_state,[256:288],persistence,0.0682168453931808
ddca9c6767da.yaml,c24ed91eaf8d,1,32,1,1,False,zoh,zero_state,[256:288],skill_real,0.4684669246421163
ddca9c6767da.yaml,c24ed91eaf8d,1,32,1,1,False,zoh,zero_state,[256:288],skill_zeroed,-0.4537674573035339
ddca9c6767da.yaml,c24ed91eaf8d,1,32,1,1,False,zoh,zero_state,[256:288],state_contribution,0.9222343819456502
ddca9c6767da.yaml,c24ed91eaf8d,1,32,1,1,False,zoh,zero_state,[288:320],real_loss,0.0370850302278995
ddca9c6767da.yaml,c24ed91eaf8d,1,32,1,1,False,zoh,zero_state,[288:320],zeroed_loss,0.099500872194767
ddca9c6767da.yaml,c24ed91eaf8d,1,32,1,1,False,zoh,zero_state,[288:320],persistence,0.0715298652648925
ddca9c6767da.yaml,c24ed91eaf8d,1,32,1,1,False,zoh,zero_state,[288:320],skill_real,0.4815448052283529
ddca9c6767da.yaml,c24ed91eaf8d,1,32,1,1,False,zoh,zero_state,[288:320],skill_zeroed,-0.3910395584598258
ddca9c6767da.yaml,c24ed91eaf8d,1,32,1,1,False,zoh,zero_state,[288:320],state_contribution,0.8725843636881787
ddca9c6767da.yaml,c24ed91eaf8d,1,32,1,1,False,zoh,half_life,layer0,min_ms,0.8027466535568237
ddca9c6767da.yaml,c24ed91eaf8d,1,32,1,1,False,zoh,half_life,layer0,max_ms,2317.29833984375
ddca9c6767da.yaml,c24ed91eaf8d,1,32,1,1,False,zoh,half_life,layer0,median_ms,5.980958461761475
ddca9c6767da.yaml,c24ed91eaf8d,1,32,1,1,False,zoh,half_life,layer0,mean_ms,18.078445434570312
ddca9c6767da.yaml,c24ed91eaf8d,1,32,1,1,False,zoh,half_life,layer0,std_ms,67.65442657470703
ddca9c6767da.yaml,c24ed91eaf8d,1,32,1,1,False,zoh,half_life,layer0,frac_below_conv_window,0.9775390625
b73c95fa7731.yaml,a5ba155885e9,1,32,1,1,False,euler,zero_state,[0:32],real_loss,0.0371051430702209
b73c95fa7731.yaml,a5ba155885e9,1,32,1,1,False,euler,zero_state,[0:32],zeroed_loss,0.1683144718408584
b73c95fa7731.yaml,a5ba155885e9,1,32,1,1,False,euler,zero_state,[0:32],persistence,0.0707615911960601
b73c95fa7731.yaml,a5ba155885e9,1,32,1,1,False,euler,zero_state,[0:32],skill_real,0.4756315899198312
b73c95fa7731.yaml,a5ba155885e9,1,32,1,1,False,euler,zero_state,[0:32],skill_zeroed,-1.3786134398039054
b73c95fa7731.yaml,a5ba155885e9,1,32,1,1,False,euler,zero_state,[0:32],state_contribution,1.8542450297237365
b73c95fa7731.yaml,a5ba155885e9,1,32,1,1,False,euler,zero_state,[256:288],real_loss,0.036018531769514
b73c95fa7731.yaml,a5ba155885e9,1,32,1,1,False,euler,zero_state,[256:288],zeroed_loss,0.1758201718330383
b73c95fa7731.yaml,a5ba155885e9,1,32,1,1,False,euler,zero_state,[256:288],persistence,0.0682168453931808
b73c95fa7731.yaml,a5ba155885e9,1,32,1,1,False,euler,zero_state,[256:288],skill_real,0.471999451720255
b73c95fa7731.yaml,a5ba155885e9,1,32,1,1,False,euler,zero_state,[256:288],skill_zeroed,-1.5773717740781636
b73c95fa7731.yaml,a5ba155885e9,1,32,1,1,False,euler,zero_state,[256:288],state_contribution,2.0493712257984185
b73c95fa7731.yaml,a5ba155885e9,1,32,1,1,False,euler,zero_state,[288:320],real_loss,0.0383272245526313
b73c95fa7731.yaml,a5ba155885e9,1,32,1,1,False,euler,zero_state,[288:320],zeroed_loss,0.1744446754455566
b73c95fa7731.yaml,a5ba155885e9,1,32,1,1,False,euler,zero_state,[288:320],persistence,0.0715298652648925
b73c95fa7731.yaml,a5ba155885e9,1,32,1,1,False,euler,zero_state,[288:320],skill_real,0.4641787117772933
b73c95fa7731.yaml,a5ba155885e9,1,32,1,1,False,euler,zero_state,[288:320],skill_zeroed,-1.4387670073128946
b73c95fa7731.yaml,a5ba155885e9,1,32,1,1,False,euler,zero_state,[288:320],state_contribution,1.902945719090188
b73c95fa7731.yaml,a5ba155885e9,1,32,1,1,False,euler,half_life,layer0,min_ms,3.996428012847901
b73c95fa7731.yaml,a5ba155885e9,1,32,1,1,False,euler,half_life,layer0,max_ms,4144.74072265625
b73c95fa7731.yaml,a5ba155885e9,1,32,1,1,False,euler,half_life,layer0,median_ms,210.52198791503903
b73c95fa7731.yaml,a5ba155885e9,1,32,1,1,False,euler,half_life,layer0,mean_ms,200.0067443847656
b73c95fa7731.yaml,a5ba155885e9,1,32,1,1,False,euler,half_life,layer0,std_ms,99.98503112792967
b73c95fa7731.yaml,a5ba155885e9,1,32,1,1,False,euler,half_life,layer0,frac_below_conv_window,0.068359375
9fc675fd0183.yaml,76529a9ade37,1,16,4,2,True,zoh,zero_state,[0:32],real_loss,0.0323907397687435
9fc675fd0183.yaml,76529a9ade37,1,16,4,2,True,zoh,zero_state,[0:32],zeroed_loss,0.176640123128891
9fc675fd0183.yaml,76529a9ade37,1,16,4,2,True,zoh,zero_state,[0:32],persistence,0.0707615911960601
9fc675fd0183.yaml,76529a9ade37,1,16,4,2,True,zoh,zero_state,[0:32],skill_real,0.5422553503778905
9fc675fd0183.yaml,76529a9ade37,1,16,4,2,True,zoh,zero_state,[0:32],skill_zeroed,-1.4962712135665748
9fc675fd0183.yaml,76529a9ade37,1,16,4,2,True,zoh,zero_state,[0:32],state_contribution,2.0385265639444654
9fc675fd0183.yaml,76529a9ade37,1,16,4,2,True,zoh,zero_state,[256:288],real_loss,0.031627994030714
9fc675fd0183.yaml,76529a9ade37,1,16,4,2,True,zoh,zero_state,[256:288],zeroed_loss,0.1746429949998855
9fc675fd0183.yaml,76529a9ade37,1,16,4,2,True,zoh,zero_state,[256:288],persistence,0.0682168453931808
9fc675fd0183.yaml,76529a9ade37,1,16,4,2,True,zoh,zero_state,[256:288],skill_real,0.5363609406383418
9fc675fd0183.yaml,76529a9ade37,1,16,4,2,True,zoh,zero_state,[256:288],skill_zeroed,-1.5601153790284088
9fc675fd0183.yaml,76529a9ade37,1,16,4,2,True,zoh,zero_state,[256:288],state_contribution,2.096476319666751
9fc675fd0183.yaml,76529a9ade37,1,16,4,2,True,zoh,zero_state,[288:320],real_loss,0.0326244570314884
9fc675fd0183.yaml,76529a9ade37,1,16,4,2,True,zoh,zero_state,[288:320],zeroed_loss,0.1765430122613906
9fc675fd0183.yaml,76529a9ade37,1,16,4,2,True,zoh,zero_state,[288:320],persistence,0.0715298652648925
9fc675fd0183.yaml,76529a9ade37,1,16,4,2,True,zoh,zero_state,[288:320],skill_real,0.5439043969861808
9fc675fd0183.yaml,76529a9ade37,1,16,4,2,True,zoh,zero_state,[288:320],skill_zeroed,-1.468102122206001
9fc675fd0183.yaml,76529a9ade37,1,16,4,2,True,zoh,zero_state,[288:320],state_contribution,2.0120065191921817
9fc675fd0183.yaml,76529a9ade37,1,16,4,2,True,zoh,half_life,layer0,min_ms,0.8027466535568237
9fc675fd0183.yaml,76529a9ade37,1,16,4,2,True,zoh,half_life,layer0,max_ms,118.94098663330078
9fc675fd0183.yaml,76529a9ade37,1,16,4,2,True,zoh,half_life,layer0,median_ms,4.745606899261475
9fc675fd0183.yaml,76529a9ade37,1,16,4,2,True,zoh,half_life,layer0,mean_ms,9.186338424682615
9fc675fd0183.yaml,76529a9ade37,1,16,4,2,True,zoh,half_life,layer0,std_ms,12.682223320007324
9fc675fd0183.yaml,76529a9ade37,1,16,4,2,True,zoh,half_life,layer0,frac_below_conv_window,1.0
9fc675fd0183.yaml,76529a9ade37,1,16,4,2,True,zoh,half_life,layer1,min_ms,0.8027466535568237
9fc675fd0183.yaml,76529a9ade37,1,16,4,2,True,zoh,half_life,layer1,max_ms,27197.400390625
9fc675fd0183.yaml,76529a9ade37,1,16,4,2,True,zoh,half_life,layer1,median_ms,15.028884887695312
9fc675fd0183.yaml,76529a9ade37,1,16,4,2,True,zoh,half_life,layer1,mean_ms,84.02350616455078
9fc675fd0183.yaml,76529a9ade37,1,16,4,2,True,zoh,half_life,layer1,std_ms,730.6334228515625
9fc675fd0183.yaml,76529a9ade37,1,16,4,2,True,zoh,half_life,layer1,frac_below_conv_window,0.91748046875
9fc675fd0183.yaml,76529a9ade37,1,16,4,2,True,zoh,half_life,layer2,min_ms,0.8027466535568237
9fc675fd0183.yaml,76529a9ade37,1,16,4,2,True,zoh,half_life,layer2,max_ms,1177.41455078125
9fc675fd0183.yaml,76529a9ade37,1,16,4,2,True,zoh,half_life,layer2,median_ms,11.865655899047852
9fc675fd0183.yaml,76529a9ade37,1,16,4,2,True,zoh,half_life,layer2,mean_ms,31.53923988342285
9fc675fd0183.yaml,76529a9ade37,1,16,4,2,True,zoh,half_life,layer2,std_ms,73.20907592773438
9fc675fd0183.yaml,76529a9ade37,1,16,4,2,True,zoh,half_life,layer2,frac_below_conv_window,0.9541015625
9fc675fd0183.yaml,76529a9ade37,1,16,4,2,True,zoh,half_life,layer3,min_ms,0.8027466535568237
9fc675fd0183.yaml,76529a9ade37,1,16,4,2,True,zoh,half_life,layer3,max_ms,213.74313354492188
9fc675fd0183.yaml,76529a9ade37,1,16,4,2,True,zoh,half_life,layer3,median_ms,4.206006050109863
9fc675fd0183.yaml,76529a9ade37,1,16,4,2,True,zoh,half_life,layer3,mean_ms,9.591514587402344
9fc675fd0183.yaml,76529a9ade37,1,16,4,2,True,zoh,half_life,layer3,std_ms,17.13068389892578
9fc675fd0183.yaml,76529a9ade37,1,16,4,2,True,zoh,half_life,layer3,frac_below_conv_window,0.99560546875
66f9b66faef8.yaml,f3b8233e4c4f,1,16,4,2,True,euler,zero_state,[0:32],real_loss,0.0319053791463375
66f9b66faef8.yaml,f3b8233e4c4f,1,16,4,2,True,euler,zero_state,[0:32],zeroed_loss,0.1962368190288543
66f9b66faef8.yaml,f3b8233e4c4f,1,16,4,2,True,euler,zero_state,[0:32],persistence,0.0707615911960601
66f9b66faef8.yaml,f3b8233e4c4f,1,16,4,2,True,euler,zero_state,[0:32],skill_real,0.5491144474417371
66f9b66faef8.yaml,f3b8233e4c4f,1,16,4,2,True,euler,zero_state,[0:32],skill_zeroed,-1.77321094271521
66f9b66faef8.yaml,f3b8233e4c4f,1,16,4,2,True,euler,zero_state,[0:32],state_contribution,2.322325390156947
66f9b66faef8.yaml,f3b8233e4c4f,1,16,4,2,True,euler,zero_state,[256:288],real_loss,0.0316842831671237
66f9b66faef8.yaml,f3b8233e4c4f,1,16,4,2,True,euler,zero_state,[256:288],zeroed_loss,0.1956925839185714
66f9b66faef8.yaml,f3b8233e4c4f,1,16,4,2,True,euler,zero_state,[256:288],persistence,0.0682168453931808
66f9b66faef8.yaml,f3b8233e4c4f,1,16,4,2,True,euler,zero_state,[256:288],skill_real,0.5355357905440311
66f9b66faef8.yaml,f3b8233e4c4f,1,16,4,2,True,euler,zero_state,[256:288],skill_zeroed,-1.868684161377733
66f9b66faef8.yaml,f3b8233e4c4f,1,16,4,2,True,euler,zero_state,[256:288],state_contribution,2.404219951921764
66f9b66faef8.yaml,f3b8233e4c4f,1,16,4,2,True,euler,zero_state,[288:320],real_loss,0.0324697084724903
66f9b66faef8.yaml,f3b8233e4c4f,1,16,4,2,True,euler,zero_state,[288:320],zeroed_loss,0.1977714151144027
66f9b66faef8.yaml,f3b8233e4c4f,1,16,4,2,True,euler,zero_state,[288:320],persistence,0.0715298652648925
66f9b66faef8.yaml,f3b8233e4c4f,1,16,4,2,True,euler,zero_state,[288:320],skill_real,0.5460678088481358
66f9b66faef8.yaml,f3b8233e4c4f,1,16,4,2,True,euler,zero_state,[288:320],skill_zeroed,-1.7648788989327309
66f9b66faef8.yaml,f3b8233e4c4f,1,16,4,2,True,euler,zero_state,[288:320],state_contribution,2.3109467077808667
66f9b66faef8.yaml,f3b8233e4c4f,1,16,4,2,True,euler,half_life,layer0,min_ms,2.3691165447235107
66f9b66faef8.yaml,f3b8233e4c4f,1,16,4,2,True,euler,half_life,layer0,max_ms,563.7344970703125
66f9b66faef8.yaml,f3b8233e4c4f,1,16,4,2,True,euler,half_life,layer0,median_ms,210.52198791503903
66f9b66faef8.yaml,f3b8233e4c4f,1,16,4,2,True,euler,half_life,layer0,mean_ms,168.54222106933594
66f9b66faef8.yaml,f3b8233e4c4f,1,16,4,2,True,euler,half_life,layer0,std_ms,76.7535629272461
66f9b66faef8.yaml,f3b8233e4c4f,1,16,4,2,True,euler,half_life,layer0,frac_below_conv_window,0.232421875
66f9b66faef8.yaml,f3b8233e4c4f,1,16,4,2,True,euler,half_life,layer1,min_ms,3.6769790649414062
66f9b66faef8.yaml,f3b8233e4c4f,1,16,4,2,True,euler,half_life,layer1,max_ms,1062.5806884765625
66f9b66faef8.yaml,f3b8233e4c4f,1,16,4,2,True,euler,half_life,layer1,median_ms,210.52198791503903
66f9b66faef8.yaml,f3b8233e4c4f,1,16,4,2,True,euler,half_life,layer1,mean_ms,136.6431884765625
66f9b66faef8.yaml,f3b8233e4c4f,1,16,4,2,True,euler,half_life,layer1,std_ms,95.6351318359375
66f9b66faef8.yaml,f3b8233e4c4f,1,16,4,2,True,euler,half_life,layer1,frac_below_conv_window,0.42724609375
66f9b66faef8.yaml,f3b8233e4c4f,1,16,4,2,True,euler,half_life,layer2,min_ms,2.918780565261841
66f9b66faef8.yaml,f3b8233e4c4f,1,16,4,2,True,euler,half_life,layer2,max_ms,856.4830932617188
66f9b66faef8.yaml,f3b8233e4c4f,1,16,4,2,True,euler,half_life,layer2,median_ms,175.01193237304688
66f9b66faef8.yaml,f3b8233e4c4f,1,16,4,2,True,euler,half_life,layer2,mean_ms,127.05909729003906
66f9b66faef8.yaml,f3b8233e4c4f,1,16,4,2,True,euler,half_life,layer2,std_ms,94.1642837524414
66f9b66faef8.yaml,f3b8233e4c4f,1,16,4,2,True,euler,half_life,layer2,frac_below_conv_window,0.47509765625
66f9b66faef8.yaml,f3b8233e4c4f,1,16,4,2,True,euler,half_life,layer3,min_ms,3.260891914367676
66f9b66faef8.yaml,f3b8233e4c4f,1,16,4,2,True,euler,half_life,layer3,max_ms,376.3713684082031
66f9b66faef8.yaml,f3b8233e4c4f,1,16,4,2,True,euler,half_life,layer3,median_ms,210.52198791503903
66f9b66faef8.yaml,f3b8233e4c4f,1,16,4,2,True,euler,half_life,layer3,mean_ms,165.15916442871094
66f9b66faef8.yaml,f3b8233e4c4f,1,16,4,2,True,euler,half_life,layer3,std_ms,78.201171875
66f9b66faef8.yaml,f3b8233e4c4f,1,16,4,2,True,euler,half_life,layer3,frac_below_conv_window,0.2548828125
958b5079feae.yaml,3371b4ab52be,1,16,4,2,False,zoh,zero_state,[0:32],real_loss,0.031743187457323
958b5079feae.yaml,3371b4ab52be,1,16,4,2,False,zoh,zero_state,[0:32],zeroed_loss,0.1127274483442306
958b5079feae.yaml,3371b4ab52be,1,16,4,2,False,zoh,zero_state,[0:32],persistence,0.0707615911960601
958b5079feae.yaml,3371b4ab52be,1,16,4,2,False,zoh,zero_state,[0:32],skill_real,0.5514065339575003
958b5079feae.yaml,3371b4ab52be,1,16,4,2,False,zoh,zero_state,[0:32],skill_zeroed,-0.5930598286278648
958b5079feae.yaml,3371b4ab52be,1,16,4,2,False,zoh,zero_state,[0:32],state_contribution,1.144466362585365
958b5079feae.yaml,3371b4ab52be,1,16,4,2,False,zoh,zero_state,[256:288],real_loss,0.0312396101653575
958b5079feae.yaml,3371b4ab52be,1,16,4,2,False,zoh,zero_state,[256:288],zeroed_loss,0.118190199136734
958b5079feae.yaml,3371b4ab52be,1,16,4,2,False,zoh,zero_state,[256:288],persistence,0.0682168453931808
958b5079feae.yaml,3371b4ab52be,1,16,4,2,False,zoh,zero_state,[256:288],skill_real,0.5420543124604764
958b5079feae.yaml,3371b4ab52be,1,16,4,2,False,zoh,zero_state,[256:288],skill_zeroed,-0.7325661785666306
958b5079feae.yaml,3371b4ab52be,1,16,4,2,False,zoh,zero_state,[256:288],state_contribution,1.274620491027107
958b5079feae.yaml,3371b4ab52be,1,16,4,2,False,zoh,zero_state,[288:320],real_loss,0.0322392508387565
958b5079feae.yaml,3371b4ab52be,1,16,4,2,False,zoh,zero_state,[288:320],zeroed_loss,0.1146702915430069
958b5079feae.yaml,3371b4ab52be,1,16,4,2,False,zoh,zero_state,[288:320],persistence,0.0715298652648925
958b5079feae.yaml,3371b4ab52be,1,16,4,2,False,zoh,zero_state,[288:320],skill_real,0.5492896467878594
958b5079feae.yaml,3371b4ab52be,1,16,4,2,False,zoh,zero_state,[288:320],skill_zeroed,-0.6031106883586985
958b5079feae.yaml,3371b4ab52be,1,16,4,2,False,zoh,zero_state,[288:320],state_contribution,1.152400335146558
958b5079feae.yaml,3371b4ab52be,1,16,4,2,False,zoh,half_life,layer0,min_ms,1.1838300228118896
958b5079feae.yaml,3371b4ab52be,1,16,4,2,False,zoh,half_life,layer0,max_ms,1005.1663818359376
958b5079feae.yaml,3371b4ab52be,1,16,4,2,False,zoh,half_life,layer0,median_ms,6.622899532318115
958b5079feae.yaml,3371b4ab52be,1,16,4,2,False,zoh,half_life,layer0,mean_ms,18.05844116210937
958b5079feae.yaml,3371b4ab52be,1,16,4,2,False,zoh,half_life,layer0,std_ms,47.136993408203125
958b5079feae.yaml,3371b4ab52be,1,16,4,2,False,zoh,half_life,layer0,frac_below_conv_window,0.98291015625
958b5079feae.yaml,3371b4ab52be,1,16,4,2,False,zoh,half_life,layer1,min_ms,1.0913386344909668
958b5079feae.yaml,3371b4ab52be,1,16,4,2,False,zoh,half_life,layer1,max_ms,727.3087158203125
958b5079feae.yaml,3371b4ab52be,1,16,4,2,False,zoh,half_life,layer1,median_ms,5.478100776672363
958b5079feae.yaml,3371b4ab52be,1,16,4,2,False,zoh,half_life,layer1,mean_ms,11.92975616455078
958b5079feae.yaml,3371b4ab52be,1,16,4,2,False,zoh,half_life,layer1,std_ms,26.646141052246094
958b5079feae.yaml,3371b4ab52be,1,16,4,2,False,zoh,half_life,layer1,frac_below_conv_window,0.99560546875
958b5079feae.yaml,3371b4ab52be,1,16,4,2,False,zoh,half_life,layer2,min_ms,0.9981303215026855
958b5079feae.yaml,3371b4ab52be,1,16,4,2,False,zoh,half_life,layer2,max_ms,591.9996337890625
958b5079feae.yaml,3371b4ab52be,1,16,4,2,False,zoh,half_life,layer2,median_ms,5.367917537689209
958b5079feae.yaml,3371b4ab52be,1,16,4,2,False,zoh,half_life,layer2,mean_ms,11.364238739013672
958b5079feae.yaml,3371b4ab52be,1,16,4,2,False,zoh,half_life,layer2,std_ms,22.88224220275879
958b5079feae.yaml,3371b4ab52be,1,16,4,2,False,zoh,half_life,layer2,frac_below_conv_window,0.99560546875
958b5079feae.yaml,3371b4ab52be,1,16,4,2,False,zoh,half_life,layer3,min_ms,1.0538034439086914
958b5079feae.yaml,3371b4ab52be,1,16,4,2,False,zoh,half_life,layer3,max_ms,253.4390106201172
958b5079feae.yaml,3371b4ab52be,1,16,4,2,False,zoh,half_life,layer3,median_ms,5.001617431640625
958b5079feae.yaml,3371b4ab52be,1,16,4,2,False,zoh,half_life,layer3,mean_ms,9.507843017578123
958b5079feae.yaml,3371b4ab52be,1,16,4,2,False,zoh,half_life,layer3,std_ms,13.816506385803224
958b5079feae.yaml,3371b4ab52be,1,16,4,2,False,zoh,half_life,layer3,frac_below_conv_window,0.99853515625
7bd3273ab33e.yaml,22046ec32b53,1,16,4,2,False,euler,zero_state,[0:32],real_loss,0.0329761616885662
7bd3273ab33e.yaml,22046ec32b53,1,16,4,2,False,euler,zero_state,[0:32],zeroed_loss,0.1084047928452491
7bd3273ab33e.yaml,22046ec32b53,1,16,4,2,False,euler,zero_state,[0:32],persistence,0.0707615911960601
7bd3273ab33e.yaml,22046ec32b53,1,16,4,2,False,euler,zero_state,[0:32],skill_real,0.533982191027917
7bd3273ab33e.yaml,22046ec32b53,1,16,4,2,False,euler,zero_state,[0:32],skill_zeroed,-0.5319722325758676
7bd3273ab33e.yaml,22046ec32b53,1,16,4,2,False,euler,zero_state,[0:32],state_contribution,1.0659544236037846
7bd3273ab33e.yaml,22046ec32b53,1,16,4,2,False,euler,zero_state,[256:288],real_loss,0.0321397297084331
7bd3273ab33e.yaml,22046ec32b53,1,16,4,2,False,euler,zero_state,[256:288],zeroed_loss,0.1151013150811195
7bd3273ab33e.yaml,22046ec32b53,1,16,4,2,False,euler,zero_state,[256:288],persistence,0.0682168453931808
7bd3273ab33e.yaml,22046ec32b53,1,16,4,2,False,euler,zero_state,[256:288],skill_real,0.5288593378484499
7bd3273ab33e.yaml,22046ec32b53,1,16,4,2,False,euler,zero_state,[256:288],skill_zeroed,-0.6872858077460351
7bd3273ab33e.yaml,22046ec32b53,1,16,4,2,False,euler,zero_state,[256:288],state_contribution,1.216145145594485
7bd3273ab33e.yaml,22046ec32b53,1,16,4,2,False,euler,zero_state,[288:320],real_loss,0.0332207307219505
7bd3273ab33e.yaml,22046ec32b53,1,16,4,2,False,euler,zero_state,[288:320],zeroed_loss,0.111296534538269
7bd3273ab33e.yaml,22046ec32b53,1,16,4,2,False,euler,zero_state,[288:320],persistence,0.0715298652648925
7bd3273ab33e.yaml,22046ec32b53,1,16,4,2,False,euler,zero_state,[288:320],skill_real,0.5355683867301295
7bd3273ab33e.yaml,22046ec32b53,1,16,4,2,False,euler,zero_state,[288:320],skill_zeroed,-0.5559449766347353
7bd3273ab33e.yaml,22046ec32b53,1,16,4,2,False,euler,zero_state,[288:320],state_contribution,1.0915133633648648
7bd3273ab33e.yaml,22046ec32b53,1,16,4,2,False,euler,half_life,layer0,min_ms,3.8529794216156006
7bd3273ab33e.yaml,22046ec32b53,1,16,4,2,False,euler,half_life,layer0,max_ms,210.52198791503903
7bd3273ab33e.yaml,22046ec32b53,1,16,4,2,False,euler,half_life,layer0,median_ms,210.52198791503903
7bd3273ab33e.yaml,22046ec32b53,1,16,4,2,False,euler,half_life,layer0,mean_ms,186.652099609375
7bd3273ab33e.yaml,22046ec32b53,1,16,4,2,False,euler,half_life,layer0,std_ms,63.12046432495117
7bd3273ab33e.yaml,22046ec32b53,1,16,4,2,False,euler,half_life,layer0,frac_below_conv_window,0.125
7bd3273ab33e.yaml,22046ec32b53,1,16,4,2,False,euler,half_life,layer1,min_ms,11.484200477600098
7bd3273ab33e.yaml,22046ec32b53,1,16,4,2,False,euler,half_life,layer1,max_ms,210.52198791503903
7bd3273ab33e.yaml,22046ec32b53,1,16,4,2,False,euler,half_life,layer1,median_ms,210.52198791503903
7bd3273ab33e.yaml,22046ec32b53,1,16,4,2,False,euler,half_life,layer1,mean_ms,191.0158843994141
7bd3273ab33e.yaml,22046ec32b53,1,16,4,2,False,euler,half_life,layer1,std_ms,55.85529327392578
7bd3273ab33e.yaml,22046ec32b53,1,16,4,2,False,euler,half_life,layer1,frac_below_conv_window,0.109375
7bd3273ab33e.yaml,22046ec32b53,1,16,4,2,False,euler,half_life,layer2,min_ms,3.977318286895752
7bd3273ab33e.yaml,22046ec32b53,1,16,4,2,False,euler,half_life,layer2,max_ms,405.0791015625
7bd3273ab33e.yaml,22046ec32b53,1,16,4,2,False,euler,half_life,layer2,median_ms,210.52198791503903
7bd3273ab33e.yaml,22046ec32b53,1,16,4,2,False,euler,half_life,layer2,mean_ms,180.72836303710935
7bd3273ab33e.yaml,22046ec32b53,1,16,4,2,False,euler,half_life,layer2,std_ms,67.57362365722656
7bd3273ab33e.yaml,22046ec32b53,1,16,4,2,False,euler,half_life,layer2,frac_below_conv_window,0.16357421875
7bd3273ab33e.yaml,22046ec32b53,1,16,4,2,False,euler,half_life,layer3,min_ms,3.5993165969848637
7bd3273ab33e.yaml,22046ec32b53,1,16,4,2,False,euler,half_life,layer3,max_ms,210.52198791503903
7bd3273ab33e.yaml,22046ec32b53,1,16,4,2,False,euler,half_life,layer3,median_ms,210.52198791503903
7bd3273ab33e.yaml,22046ec32b53,1,16,4,2,False,euler,half_life,layer3,mean_ms,186.7034149169922
7bd3273ab33e.yaml,22046ec32b53,1,16,4,2,False,euler,half_life,layer3,std_ms,62.88665771484375
7bd3273ab33e.yaml,22046ec32b53,1,16,4,2,False,euler,half_life,layer3,frac_below_conv_window,0.12548828125
bd0c0b487924.yaml,53bb32154053,1,16,4,1,True,zoh,zero_state,[0:32],real_loss,0.0331011824309825
bd0c0b487924.yaml,53bb32154053,1,16,4,1,True,zoh,zero_state,[0:32],zeroed_loss,0.2673271596431732
bd0c0b487924.yaml,53bb32154053,1,16,4,1,True,zoh,zero_state,[0:32],persistence,0.0707615911960601
bd0c0b487924.yaml,53bb32154053,1,16,4,1,True,zoh,zero_state,[0:32],skill_real,0.5322154028550792
bd0c0b487924.yaml,53bb32154053,1,16,4,1,True,zoh,zero_state,[0:32],skill_zeroed,-2.7778568164540838
bd0c0b487924.yaml,53bb32154053,1,16,4,1,True,zoh,zero_state,[0:32],state_contribution,3.3100722193091627
bd0c0b487924.yaml,53bb32154053,1,16,4,1,True,zoh,zero_state,[256:288],real_loss,0.0328001268208026
bd0c0b487924.yaml,53bb32154053,1,16,4,1,True,zoh,zero_state,[256:288],zeroed_loss,0.2630568146705627
bd0c0b487924.yaml,53bb32154053,1,16,4,1,True,zoh,zero_state,[256:288],persistence,0.0682168453931808
bd0c0b487924.yaml,53bb32154053,1,16,4,1,True,zoh,zero_state,[256:288],skill_real,0.5191784869008105
bd0c0b487924.yaml,53bb32154053,1,16,4,1,True,zoh,zero_state,[256:288],skill_zeroed,-2.856185567573294
bd0c0b487924.yaml,53bb32154053,1,16,4,1,True,zoh,zero_state,[256:288],state_contribution,3.3753640544741046
bd0c0b487924.yaml,53bb32154053,1,16,4,1,True,zoh,zero_state,[288:320],real_loss,0.0337051041424274
bd0c0b487924.yaml,53bb32154053,1,16,4,1,True,zoh,zero_state,[288:320],zeroed_loss,0.2640772461891174
bd0c0b487924.yaml,53bb32154053,1,16,4,1,True,zoh,zero_state,[288:320],persistence,0.0715298652648925
bd0c0b487924.yaml,53bb32154053,1,16,4,1,True,zoh,zero_state,[288:320],skill_real,0.5287967617776267
bd0c0b487924.yaml,53bb32154053,1,16,4,1,True,zoh,zero_state,[288:320],skill_zeroed,-2.6918459892406457
bd0c0b487924.yaml,53bb32154053,1,16,4,1,True,zoh,zero_state,[288:320],state_contribution,3.2206427510182722
bd0c0b487924.yaml,53bb32154053,1,16,4,1,True,zoh,half_life,layer0,min_ms,0.8027466535568237
bd0c0b487924.yaml,53bb32154053,1,16,4,1,True,zoh,half_life,layer0,max_ms,467.1173095703125
bd0c0b487924.yaml,53bb32154053,1,16,4,1,True,zoh,half_life,layer0,median_ms,13.406200408935549
bd0c0b487924.yaml,53bb32154053,1,16,4,1,True,zoh,half_life,layer0,mean_ms,27.99515914916992
bd0c0b487924.yaml,53bb32154053,1,16,4,1,True,zoh,half_life,layer0,std_ms,46.17597961425781
bd0c0b487924.yaml,53bb32154053,1,16,4,1,True,zoh,half_life,layer0,frac_below_conv_window,0.9560546875
bd0c0b487924.yaml,53bb32154053,1,16,4,1,True,zoh,half_life,layer1,min_ms,0.8027466535568237
bd0c0b487924.yaml,53bb32154053,1,16,4,1,True,zoh,half_life,layer1,max_ms,482.7734375
bd0c0b487924.yaml,53bb32154053,1,16,4,1,True,zoh,half_life,layer1,median_ms,4.748381614685059
bd0c0b487924.yaml,53bb32154053,1,16,4,1,True,zoh,half_life,layer1,mean_ms,13.56619644165039
bd0c0b487924.yaml,53bb32154053,1,16,4,1,True,zoh,half_life,layer1,std_ms,30.380107879638672
bd0c0b487924.yaml,53bb32154053,1,16,4,1,True,zoh,half_life,layer1,frac_below_conv_window,0.9892578125
bd0c0b487924.yaml,53bb32154053,1,16,4,1,True,zoh,half_life,layer2,min_ms,0.8027466535568237
bd0c0b487924.yaml,53bb32154053,1,16,4,1,True,zoh,half_life,layer2,max_ms,1076.6640625
bd0c0b487924.yaml,53bb32154053,1,16,4,1,True,zoh,half_life,layer2,median_ms,7.840680122375488
bd0c0b487924.yaml,53bb32154053,1,16,4,1,True,zoh,half_life,layer2,mean_ms,24.437911987304688
bd0c0b487924.yaml,53bb32154053,1,16,4,1,True,zoh,half_life,layer2,std_ms,60.379486083984375
bd0c0b487924.yaml,53bb32154053,1,16,4,1,True,zoh,half_life,layer2,frac_below_conv_window,0.96484375
bd0c0b487924.yaml,53bb32154053,1,16,4,1,True,zoh,half_life,layer3,min_ms,0.8027466535568237
bd0c0b487924.yaml,53bb32154053,1,16,4,1,True,zoh,half_life,layer3,max_ms,2908.001953125
bd0c0b487924.yaml,53bb32154053,1,16,4,1,True,zoh,half_life,layer3,median_ms,4.159631729125977
bd0c0b487924.yaml,53bb32154053,1,16,4,1,True,zoh,half_life,layer3,mean_ms,25.21957015991211
bd0c0b487924.yaml,53bb32154053,1,16,4,1,True,zoh,half_life,layer3,std_ms,120.57756042480467
bd0c0b487924.yaml,53bb32154053,1,16,4,1,True,zoh,half_life,layer3,frac_below_conv_window,0.9658203125
acb5f6b4022f.yaml,4da754070cf6,1,16,4,1,True,euler,zero_state,[0:32],real_loss,0.0326153002679348
acb5f6b4022f.yaml,4da754070cf6,1,16,4,1,True,euler,zero_state,[0:32],zeroed_loss,0.2350283861160278
acb5f6b4022f.yaml,4da754070cf6,1,16,4,1,True,euler,zero_state,[0:32],persistence,0.0707615911960601
acb5f6b4022f.yaml,4da754070cf6,1,16,4,1,True,euler,zero_state,[0:32],skill_real,0.5390818703105883
acb5f6b4022f.yaml,4da754070cf6,1,16,4,1,True,euler,zero_state,[0:32],skill_zeroed,-2.3214118301103666
acb5f6b4022f.yaml,4da754070cf6,1,16,4,1,True,euler,zero_state,[0:32],state_contribution,2.860493700420955
acb5f6b4022f.yaml,4da754070cf6,1,16,4,1,True,euler,zero_state,[256:288],real_loss,0.0320250652730464
acb5f6b4022f.yaml,4da754070cf6,1,16,4,1,True,euler,zero_state,[256:288],zeroed_loss,0.2361462712287902
acb5f6b4022f.yaml,4da754070cf6,1,16,4,1,True,euler,zero_state,[256:288],persistence,0.0682168453931808
acb5f6b4022f.yaml,4da754070cf6,1,16,4,1,True,euler,zero_state,[256:288],skill_real,0.5305402193774295
acb5f6b4022f.yaml,4da754070cf6,1,16,4,1,True,euler,zero_state,[256:288],skill_zeroed,-2.461700256992478
acb5f6b4022f.yaml,4da754070cf6,1,16,4,1,True,euler,zero_state,[256:288],state_contribution,2.9922404763699073
acb5f6b4022f.yaml,4da754070cf6,1,16,4,1,True,euler,zero_state,[288:320],real_loss,0.033120758831501
acb5f6b4022f.yaml,4da754070cf6,1,16,4,1,True,euler,zero_state,[288:320],zeroed_loss,0.2379646599292755
acb5f6b4022f.yaml,4da754070cf6,1,16,4,1,True,euler,zero_state,[288:320],persistence,0.0715298652648925
acb5f6b4022f.yaml,4da754070cf6,1,16,4,1,True,euler,zero_state,[288:320],skill_real,0.5369660112059943
acb5f6b4022f.yaml,4da754070cf6,1,16,4,1,True,euler,zero_state,[288:320],skill_zeroed,-2.3267874760847684
acb5f6b4022f.yaml,4da754070cf6,1,16,4,1,True,euler,zero_state,[288:320],state_contribution,2.863753487290763
acb5f6b4022f.yaml,4da754070cf6,1,16,4,1,True,euler,half_life,layer0,min_ms,3.760187387466431
acb5f6b4022f.yaml,4da754070cf6,1,16,4,1,True,euler,half_life,layer0,max_ms,504.198974609375
acb5f6b4022f.yaml,4da754070cf6,1,16,4,1,True,euler,half_life,layer0,median_ms,210.52198791503903
acb5f6b4022f.yaml,4da754070cf6,1,16,4,1,True,euler,half_life,layer0,mean_ms,140.1036376953125
acb5f6b4022f.yaml,4da754070cf6,1,16,4,1,True,euler,half_life,layer0,std_ms,89.1235580444336
acb5f6b4022f.yaml,4da754070cf6,1,16,4,1,True,euler,half_life,layer0,frac_below_conv_window,0.3955078125
acb5f6b4022f.yaml,4da754070cf6,1,16,4,1,True,euler,half_life,layer1,min_ms,2.5420048236846924
acb5f6b4022f.yaml,4da754070cf6,1,16,4,1,True,euler,half_life,layer1,max_ms,529.6567993164062
acb5f6b4022f.yaml,4da754070cf6,1,16,4,1,True,euler,half_life,layer1,median_ms,210.52198791503903
acb5f6b4022f.yaml,4da754070cf6,1,16,4,1,True,euler,half_life,layer1,mean_ms,158.38287353515625
acb5f6b4022f.yaml,4da754070cf6,1,16,4,1,True,euler,half_life,layer1,std_ms,82.6920166015625
acb5f6b4022f.yaml,4da754070cf6,1,16,4,1,True,euler,half_life,layer1,frac_below_conv_window,0.2978515625
acb5f6b4022f.yaml,4da754070cf6,1,16,4,1,True,euler,half_life,layer2,min_ms,3.828277349472046
acb5f6b4022f.yaml,4da754070cf6,1,16,4,1,True,euler,half_life,layer2,max_ms,567.472412109375
acb5f6b4022f.yaml,4da754070cf6,1,16,4,1,True,euler,half_life,layer2,median_ms,210.52198791503903
acb5f6b4022f.yaml,4da754070cf6,1,16,4,1,True,euler,half_life,layer2,mean_ms,165.99105834960938
acb5f6b4022f.yaml,4da754070cf6,1,16,4,1,True,euler,half_life,layer2,std_ms,79.04703521728516
acb5f6b4022f.yaml,4da754070cf6,1,16,4,1,True,euler,half_life,layer2,frac_below_conv_window,0.2509765625
acb5f6b4022f.yaml,4da754070cf6,1,16,4,1,True,euler,half_life,layer3,min_ms,3.917917728424072
acb5f6b4022f.yaml,4da754070cf6,1,16,4,1,True,euler,half_life,layer3,max_ms,213.3727569580078
acb5f6b4022f.yaml,4da754070cf6,1,16,4,1,True,euler,half_life,layer3,median_ms,210.52198791503903
acb5f6b4022f.yaml,4da754070cf6,1,16,4,1,True,euler,half_life,layer3,mean_ms,160.6625518798828
acb5f6b4022f.yaml,4da754070cf6,1,16,4,1,True,euler,half_life,layer3,std_ms,79.84516143798828
acb5f6b4022f.yaml,4da754070cf6,1,16,4,1,True,euler,half_life,layer3,frac_below_conv_window,0.279296875
2de62f14efc4.yaml,be9143693d04,1,16,4,1,False,zoh,zero_state,[0:32],real_loss,0.0327853038907051
2de62f14efc4.yaml,be9143693d04,1,16,4,1,False,zoh,zero_state,[0:32],zeroed_loss,0.2632351815700531
2de62f14efc4.yaml,be9143693d04,1,16,4,1,False,zoh,zero_state,[0:32],persistence,0.0707615911960601
2de62f14efc4.yaml,be9143693d04,1,16,4,1,False,zoh,zero_state,[0:32],skill_real,0.5366793858568502
2de62f14efc4.yaml,be9143693d04,1,16,4,1,False,zoh,zero_state,[0:32],skill_zeroed,-2.72002914463446
2de62f14efc4.yaml,be9143693d04,1,16,4,1,False,zoh,zero_state,[0:32],state_contribution,3.25670853049131
2de62f14efc4.yaml,be9143693d04,1,16,4,1,False,zoh,zero_state,[256:288],real_loss,0.0322119072079658
2de62f14efc4.yaml,be9143693d04,1,16,4,1,False,zoh,zero_state,[256:288],zeroed_loss,0.2672041654586792
2de62f14efc4.yaml,be9143693d04,1,16,4,1,False,zoh,zero_state,[256:288],persistence,0.0682168453931808
2de62f14efc4.yaml,be9143693d04,1,16,4,1,False,zoh,zero_state,[256:288],skill_real,0.5278012780815888
2de62f14efc4.yaml,be9143693d04,1,16,4,1,False,zoh,zero_state,[256:288],skill_zeroed,-2.916982145958184
2de62f14efc4.yaml,be9143693d04,1,16,4,1,False,zoh,zero_state,[256:288],state_contribution,3.4447834240397732
2de62f14efc4.yaml,be9143693d04,1,16,4,1,False,zoh,zero_state,[288:320],real_loss,0.033449899405241
2de62f14efc4.yaml,be9143693d04,1,16,4,1,False,zoh,zero_state,[288:320],zeroed_loss,0.2695978283882141
2de62f14efc4.yaml,be9143693d04,1,16,4,1,False,zoh,zero_state,[288:320],persistence,0.0715298652648925
2de62f14efc4.yaml,be9143693d04,1,16,4,1,False,zoh,zero_state,[288:320],skill_real,0.5323645685425541
2de62f14efc4.yaml,be9143693d04,1,16,4,1,False,zoh,zero_state,[288:320],skill_zeroed,-2.7690246918518224
2de62f14efc4.yaml,be9143693d04,1,16,4,1,False,zoh,zero_state,[288:320],state_contribution,3.3013892603943766
2de62f14efc4.yaml,be9143693d04,1,16,4,1,False,zoh,half_life,layer0,min_ms,1.176257848739624
2de62f14efc4.yaml,be9143693d04,1,16,4,1,False,zoh,half_life,layer0,max_ms,183.3392639160156
2de62f14efc4.yaml,be9143693d04,1,16,4,1,False,zoh,half_life,layer0,median_ms,5.147473335266113
2de62f14efc4.yaml,be9143693d04,1,16,4,1,False,zoh,half_life,layer0,mean_ms,10.11858081817627
2de62f14efc4.yaml,be9143693d04,1,16,4,1,False,zoh,half_life,layer0,std_ms,15.420536994934082
2de62f14efc4.yaml,be9143693d04,1,16,4,1,False,zoh,half_life,layer0,frac_below_conv_window,0.998046875
2de62f14efc4.yaml,be9143693d04,1,16,4,1,False,zoh,half_life,layer1,min_ms,0.8236042857170105
2de62f14efc4.yaml,be9143693d04,1,16,4,1,False,zoh,half_life,layer1,max_ms,489.59033203125
2de62f14efc4.yaml,be9143693d04,1,16,4,1,False,zoh,half_life,layer1,median_ms,5.354118347167969
2de62f14efc4.yaml,be9143693d04,1,16,4,1,False,zoh,half_life,layer1,mean_ms,12.401084899902344
2de62f14efc4.yaml,be9143693d04,1,16,4,1,False,zoh,half_life,layer1,std_ms,25.40300941467285
2de62f14efc4.yaml,be9143693d04,1,16,4,1,False,zoh,half_life,layer1,frac_below_conv_window,0.9931640625
2de62f14efc4.yaml,be9143693d04,1,16,4,1,False,zoh,half_life,layer2,min_ms,1.0300594568252563
2de62f14efc4.yaml,be9143693d04,1,16,4,1,False,zoh,half_life,layer2,max_ms,267.5506286621094
2de62f14efc4.yaml,be9143693d04,1,16,4,1,False,zoh,half_life,layer2,median_ms,5.06550407409668
2de62f14efc4.yaml,be9143693d04,1,16,4,1,False,zoh,half_life,layer2,mean_ms,10.19725227355957
2de62f14efc4.yaml,be9143693d04,1,16,4,1,False,zoh,half_life,layer2,std_ms,16.479793548583984
2de62f14efc4.yaml,be9143693d04,1,16,4,1,False,zoh,half_life,layer2,frac_below_conv_window,0.998046875
2de62f14efc4.yaml,be9143693d04,1,16,4,1,False,zoh,half_life,layer3,min_ms,0.8974432349205017
2de62f14efc4.yaml,be9143693d04,1,16,4,1,False,zoh,half_life,layer3,max_ms,283.8198547363281
2de62f14efc4.yaml,be9143693d04,1,16,4,1,False,zoh,half_life,layer3,median_ms,5.223660469055176
2de62f14efc4.yaml,be9143693d04,1,16,4,1,False,zoh,half_life,layer3,mean_ms,11.03492546081543
2de62f14efc4.yaml,be9143693d04,1,16,4,1,False,zoh,half_life,layer3,std_ms,19.908710479736328
2de62f14efc4.yaml,be9143693d04,1,16,4,1,False,zoh,half_life,layer3,frac_below_conv_window,0.99609375
70b533d14566.yaml,8d40eaa814c7,1,16,4,1,False,euler,zero_state,[0:32],real_loss,0.0324452556669712
70b533d14566.yaml,8d40eaa814c7,1,16,4,1,False,euler,zero_state,[0:32],zeroed_loss,0.0704593807458877
70b533d14566.yaml,8d40eaa814c7,1,16,4,1,False,euler,zero_state,[0:32],persistence,0.0707615911960601
70b533d14566.yaml,8d40eaa814c7,1,16,4,1,False,euler,zero_state,[0:32],skill_real,0.5414849338665285
70b533d14566.yaml,8d40eaa814c7,1,16,4,1,False,euler,zero_state,[0:32],skill_zeroed,0.0042708260945557
70b533d14566.yaml,8d40eaa814c7,1,16,4,1,False,euler,zero_state,[0:32],state_contribution,0.5372141077719729
70b533d14566.yaml,8d40eaa814c7,1,16,4,1,False,euler,zero_state,[256:288],real_loss,0.0331899225711822
70b533d14566.yaml,8d40eaa814c7,1,16,4,1,False,euler,zero_state,[256:288],zeroed_loss,0.069641426205635
70b533d14566.yaml,8d40eaa814c7,1,16,4,1,False,euler,zero_state,[256:288],persistence,0.0682168453931808
70b533d14566.yaml,8d40eaa814c7,1,16,4,1,False,euler,zero_state,[256:288],skill_real,0.5134644180643977
70b533d14566.yaml,8d40eaa814c7,1,16,4,1,False,euler,zero_state,[256:288],skill_zeroed,-0.0208831235781041
70b533d14566.yaml,8d40eaa814c7,1,16,4,1,False,euler,zero_state,[256:288],state_contribution,0.5343475416425018
70b533d14566.yaml,8d40eaa814c7,1,16,4,1,False,euler,zero_state,[288:320],real_loss,0.0331294909119606
70b533d14566.yaml,8d40eaa814c7,1,16,4,1,False,euler,zero_state,[288:320],zeroed_loss,0.0703918859362602
70b533d14566.yaml,8d40eaa814c7,1,16,4,1,False,euler,zero_state,[288:320],persistence,0.0715298652648925
70b533d14566.yaml,8d40eaa814c7,1,16,4,1,False,euler,zero_state,[288:320],skill_real,0.5368439351972215
70b533d14566.yaml,8d40eaa814c7,1,16,4,1,False,euler,zero_state,[288:320],skill_zeroed,0.0159091496176896
70b533d14566.yaml,8d40eaa814c7,1,16,4,1,False,euler,zero_state,[288:320],state_contribution,0.5209347855795319
70b533d14566.yaml,8d40eaa814c7,1,16,4,1,False,euler,half_life,layer0,min_ms,3.701358556747437
70b533d14566.yaml,8d40eaa814c7,1,16,4,1,False,euler,half_life,layer0,max_ms,210.52198791503903
70b533d14566.yaml,8d40eaa814c7,1,16,4,1,False,euler,half_life,layer0,median_ms,210.52198791503903
70b533d14566.yaml,8d40eaa814c7,1,16,4,1,False,euler,half_life,layer0,mean_ms,185.18569946289065
70b533d14566.yaml,8d40eaa814c7,1,16,4,1,False,euler,half_life,layer0,std_ms,62.2230110168457
70b533d14566.yaml,8d40eaa814c7,1,16,4,1,False,euler,half_life,layer0,frac_below_conv_window,0.142578125
70b533d14566.yaml,8d40eaa814c7,1,16,4,1,False,euler,half_life,layer1,min_ms,4.955190658569336
70b533d14566.yaml,8d40eaa814c7,1,16,4,1,False,euler,half_life,layer1,max_ms,210.52198791503903
70b533d14566.yaml,8d40eaa814c7,1,16,4,1,False,euler,half_life,layer1,median_ms,210.52198791503903
70b533d14566.yaml,8d40eaa814c7,1,16,4,1,False,euler,half_life,layer1,mean_ms,192.9501800537109
70b533d14566.yaml,8d40eaa814c7,1,16,4,1,False,euler,half_life,layer1,std_ms,53.64837646484375
70b533d14566.yaml,8d40eaa814c7,1,16,4,1,False,euler,half_life,layer1,frac_below_conv_window,0.0966796875
70b533d14566.yaml,8d40eaa814c7,1,16,4,1,False,euler,half_life,layer2,min_ms,3.3195576667785645
70b533d14566.yaml,8d40eaa814c7,1,16,4,1,False,euler,half_life,layer2,max_ms,507.8669738769531
70b533d14566.yaml,8d40eaa814c7,1,16,4,1,False,euler,half_life,layer2,median_ms,210.52198791503903
70b533d14566.yaml,8d40eaa814c7,1,16,4,1,False,euler,half_life,layer2,mean_ms,177.7459716796875
70b533d14566.yaml,8d40eaa814c7,1,16,4,1,False,euler,half_life,layer2,std_ms,71.13092803955078
70b533d14566.yaml,8d40eaa814c7,1,16,4,1,False,euler,half_life,layer2,frac_below_conv_window,0.1826171875
70b533d14566.yaml,8d40eaa814c7,1,16,4,1,False,euler,half_life,layer3,min_ms,2.44135856628418
70b533d14566.yaml,8d40eaa814c7,1,16,4,1,False,euler,half_life,layer3,max_ms,723.9766235351562
70b533d14566.yaml,8d40eaa814c7,1,16,4,1,False,euler,half_life,layer3,median_ms,210.52198791503903
70b533d14566.yaml,8d40eaa814c7,1,16,4,1,False,euler,half_life,layer3,mean_ms,181.2467041015625
70b533d14566.yaml,8d40eaa814c7,1,16,4,1,False,euler,half_life,layer3,std_ms,69.06681060791016
70b533d14566.yaml,8d40eaa814c7,1,16,4,1,False,euler,half_life,layer3,frac_below_conv_window,0.162109375
0e68422ca28d.yaml,ce8ec3e934b4,1,16,2,2,True,zoh,zero_state,[0:32],real_loss,0.0323106907308101
0e68422ca28d.yaml,ce8ec3e934b4,1,16,2,2,True,zoh,zero_state,[0:32],zeroed_loss,0.3030160367488861
0e68422ca28d.yaml,ce8ec3e934b4,1,16,2,2,True,zoh,zero_state,[0:32],persistence,0.0707615911960601
0e68422ca28d.yaml,ce8ec3e934b4,1,16,2,2,True,zoh,zero_state,[0:32],skill_real,0.5433866002067922
0e68422ca28d.yaml,ce8ec3e934b4,1,16,2,2,True,zoh,zero_state,[0:32],skill_zeroed,-3.2822106121004984
0e68422ca28d.yaml,ce8ec3e934b4,1,16,2,2,True,zoh,zero_state,[0:32],state_contribution,3.8255972123072906
0e68422ca28d.yaml,ce8ec3e934b4,1,16,2,2,True,zoh,zero_state,[256:288],real_loss,0.0320096723735332
0e68422ca28d.yaml,ce8ec3e934b4,1,16,2,2,True,zoh,zero_state,[256:288],zeroed_loss,0.3015357255935669
0e68422ca28d.yaml,ce8ec3e934b4,1,16,2,2,True,zoh,zero_state,[256:288],persistence,0.0682168453931808
0e68422ca28d.yaml,ce8ec3e934b4,1,16,2,2,True,zoh,zero_state,[256:288],skill_real,0.5307658659816447
0e68422ca28d.yaml,ce8ec3e934b4,1,16,2,2,True,zoh,zero_state,[256:288],skill_zeroed,-3.420253147966723
0e68422ca28d.yaml,ce8ec3e934b4,1,16,2,2,True,zoh,zero_state,[256:288],state_contribution,3.951019013948368
0e68422ca28d.yaml,ce8ec3e934b4,1,16,2,2,True,zoh,zero_state,[288:320],real_loss,0.0327874682843685
0e68422ca28d.yaml,ce8ec3e934b4,1,16,2,2,True,zoh,zero_state,[288:320],zeroed_loss,0.3013341724872589
0e68422ca28d.yaml,ce8ec3e934b4,1,16,2,2,True,zoh,zero_state,[288:320],persistence,0.0715298652648925
0e68422ca28d.yaml,ce8ec3e934b4,1,16,2,2,True,zoh,zero_state,[288:320],skill_real,0.5416254712217268
0e68422ca28d.yaml,ce8ec3e934b4,1,16,2,2,True,zoh,zero_state,[288:320],skill_zeroed,-3.212704321074069
0e68422ca28d.yaml,ce8ec3e934b4,1,16,2,2,True,zoh,zero_state,[288:320],state_contribution,3.754329792295796
0e68422ca28d.yaml,ce8ec3e934b4,1,16,2,2,True,zoh,half_life,layer0,min_ms,0.8027466535568237
0e68422ca28d.yaml,ce8ec3e934b4,1,16,2,2,True,zoh,half_life,layer0,max_ms,1098.560302734375
0e68422ca28d.yaml,ce8ec3e934b4,1,16,2,2,True,zoh,half_life,layer0,median_ms,6.085455894470215
0e68422ca28d.yaml,ce8ec3e934b4,1,16,2,2,True,zoh,half_life,layer0,mean_ms,18.93414306640625
0e68422ca28d.yaml,ce8ec3e934b4,1,16,2,2,True,zoh,half_life,layer0,std_ms,51.05585861206055
0e68422ca28d.yaml,ce8ec3e934b4,1,16,2,2,True,zoh,half_life,layer0,frac_below_conv_window,0.97802734375
0e68422ca28d.yaml,ce8ec3e934b4,1,16,2,2,True,zoh,half_life,layer1,min_ms,0.8027466535568237
0e68422ca28d.yaml,ce8ec3e934b4,1,16,2,2,True,zoh,half_life,layer1,max_ms,3580.996337890625
0e68422ca28d.yaml,ce8ec3e934b4,1,16,2,2,True,zoh,half_life,layer1,median_ms,12.735332489013672
0e68422ca28d.yaml,ce8ec3e934b4,1,16,2,2,True,zoh,half_life,layer1,mean_ms,43.12885665893555
0e68422ca28d.yaml,ce8ec3e934b4,1,16,2,2,True,zoh,half_life,layer1,std_ms,134.87989807128906
0e68422ca28d.yaml,ce8ec3e934b4,1,16,2,2,True,zoh,half_life,layer1,frac_below_conv_window,0.9345703125
f19d5ca15add.yaml,03dbd2d1bc74,1,16,2,2,True,euler,zero_state,[0:32],real_loss,0.0326030030846595
f19d5ca15add.yaml,03dbd2d1bc74,1,16,2,2,True,euler,zero_state,[0:32],zeroed_loss,0.2975567877292633
f19d5ca15add.yaml,03dbd2d1bc74,1,16,2,2,True,euler,zero_state,[0:32],persistence,0.0707615911960601
f19d5ca15add.yaml,03dbd2d1bc74,1,16,2,2,True,euler,zero_state,[0:32],skill_real,0.5392556536168618
f19d5ca15add.yaml,03dbd2d1bc74,1,16,2,2,True,euler,zero_state,[0:32],skill_zeroed,-3.205060721498169
f19d5ca15add.yaml,03dbd2d1bc74,1,16,2,2,True,euler,zero_state,[0:32],state_contribution,3.7443163751150306
f19d5ca15add.yaml,03dbd2d1bc74,1,16,2,2,True,euler,zero_state,[256:288],real_loss,0.0319681912660598
f19d5ca15add.yaml,03dbd2d1bc74,1,16,2,2,True,euler,zero_state,[256:288],zeroed_loss,0.2946444451808929
f19d5ca15add.yaml,03dbd2d1bc74,1,16,2,2,True,euler,zero_state,[256:288],persistence,0.0682168453931808
f19d5ca15add.yaml,03dbd2d1bc74,1,16,2,2,True,euler,zero_state,[256:288],skill_real,0.5313739431689477
f19d5ca15add.yaml,03dbd2d1bc74,1,16,2,2,True,euler,zero_state,[256:288],skill_zeroed,-3.3192329326085552
f19d5ca15add.yaml,03dbd2d1bc74,1,16,2,2,True,euler,zero_state,[256:288],state_contribution,3.850606875777503
f19d5ca15add.yaml,03dbd2d1bc74,1,16,2,2,True,euler,zero_state,[288:320],real_loss,0.0329661220312118
f19d5ca15add.yaml,03dbd2d1bc74,1,16,2,2,True,euler,zero_state,[288:320],zeroed_loss,0.295719176530838
f19d5ca15add.yaml,03dbd2d1bc74,1,16,2,2,True,euler,zero_state,[288:320],persistence,0.0715298652648925
f19d5ca15add.yaml,03dbd2d1bc74,1,16,2,2,True,euler,zero_state,[288:320],skill_real,0.5391278606616936
f19d5ca15add.yaml,03dbd2d1bc74,1,16,2,2,True,euler,zero_state,[288:320],skill_zeroed,-3.1342056976581407
f19d5ca15add.yaml,03dbd2d1bc74,1,16,2,2,True,euler,zero_state,[288:320],state_contribution,3.6733335583198343
f19d5ca15add.yaml,03dbd2d1bc74,1,16,2,2,True,euler,half_life,layer0,min_ms,2.015636444091797
f19d5ca15add.yaml,03dbd2d1bc74,1,16,2,2,True,euler,half_life,layer0,max_ms,1818.5635986328125
f19d5ca15add.yaml,03dbd2d1bc74,1,16,2,2,True,euler,half_life,layer0,median_ms,210.52198791503903
f19d5ca15add.yaml,03dbd2d1bc74,1,16,2,2,True,euler,half_life,layer0,mean_ms,139.2388916015625
f19d5ca15add.yaml,03dbd2d1bc74,1,16,2,2,True,euler,half_life,layer0,std_ms,103.8944320678711
f19d5ca15add.yaml,03dbd2d1bc74,1,16,2,2,True,euler,half_life,layer0,frac_below_conv_window,0.421875
f19d5ca15add.yaml,03dbd2d1bc74,1,16,2,2,True,euler,half_life,layer1,min_ms,3.1558852195739746
f19d5ca15add.yaml,03dbd2d1bc74,1,16,2,2,True,euler,half_life,layer1,max_ms,1765.3865966796875
f19d5ca15add.yaml,03dbd2d1bc74,1,16,2,2,True,euler,half_life,layer1,median_ms,199.916748046875
f19d5ca15add.yaml,03dbd2d1bc74,1,16,2,2,True,euler,half_life,layer1,mean_ms,131.8829345703125
f19d5ca15add.yaml,03dbd2d1bc74,1,16,2,2,True,euler,half_life,layer1,std_ms,103.82251739501952
f19d5ca15add.yaml,03dbd2d1bc74,1,16,2,2,True,euler,half_life,layer1,frac_below_conv_window,0.46826171875
3b440664aeb5.yaml,a15fdab255cf,1,16,2,2,False,zoh,zero_state,[0:32],real_loss,0.0329023003578186
3b440664aeb5.yaml,a15fdab255cf,1,16,2,2,False,zoh,zero_state,[0:32],zeroed_loss,0.1531069576740265
3b440664aeb5.yaml,a15fdab255cf,1,16,2,2,False,zoh,zero_state,[0:32],persistence,0.0707615911960601
3b440664aeb5.yaml,a15fdab255cf,1,16,2,2,False,zoh,zero_state,[0:32],skill_real,0.5350259964243071
3b440664aeb5.yaml,a15fdab255cf,1,16,2,2,False,zoh,zero_state,[0:32],skill_zeroed,-1.1637014528094882
3b440664aeb5.yaml,a15fdab255cf,1,16,2,2,False,zoh,zero_state,[0:32],state_contribution,1.6987274492337954
3b440664aeb5.yaml,a15fdab255cf,1,16,2,2,False,zoh,zero_state,[256:288],real_loss,0.032945480197668
3b440664aeb5.yaml,a15fdab255cf,1,16,2,2,False,zoh,zero_state,[256:288],zeroed_loss,0.1643383800983429
3b440664aeb5.yaml,a15fdab255cf,1,16,2,2,False,zoh,zero_state,[256:288],persistence,0.0682168453931808
3b440664aeb5.yaml,a15fdab255cf,1,16,2,2,False,zoh,zero_state,[256:288],skill_real,0.5170477320113457
3b440664aeb5.yaml,a15fdab255cf,1,16,2,2,False,zoh,zero_state,[256:288],skill_zeroed,-1.4090586298904206
3b440664aeb5.yaml,a15fdab255cf,1,16,2,2,False,zoh,zero_state,[256:288],state_contribution,1.9261063619017662
3b440664aeb5.yaml,a15fdab255cf,1,16,2,2,False,zoh,zero_state,[288:320],real_loss,0.0335928499698638
3b440664aeb5.yaml,a15fdab255cf,1,16,2,2,False,zoh,zero_state,[288:320],zeroed_loss,0.1580039411783218
3b440664aeb5.yaml,a15fdab255cf,1,16,2,2,False,zoh,zero_state,[288:320],persistence,0.0715298652648925
3b440664aeb5.yaml,a15fdab255cf,1,16,2,2,False,zoh,zero_state,[288:320],skill_real,0.5303660947009846
3b440664aeb5.yaml,a15fdab255cf,1,16,2,2,False,zoh,zero_state,[288:320],skill_zeroed,-1.208922672972955
3b440664aeb5.yaml,a15fdab255cf,1,16,2,2,False,zoh,zero_state,[288:320],state_contribution,1.7392887676739397
3b440664aeb5.yaml,a15fdab255cf,1,16,2,2,False,zoh,half_life,layer0,min_ms,1.0464800596237185
3b440664aeb5.yaml,a15fdab255cf,1,16,2,2,False,zoh,half_life,layer0,max_ms,8051.70703125
3b440664aeb5.yaml,a15fdab255cf,1,16,2,2,False,zoh,half_life,layer0,median_ms,9.928427696228027
3b440664aeb5.yaml,a15fdab255cf,1,16,2,2,False,zoh,half_life,layer0,mean_ms,33.1494140625
3b440664aeb5.yaml,a15fdab255cf,1,16,2,2,False,zoh,half_life,layer0,std_ms,191.32557678222656
3b440664aeb5.yaml,a15fdab255cf,1,16,2,2,False,zoh,half_life,layer0,frac_below_conv_window,0.96044921875
3b440664aeb5.yaml,a15fdab255cf,1,16,2,2,False,zoh,half_life,layer1,min_ms,0.8027466535568237
3b440664aeb5.yaml,a15fdab255cf,1,16,2,2,False,zoh,half_life,layer1,max_ms,1219.70263671875
3b440664aeb5.yaml,a15fdab255cf,1,16,2,2,False,zoh,half_life,layer1,median_ms,6.746584892272949
3b440664aeb5.yaml,a15fdab255cf,1,16,2,2,False,zoh,half_life,layer1,mean_ms,16.66949462890625
3b440664aeb5.yaml,a15fdab255cf,1,16,2,2,False,zoh,half_life,layer1,std_ms,43.62362289428711
3b440664aeb5.yaml,a15fdab255cf,1,16,2,2,False,zoh,half_life,layer1,frac_below_conv_window,0.98193359375
83ce3829615e.yaml,e849f675acc5,1,16,2,2,False,euler,zero_state,[0:32],real_loss,0.0334530211985111
83ce3829615e.yaml,e849f675acc5,1,16,2,2,False,euler,zero_state,[0:32],zeroed_loss,0.0825317353010177
83ce3829615e.yaml,e849f675acc5,1,16,2,2,False,euler,zero_state,[0:32],persistence,0.0707615911960601
83ce3829615e.yaml,e849f675acc5,1,16,2,2,False,euler,zero_state,[0:32],skill_real,0.527243231348171
83ce3829615e.yaml,e849f675acc5,1,16,2,2,False,euler,zero_state,[0:32],skill_zeroed,-0.1663352096244679
83ce3829615e.yaml,e849f675acc5,1,16,2,2,False,euler,zero_state,[0:32],state_contribution,0.6935784409726389
83ce3829615e.yaml,e849f675acc5,1,16,2,2,False,euler,zero_state,[256:288],real_loss,0.0329238213598728
83ce3829615e.yaml,e849f675acc5,1,16,2,2,False,euler,zero_state,[256:288],zeroed_loss,0.0836805999279022
83ce3829615e.yaml,e849f675acc5,1,16,2,2,False,euler,zero_state,[256:288],persistence,0.0682168453931808
83ce3829615e.yaml,e849f675acc5,1,16,2,2,False,euler,zero_state,[256:288],skill_real,0.5173652318557085
83ce3829615e.yaml,e849f675acc5,1,16,2,2,False,euler,zero_state,[256:288],skill_zeroed,-0.2266852775966561
83ce3829615e.yaml,e849f675acc5,1,16,2,2,False,euler,zero_state,[256:288],state_contribution,0.7440505094523646
83ce3829615e.yaml,e849f675acc5,1,16,2,2,False,euler,zero_state,[288:320],real_loss,0.0342874564230442
83ce3829615e.yaml,e849f675acc5,1,16,2,2,False,euler,zero_state,[288:320],zeroed_loss,0.082400381565094
83ce3829615e.yaml,e849f675acc5,1,16,2,2,False,euler,zero_state,[288:320],persistence,0.0715298652648925
83ce3829615e.yaml,e849f675acc5,1,16,2,2,False,euler,zero_state,[288:320],skill_real,0.5206553752608176
83ce3829615e.yaml,e849f675acc5,1,16,2,2,False,euler,zero_state,[288:320],skill_zeroed,-0.1519717150304316
83ce3829615e.yaml,e849f675acc5,1,16,2,2,False,euler,zero_state,[288:320],state_contribution,0.6726270902912492
83ce3829615e.yaml,e849f675acc5,1,16,2,2,False,euler,half_life,layer0,min_ms,3.1751246452331543
83ce3829615e.yaml,e849f675acc5,1,16,2,2,False,euler,half_life,layer0,max_ms,985.5084228515624
83ce3829615e.yaml,e849f675acc5,1,16,2,2,False,euler,half_life,layer0,median_ms,210.52198791503903
83ce3829615e.yaml,e849f675acc5,1,16,2,2,False,euler,half_life,layer0,mean_ms,186.3238525390625
83ce3829615e.yaml,e849f675acc5,1,16,2,2,False,euler,half_life,layer0,std_ms,66.97343444824219
83ce3829615e.yaml,e849f675acc5,1,16,2,2,False,euler,half_life,layer0,frac_below_conv_window,0.13037109375
83ce3829615e.yaml,e849f675acc5,1,16,2,2,False,euler,half_life,layer1,min_ms,4.764235019683838
83ce3829615e.yaml,e849f675acc5,1,16,2,2,False,euler,half_life,layer1,max_ms,835.946044921875
83ce3829615e.yaml,e849f675acc5,1,16,2,2,False,euler,half_life,layer1,median_ms,210.52198791503903
83ce3829615e.yaml,e849f675acc5,1,16,2,2,False,euler,half_life,layer1,mean_ms,194.24725341796875
83ce3829615e.yaml,e849f675acc5,1,16,2,2,False,euler,half_life,layer1,std_ms,53.59616088867188
83ce3829615e.yaml,e849f675acc5,1,16,2,2,False,euler,half_life,layer1,frac_below_conv_window,0.09375
522ea9b11b24.yaml,1182323d482b,1,16,2,1,True,zoh,zero_state,[0:32],real_loss,0.0329231433570385
522ea9b11b24.yaml,1182323d482b,1,16,2,1,True,zoh,zero_state,[0:32],zeroed_loss,0.2040925920009613
522ea9b11b24.yaml,1182323d482b,1,16,2,1,True,zoh,zero_state,[0:32],persistence,0.0707615911960601
522ea9b11b24.yaml,1182323d482b,1,16,2,1,True,zoh,zero_state,[0:32],skill_real,0.5347314439860763
522ea9b11b24.yaml,1182323d482b,1,16,2,1,True,zoh,zero_state,[0:32],skill_zeroed,-1.884228414755103
522ea9b11b24.yaml,1182323d482b,1,16,2,1,True,zoh,zero_state,[0:32],state_contribution,2.418959858741179
522ea9b11b24.yaml,1182323d482b,1,16,2,1,True,zoh,zero_state,[256:288],real_loss,0.0327340550720691
522ea9b11b24.yaml,1182323d482b,1,16,2,1,True,zoh,zero_state,[256:288],zeroed_loss,0.1999711543321609
522ea9b11b24.yaml,1182323d482b,1,16,2,1,True,zoh,zero_state,[256:288],persistence,0.0682168453931808
522ea9b11b24.yaml,1182323d482b,1,16,2,1,True,zoh,zero_state,[256:288],skill_real,0.5201470416375871
522ea9b11b24.yaml,1182323d482b,1,16,2,1,True,zoh,zero_state,[256:288],skill_zeroed,-1.9314043060711603
522ea9b11b24.yaml,1182323d482b,1,16,2,1,True,zoh,zero_state,[256:288],state_contribution,2.4515513477087474
522ea9b11b24.yaml,1182323d482b,1,16,2,1,True,zoh,zero_state,[288:320],real_loss,0.0336926542222499
522ea9b11b24.yaml,1182323d482b,1,16,2,1,True,zoh,zero_state,[288:320],zeroed_loss,0.2024170011281967
522ea9b11b24.yaml,1182323d482b,1,16,2,1,True,zoh,zero_state,[288:320],persistence,0.0715298652648925
522ea9b11b24.yaml,1182323d482b,1,16,2,1,True,zoh,zero_state,[288:320],skill_real,0.5289708138345033
522ea9b11b24.yaml,1182323d482b,1,16,2,1,True,zoh,zero_state,[288:320],skill_zeroed,-1.8298250021665368
522ea9b11b24.yaml,1182323d482b,1,16,2,1,True,zoh,zero_state,[288:320],state_contribution,2.35879581600104
522ea9b11b24.yaml,1182323d482b,1,16,2,1,True,zoh,half_life,layer0,min_ms,0.8027466535568237
522ea9b11b24.yaml,1182323d482b,1,16,2,1,True,zoh,half_life,layer0,max_ms,438.4164123535156
522ea9b11b24.yaml,1182323d482b,1,16,2,1,True,zoh,half_life,layer0,median_ms,5.622440338134766
522ea9b11b24.yaml,1182323d482b,1,16,2,1,True,zoh,half_life,layer0,mean_ms,17.70099639892578
522ea9b11b24.yaml,1182323d482b,1,16,2,1,True,zoh,half_life,layer0,std_ms,37.22201156616211
522ea9b11b24.yaml,1182323d482b,1,16,2,1,True,zoh,half_life,layer0,frac_below_conv_window,0.9794921875
522ea9b11b24.yaml,1182323d482b,1,16,2,1,True,zoh,half_life,layer1,min_ms,0.8027466535568237
522ea9b11b24.yaml,1182323d482b,1,16,2,1,True,zoh,half_life,layer1,max_ms,667.7589111328125
522ea9b11b24.yaml,1182323d482b,1,16,2,1,True,zoh,half_life,layer1,median_ms,12.496941566467283
522ea9b11b24.yaml,1182323d482b,1,16,2,1,True,zoh,half_life,layer1,mean_ms,27.925933837890625
522ea9b11b24.yaml,1182323d482b,1,16,2,1,True,zoh,half_life,layer1,std_ms,49.19806289672852
522ea9b11b24.yaml,1182323d482b,1,16,2,1,True,zoh,half_life,layer1,frac_below_conv_window,0.958984375
f4cd557b7e3b.yaml,16662b29beb3,1,16,2,1,True,euler,zero_state,[0:32],real_loss,0.0332290306687355
f4cd557b7e3b.yaml,16662b29beb3,1,16,2,1,True,euler,zero_state,[0:32],zeroed_loss,0.2977058589458465
f4cd557b7e3b.yaml,16662b29beb3,1,16,2,1,True,euler,zero_state,[0:32],persistence,0.0707615911960601
f4cd557b7e3b.yaml,16662b29beb3,1,16,2,1,True,euler,zero_state,[0:32],skill_real,0.530408656630299
f4cd557b7e3b.yaml,16662b29beb3,1,16,2,1,True,euler,zero_state,[0:32],skill_zeroed,-3.207167390017963
f4cd557b7e3b.yaml,16662b29beb3,1,16,2,1,True,euler,zero_state,[0:32],state_contribution,3.737576046648262
f4cd557b7e3b.yaml,16662b29beb3,1,16,2,1,True,euler,zero_state,[256:288],real_loss,0.0331252925097942
f4cd557b7e3b.yaml,16662b29beb3,1,16,2,1,True,euler,zero_state,[256:288],zeroed_loss,0.2992803454399109
f4cd557b7e3b.yaml,16662b29beb3,1,16,2,1,True,euler,zero_state,[256:288],persistence,0.0682168453931808
f4cd557b7e3b.yaml,16662b29beb3,1,16,2,1,True,euler,zero_state,[256:288],skill_real,0.5144118389106053
f4cd557b7e3b.yaml,16662b29beb3,1,16,2,1,True,euler,zero_state,[256:288],skill_zeroed,-3.3871912240290696
f4cd557b7e3b.yaml,16662b29beb3,1,16,2,1,True,euler,zero_state,[256:288],state_contribution,3.901603062939675
f4cd557b7e3b.yaml,16662b29beb3,1,16,2,1,True,euler,zero_state,[288:320],real_loss,0.0337252467870712
f4cd557b7e3b.yaml,16662b29beb3,1,16,2,1,True,euler,zero_state,[288:320],zeroed_loss,0.2995670735836029
f4cd557b7e3b.yaml,16662b29beb3,1,16,2,1,True,euler,zero_state,[288:320],persistence,0.0715298652648925
f4cd557b7e3b.yaml,16662b29beb3,1,16,2,1,True,euler,zero_state,[288:320],skill_real,0.5285151640901546
f4cd557b7e3b.yaml,16662b29beb3,1,16,2,1,True,euler,zero_state,[288:320],skill_zeroed,-3.1879999700018
f4cd557b7e3b.yaml,16662b29beb3,1,16,2,1,True,euler,zero_state,[288:320],state_contribution,3.7165151340919547
f4cd557b7e3b.yaml,16662b29beb3,1,16,2,1,True,euler,half_life,layer0,min_ms,3.13746976852417
f4cd557b7e3b.yaml,16662b29beb3,1,16,2,1,True,euler,half_life,layer0,max_ms,565.622802734375
f4cd557b7e3b.yaml,16662b29beb3,1,16,2,1,True,euler,half_life,layer0,median_ms,210.52198791503903
f4cd557b7e3b.yaml,16662b29beb3,1,16,2,1,True,euler,half_life,layer0,mean_ms,146.82223510742188
f4cd557b7e3b.yaml,16662b29beb3,1,16,2,1,True,euler,half_life,layer0,std_ms,87.21736145019531
f4cd557b7e3b.yaml,16662b29beb3,1,16,2,1,True,euler,half_life,layer0,frac_below_conv_window,0.3662109375
f4cd557b7e3b.yaml,16662b29beb3,1,16,2,1,True,euler,half_life,layer1,min_ms,3.7831859588623047
f4cd557b7e3b.yaml,16662b29beb3,1,16,2,1,True,euler,half_life,layer1,max_ms,336.8031005859375
f4cd557b7e3b.yaml,16662b29beb3,1,16,2,1,True,euler,half_life,layer1,median_ms,210.52198791503903
f4cd557b7e3b.yaml,16662b29beb3,1,16,2,1,True,euler,half_life,layer1,mean_ms,163.18942260742188
f4cd557b7e3b.yaml,16662b29beb3,1,16,2,1,True,euler,half_life,layer1,std_ms,79.09789276123047
f4cd557b7e3b.yaml,16662b29beb3,1,16,2,1,True,euler,half_life,layer1,frac_below_conv_window,0.265625
1df2b3ea9ccc.yaml,cef3e32de1b4,1,16,2,1,False,zoh,zero_state,[0:32],real_loss,0.0337920524179935
1df2b3ea9ccc.yaml,cef3e32de1b4,1,16,2,1,False,zoh,zero_state,[0:32],zeroed_loss,0.2819706499576568
1df2b3ea9ccc.yaml,cef3e32de1b4,1,16,2,1,False,zoh,zero_state,[0:32],persistence,0.0707615911960601
1df2b3ea9ccc.yaml,cef3e32de1b4,1,16,2,1,False,zoh,zero_state,[0:32],skill_real,0.5224520556022347
1df2b3ea9ccc.yaml,cef3e32de1b4,1,16,2,1,False,zoh,zero_state,[0:32],skill_zeroed,-2.9847980407393133
1df2b3ea9ccc.yaml,cef3e32de1b4,1,16,2,1,False,zoh,zero_state,[0:32],state_contribution,3.507250096341548
1df2b3ea9ccc.yaml,cef3e32de1b4,1,16,2,1,False,zoh,zero_state,[256:288],real_loss,0.032899584621191
1df2b3ea9ccc.yaml,cef3e32de1b4,1,16,2,1,False,zoh,zero_state,[256:288],zeroed_loss,0.2844307124614715
1df2b3ea9ccc.yaml,cef3e32de1b4,1,16,2,1,False,zoh,zero_state,[256:288],persistence,0.0682168453931808
1df2b3ea9ccc.yaml,cef3e32de1b4,1,16,2,1,False,zoh,zero_state,[256:288],skill_real,0.5177205214992284
1df2b3ea9ccc.yaml,cef3e32de1b4,1,16,2,1,False,zoh,zero_state,[256:288],skill_zeroed,-3.169508437719462
1df2b3ea9ccc.yaml,cef3e32de1b4,1,16,2,1,False,zoh,zero_state,[256:288],state_contribution,3.6872289592186904
1df2b3ea9ccc.yaml,cef3e32de1b4,1,16,2,1,False,zoh,zero_state,[288:320],real_loss,0.034475103020668
1df2b3ea9ccc.yaml,cef3e32de1b4,1,16,2,1,False,zoh,zero_state,[288:320],zeroed_loss,0.2882168292999267
1df2b3ea9ccc.yaml,cef3e32de1b4,1,16,2,1,False,zoh,zero_state,[288:320],persistence,0.0715298652648925
1df2b3ea9ccc.yaml,cef3e32de1b4,1,16,2,1,False,zoh,zero_state,[288:320],skill_real,0.5180320430774153
1df2b3ea9ccc.yaml,cef3e32de1b4,1,16,2,1,False,zoh,zero_state,[288:320],skill_zeroed,-3.0293215740388906
1df2b3ea9ccc.yaml,cef3e32de1b4,1,16,2,1,False,zoh,zero_state,[288:320],state_contribution,3.547353617116306
1df2b3ea9ccc.yaml,cef3e32de1b4,1,16,2,1,False,zoh,half_life,layer0,min_ms,1.1099128723144531
1df2b3ea9ccc.yaml,cef3e32de1b4,1,16,2,1,False,zoh,half_life,layer0,max_ms,2739.813720703125
1df2b3ea9ccc.yaml,cef3e32de1b4,1,16,2,1,False,zoh,half_life,layer0,median_ms,6.992610454559326
1df2b3ea9ccc.yaml,cef3e32de1b4,1,16,2,1,False,zoh,half_life,layer0,mean_ms,19.702716827392575
1df2b3ea9ccc.yaml,cef3e32de1b4,1,16,2,1,False,zoh,half_life,layer0,std_ms,91.7492904663086
1df2b3ea9ccc.yaml,cef3e32de1b4,1,16,2,1,False,zoh,half_life,layer0,frac_below_conv_window,0.9833984375
1df2b3ea9ccc.yaml,cef3e32de1b4,1,16,2,1,False,zoh,half_life,layer1,min_ms,0.8027466535568237
1df2b3ea9ccc.yaml,cef3e32de1b4,1,16,2,1,False,zoh,half_life,layer1,max_ms,414.3887634277344
1df2b3ea9ccc.yaml,cef3e32de1b4,1,16,2,1,False,zoh,half_life,layer1,median_ms,6.55748176574707
1df2b3ea9ccc.yaml,cef3e32de1b4,1,16,2,1,False,zoh,half_life,layer1,mean_ms,15.500102043151855
1df2b3ea9ccc.yaml,cef3e32de1b4,1,16,2,1,False,zoh,half_life,layer1,std_ms,31.128671646118164
1df2b3ea9ccc.yaml,cef3e32de1b4,1,16,2,1,False,zoh,half_life,layer1,frac_below_conv_window,0.986328125
f2578cb06991.yaml,238a49a973a3,1,16,2,1,False,euler,zero_state,[0:32],real_loss,0.0337837226688861
f2578cb06991.yaml,238a49a973a3,1,16,2,1,False,euler,zero_state,[0:32],zeroed_loss,0.0776534527540206
f2578cb06991.yaml,238a49a973a3,1,16,2,1,False,euler,zero_state,[0:32],persistence,0.0707615911960601
f2578cb06991.yaml,238a49a973a3,1,16,2,1,False,euler,zero_state,[0:32],skill_real,0.5225697712862176
f2578cb06991.yaml,238a49a973a3,1,16,2,1,False,euler,zero_state,[0:32],skill_zeroed,-0.0973955141690514
f2578cb06991.yaml,238a49a973a3,1,16,2,1,False,euler,zero_state,[0:32],state_contribution,0.6199652854552691
f2578cb06991.yaml,238a49a973a3,1,16,2,1,False,euler,zero_state,[256:288],real_loss,0.035157062113285
f2578cb06991.yaml,238a49a973a3,1,16,2,1,False,euler,zero_state,[256:288],zeroed_loss,0.0743419528007507
f2578cb06991.yaml,238a49a973a3,1,16,2,1,False,euler,zero_state,[256:288],persistence,0.0682168453931808
f2578cb06991.yaml,238a49a973a3,1,16,2,1,False,euler,zero_state,[256:288],skill_real,0.4846278523926076
f2578cb06991.yaml,238a49a973a3,1,16,2,1,False,euler,zero_state,[256:288],skill_zeroed,-0.0897887812352895
f2578cb06991.yaml,238a49a973a3,1,16,2,1,False,euler,zero_state,[256:288],state_contribution,0.5744166336278971
f2578cb06991.yaml,238a49a973a3,1,16,2,1,False,euler,zero_state,[288:320],real_loss,0.0347547270357608
f2578cb06991.yaml,238a49a973a3,1,16,2,1,False,euler,zero_state,[288:320],zeroed_loss,0.0777549967169761
f2578cb06991.yaml,238a49a973a3,1,16,2,1,False,euler,zero_state,[288:320],persistence,0.0715298652648925
f2578cb06991.yaml,238a49a973a3,1,16,2,1,False,euler,zero_state,[288:320],skill_real,0.5141228505456339
f2578cb06991.yaml,238a49a973a3,1,16,2,1,False,euler,zero_state,[288:320],skill_zeroed,-0.0870284241278855
f2578cb06991.yaml,238a49a973a3,1,16,2,1,False,euler,zero_state,[288:320],state_contribution,0.6011512746735194
f2578cb06991.yaml,238a49a973a3,1,16,2,1,False,euler,half_life,layer0,min_ms,5.381692886352539
f2578cb06991.yaml,238a49a973a3,1,16,2,1,False,euler,half_life,layer0,max_ms,618.5442504882812
f2578cb06991.yaml,238a49a973a3,1,16,2,1,False,euler,half_life,layer0,median_ms,210.52198791503903
f2578cb06991.yaml,238a49a973a3,1,16,2,1,False,euler,half_life,layer0,mean_ms,177.63336181640625
f2578cb06991.yaml,238a49a973a3,1,16,2,1,False,euler,half_life,layer0,std_ms,74.5838394165039
f2578cb06991.yaml,238a49a973a3,1,16,2,1,False,euler,half_life,layer0,frac_below_conv_window,0.1904296875
f2578cb06991.yaml,238a49a973a3,1,16,2,1,False,euler,half_life,layer1,min_ms,5.025788307189941
f2578cb06991.yaml,238a49a973a3,1,16,2,1,False,euler,half_life,layer1,max_ms,210.52198791503903
f2578cb06991.yaml,238a49a973a3,1,16,2,1,False,euler,half_life,layer1,median_ms,210.52198791503903
f2578cb06991.yaml,238a49a973a3,1,16,2,1,False,euler,half_life,layer1,mean_ms,193.65493774414065
f2578cb06991.yaml,238a49a973a3,1,16,2,1,False,euler,half_life,layer1,std_ms,52.48455810546875
f2578cb06991.yaml,238a49a973a3,1,16,2,1,False,euler,half_life,layer1,frac_below_conv_window,0.09375
af9fc8c57bb6.yaml,7ba54936f952,1,16,1,2,True,zoh,zero_state,[0:32],real_loss,0.034851711243391
af9fc8c57bb6.yaml,7ba54936f952,1,16,1,2,True,zoh,zero_state,[0:32],zeroed_loss,0.4884428679943084
af9fc8c57bb6.yaml,7ba54936f952,1,16,1,2,True,zoh,zero_state,[0:32],persistence,0.0707615911960601
af9fc8c57bb6.yaml,7ba54936f952,1,16,1,2,True,zoh,zero_state,[0:32],skill_real,0.5074769991134471
af9fc8c57bb6.yaml,7ba54936f952,1,16,1,2,True,zoh,zero_state,[0:32],skill_zeroed,-5.902655236242111
af9fc8c57bb6.yaml,7ba54936f952,1,16,1,2,True,zoh,zero_state,[0:32],state_contribution,6.410132235355558
af9fc8c57bb6.yaml,7ba54936f952,1,16,1,2,True,zoh,zero_state,[256:288],real_loss,0.0355675816535949
af9fc8c57bb6.yaml,7ba54936f952,1,16,1,2,True,zoh,zero_state,[256:288],zeroed_loss,0.5031779408454895
af9fc8c57bb6.yaml,7ba54936f952,1,16,1,2,True,zoh,zero_state,[256:288],persistence,0.0682168453931808
af9fc8c57bb6.yaml,7ba54936f952,1,16,1,2,True,zoh,zero_state,[256:288],skill_real,0.4786099907054569
af9fc8c57bb6.yaml,7ba54936f952,1,16,1,2,True,zoh,zero_state,[256:288],skill_zeroed,-6.376153762979322
af9fc8c57bb6.yaml,7ba54936f952,1,16,1,2,True,zoh,zero_state,[256:288],state_contribution,6.854763753684779
af9fc8c57bb6.yaml,7ba54936f952,1,16,1,2,True,zoh,zero_state,[288:320],real_loss,0.036416970193386
af9fc8c57bb6.yaml,7ba54936f952,1,16,1,2,True,zoh,zero_state,[288:320],zeroed_loss,0.4924791753292084
af9fc8c57bb6.yaml,7ba54936f952,1,16,1,2,True,zoh,zero_state,[288:320],persistence,0.0715298652648925
af9fc8c57bb6.yaml,7ba54936f952,1,16,1,2,True,zoh,zero_state,[288:320],skill_real,0.4908844011026005
af9fc8c57bb6.yaml,7ba54936f952,1,16,1,2,True,zoh,zero_state,[288:320],skill_zeroed,-5.884944819977468
af9fc8c57bb6.yaml,7ba54936f952,1,16,1,2,True,zoh,zero_state,[288:320],state_contribution,6.375829221080068
af9fc8c57bb6.yaml,7ba54936f952,1,16,1,2,True,zoh,half_life,layer0,min_ms,0.8027466535568237
af9fc8c57bb6.yaml,7ba54936f952,1,16,1,2,True,zoh,half_life,layer0,max_ms,920.8295288085938
af9fc8c57bb6.yaml,7ba54936f952,1,16,1,2,True,zoh,half_life,layer0,median_ms,9.009506225585938
af9fc8c57bb6.yaml,7ba54936f952,1,16,1,2,True,zoh,half_life,layer0,mean_ms,21.23373413085937
af9fc8c57bb6.yaml,7ba54936f952,1,16,1,2,True,zoh,half_life,layer0,std_ms,45.4626579284668
af9fc8c57bb6.yaml,7ba54936f952,1,16,1,2,True,zoh,half_life,layer0,frac_below_conv_window,0.9755859375
803a3eeb60b9.yaml,06c8e405530e,1,16,1,2,True,euler,zero_state,[0:32],real_loss,0.035329632461071
803a3eeb60b9.yaml,06c8e405530e,1,16,1,2,True,euler,zero_state,[0:32],zeroed_loss,0.4050270318984985
803a3eeb60b9.yaml,06c8e405530e,1,16,1,2,True,euler,zero_state,[0:32],persistence,0.0707615911960601
803a3eeb60b9.yaml,06c8e405530e,1,16,1,2,True,euler,zero_state,[0:32],skill_real,0.5007230354221024
803a3eeb60b9.yaml,06c8e405530e,1,16,1,2,True,euler,zero_state,[0:32],skill_zeroed,-4.723825949253801
803a3eeb60b9.yaml,06c8e405530e,1,16,1,2,True,euler,zero_state,[0:32],state_contribution,5.224548984675903
803a3eeb60b9.yaml,06c8e405530e,1,16,1,2,True,euler,zero_state,[256:288],real_loss,0.0359361171722412
803a3eeb60b9.yaml,06c8e405530e,1,16,1,2,True,euler,zero_state,[256:288],zeroed_loss,0.4231386184692383
803a3eeb60b9.yaml,06c8e405530e,1,16,1,2,True,euler,zero_state,[256:288],persistence,0.0682168453931808
803a3eeb60b9.yaml,06c8e405530e,1,16,1,2,True,euler,zero_state,[256:288],skill_real,0.4732075784930171
803a3eeb60b9.yaml,06c8e405530e,1,16,1,2,True,euler,zero_state,[256:288],skill_zeroed,-5.202846467472922
803a3eeb60b9.yaml,06c8e405530e,1,16,1,2,True,euler,zero_state,[256:288],state_contribution,5.676054045965939
803a3eeb60b9.yaml,06c8e405530e,1,16,1,2,True,euler,zero_state,[288:320],real_loss,0.0366332083940506
803a3eeb60b9.yaml,06c8e405530e,1,16,1,2,True,euler,zero_state,[288:320],zeroed_loss,0.4158248603343963
803a3eeb60b9.yaml,06c8e405530e,1,16,1,2,True,euler,zero_state,[288:320],persistence,0.0715298652648925
803a3eeb60b9.yaml,06c8e405530e,1,16,1,2,True,euler,zero_state,[288:320],skill_real,0.4878613533188008
803a3eeb60b9.yaml,06c8e405530e,1,16,1,2,True,euler,zero_state,[288:320],skill_zeroed,-4.813304118419562
803a3eeb60b9.yaml,06c8e405530e,1,16,1,2,True,euler,zero_state,[288:320],state_contribution,5.301165471738362
803a3eeb60b9.yaml,06c8e405530e,1,16,1,2,True,euler,half_life,layer0,min_ms,3.912114143371582
803a3eeb60b9.yaml,06c8e405530e,1,16,1,2,True,euler,half_life,layer0,max_ms,429.7439575195313
803a3eeb60b9.yaml,06c8e405530e,1,16,1,2,True,euler,half_life,layer0,median_ms,210.52198791503903
803a3eeb60b9.yaml,06c8e405530e,1,16,1,2,True,euler,half_life,layer0,mean_ms,165.6268310546875
803a3eeb60b9.yaml,06c8e405530e,1,16,1,2,True,euler,half_life,layer0,std_ms,78.4385986328125
803a3eeb60b9.yaml,06c8e405530e,1,16,1,2,True,euler,half_life,layer0,frac_below_conv_window,0.2529296875
0a649dc836b0.yaml,041df1be021e,1,16,1,2,False,zoh,zero_state,[0:32],real_loss,0.0356199257075786
0a649dc836b0.yaml,041df1be021e,1,16,1,2,False,zoh,zero_state,[0:32],zeroed_loss,0.0708530768752098
0a649dc836b0.yaml,041df1be021e,1,16,1,2,False,zoh,zero_state,[0:32],persistence,0.0707615911960601
0a649dc836b0.yaml,041df1be021e,1,16,1,2,False,zoh,zero_state,[0:32],skill_real,0.4966206227770372
0a649dc836b0.yaml,041df1be021e,1,16,1,2,False,zoh,zero_state,[0:32],skill_zeroed,-0.0012928719889317
0a649dc836b0.yaml,041df1be021e,1,16,1,2,False,zoh,zero_state,[0:32],state_contribution,0.4979134947659689
0a649dc836b0.yaml,041df1be021e,1,16,1,2,False,zoh,zero_state,[256:288],real_loss,0.0373482592403888
0a649dc836b0.yaml,041df1be021e,1,16,1,2,False,zoh,zero_state,[256:288],zeroed_loss,0.0731226950883865
0a649dc836b0.yaml,041df1be021e,1,16,1,2,False,zoh,zero_state,[256:288],persistence,0.0682168453931808
0a649dc836b0.yaml,041df1be021e,1,16,1,2,False,zoh,zero_state,[256:288],skill_real,0.4525067961567992
0a649dc836b0.yaml,041df1be021e,1,16,1,2,False,zoh,zero_state,[256:288],skill_zeroed,-0.0719155168628786
0a649dc836b0.yaml,041df1be021e,1,16,1,2,False,zoh,zero_state,[256:288],state_contribution,0.5244223130196778
0a649dc836b0.yaml,041df1be021e,1,16,1,2,False,zoh,zero_state,[288:320],real_loss,0.0369909182190895
0a649dc836b0.yaml,041df1be021e,1,16,1,2,False,zoh,zero_state,[288:320],zeroed_loss,0.0736855268478393
0a649dc836b0.yaml,041df1be021e,1,16,1,2,False,zoh,zero_state,[288:320],persistence,0.0715298652648925
0a649dc836b0.yaml,041df1be021e,1,16,1,2,False,zoh,zero_state,[288:320],skill_real,0.4828605075362144
0a649dc836b0.yaml,041df1be021e,1,16,1,2,False,zoh,zero_state,[288:320],skill_zeroed,-0.0301365251418248
0a649dc836b0.yaml,041df1be021e,1,16,1,2,False,zoh,zero_state,[288:320],state_contribution,0.5129970326780392
0a649dc836b0.yaml,041df1be021e,1,16,1,2,False,zoh,half_life,layer0,min_ms,0.8027466535568237
0a649dc836b0.yaml,041df1be021e,1,16,1,2,False,zoh,half_life,layer0,max_ms,1726.3768310546875
0a649dc836b0.yaml,041df1be021e,1,16,1,2,False,zoh,half_life,layer0,median_ms,12.566935539245604
0a649dc836b0.yaml,041df1be021e,1,16,1,2,False,zoh,half_life,layer0,mean_ms,33.5244026184082
0a649dc836b0.yaml,041df1be021e,1,16,1,2,False,zoh,half_life,layer0,std_ms,78.80352783203125
0a649dc836b0.yaml,041df1be021e,1,16,1,2,False,zoh,half_life,layer0,frac_below_conv_window,0.9521484375
5b2a781d294a.yaml,a7ad8fa4af9f,1,16,1,2,False,euler,zero_state,[0:32],real_loss,0.0359011590480804
5b2a781d294a.yaml,a7ad8fa4af9f,1,16,1,2,False,euler,zero_state,[0:32],zeroed_loss,0.0830301120877265
5b2a781d294a.yaml,a7ad8fa4af9f,1,16,1,2,False,euler,zero_state,[0:32],persistence,0.0707615911960601
5b2a781d294a.yaml,a7ad8fa4af9f,1,16,1,2,False,euler,zero_state,[0:32],skill_real,0.4926462443642826
5b2a781d294a.yaml,a7ad8fa4af9f,1,16,1,2,False,euler,zero_state,[0:32],skill_zeroed,-0.1733782506059515
5b2a781d294a.yaml,a7ad8fa4af9f,1,16,1,2,False,euler,zero_state,[0:32],state_contribution,0.6660244949702341
5b2a781d294a.yaml,a7ad8fa4af9f,1,16,1,2,False,euler,zero_state,[256:288],real_loss,0.0368392057716846
5b2a781d294a.yaml,a7ad8fa4af9f,1,16,1,2,False,euler,zero_state,[256:288],zeroed_loss,0.0783823132514953
5b2a781d294a.yaml,a7ad8fa4af9f,1,16,1,2,False,euler,zero_state,[256:288],persistence,0.0682168453931808
5b2a781d294a.yaml,a7ad8fa4af9f,1,16,1,2,False,euler,zero_state,[256:288],skill_real,0.4599690800805163
5b2a781d294a.yaml,a7ad8fa4af9f,1,16,1,2,False,euler,zero_state,[256:288],skill_zeroed,-0.1490169737360895
5b2a781d294a.yaml,a7ad8fa4af9f,1,16,1,2,False,euler,zero_state,[256:288],state_contribution,0.6089860538166058
5b2a781d294a.yaml,a7ad8fa4af9f,1,16,1,2,False,euler,zero_state,[288:320],real_loss,0.0371625646948814
5b2a781d294a.yaml,a7ad8fa4af9f,1,16,1,2,False,euler,zero_state,[288:320],zeroed_loss,0.0839035063982009
5b2a781d294a.yaml,a7ad8fa4af9f,1,16,1,2,False,euler,zero_state,[288:320],persistence,0.0715298652648925
5b2a781d294a.yaml,a7ad8fa4af9f,1,16,1,2,False,euler,zero_state,[288:320],skill_real,0.4804608598484091
5b2a781d294a.yaml,a7ad8fa4af9f,1,16,1,2,False,euler,zero_state,[288:320],skill_zeroed,-0.172985662526915
5b2a781d294a.yaml,a7ad8fa4af9f,1,16,1,2,False,euler,zero_state,[288:320],state_contribution,0.6534465223753241
5b2a781d294a.yaml,a7ad8fa4af9f,1,16,1,2,False,euler,half_life,layer0,min_ms,3.2424941062927246
5b2a781d294a.yaml,a7ad8fa4af9f,1,16,1,2,False,euler,half_life,layer0,max_ms,1404.6707763671875
5b2a781d294a.yaml,a7ad8fa4af9f,1,16,1,2,False,euler,half_life,layer0,median_ms,210.52198791503903
5b2a781d294a.yaml,a7ad8fa4af9f,1,16,1,2,False,euler,half_life,layer0,mean_ms,179.08599853515625
5b2a781d294a.yaml,a7ad8fa4af9f,1,16,1,2,False,euler,half_life,layer0,std_ms,74.26963806152344
5b2a781d294a.yaml,a7ad8fa4af9f,1,16,1,2,False,euler,half_life,layer0,frac_below_conv_window,0.177734375
2dd0effd4eaa.yaml,0e00bfb6f56f,1,16,1,1,True,zoh,zero_state,[0:32],real_loss,0.0349708497524261
2dd0effd4eaa.yaml,0e00bfb6f56f,1,16,1,1,True,zoh,zero_state,[0:32],zeroed_loss,0.2740173935890198
2dd0effd4eaa.yaml,0e00bfb6f56f,1,16,1,1,True,zoh,zero_state,[0:32],persistence,0.0707615911960601
2dd0effd4eaa.yaml,0e00bfb6f56f,1,16,1,1,True,zoh,zero_state,[0:32],skill_real,0.5057933384294326
2dd0effd4eaa.yaml,0e00bfb6f56f,1,16,1,1,True,zoh,zero_state,[0:32],skill_zeroed,-2.872402937206369
2dd0effd4eaa.yaml,0e00bfb6f56f,1,16,1,1,True,zoh,zero_state,[0:32],state_contribution,3.3781962756358017
2dd0effd4eaa.yaml,0e00bfb6f56f,1,16,1,1,True,zoh,zero_state,[256:288],real_loss,0.0354964509606361
2dd0effd4eaa.yaml,0e00bfb6f56f,1,16,1,1,True,zoh,zero_state,[256:288],zeroed_loss,0.2777518630027771
2dd0effd4eaa.yaml,0e00bfb6f56f,1,16,1,1,True,zoh,zero_state,[256:288],persistence,0.0682168453931808
2dd0effd4eaa.yaml,0e00bfb6f56f,1,16,1,1,True,zoh,zero_state,[256:288],skill_real,0.4796527051926024
2dd0effd4eaa.yaml,0e00bfb6f56f,1,16,1,1,True,zoh,zero_state,[256:288],skill_zeroed,-3.071602276562351
2dd0effd4eaa.yaml,0e00bfb6f56f,1,16,1,1,True,zoh,zero_state,[256:288],state_contribution,3.5512549817549535
2dd0effd4eaa.yaml,0e00bfb6f56f,1,16,1,1,True,zoh,zero_state,[288:320],real_loss,0.036513328552246
2dd0effd4eaa.yaml,0e00bfb6f56f,1,16,1,1,True,zoh,zero_state,[288:320],zeroed_loss,0.2760194540023803
2dd0effd4eaa.yaml,0e00bfb6f56f,1,16,1,1,True,zoh,zero_state,[288:320],persistence,0.0715298652648925
2dd0effd4eaa.yaml,0e00bfb6f56f,1,16,1,1,True,zoh,zero_state,[288:320],skill_real,0.4895372944290009
2dd0effd4eaa.yaml,0e00bfb6f56f,1,16,1,1,True,zoh,zero_state,[288:320],skill_zeroed,-2.858800138658347
2dd0effd4eaa.yaml,0e00bfb6f56f,1,16,1,1,True,zoh,zero_state,[288:320],state_contribution,3.348337433087348
2dd0effd4eaa.yaml,0e00bfb6f56f,1,16,1,1,True,zoh,half_life,layer0,min_ms,0.8027466535568237
2dd0effd4eaa.yaml,0e00bfb6f56f,1,16,1,1,True,zoh,half_life,layer0,max_ms,1899.140625
2dd0effd4eaa.yaml,0e00bfb6f56f,1,16,1,1,True,zoh,half_life,layer0,median_ms,3.960418701171875
2dd0effd4eaa.yaml,0e00bfb6f56f,1,16,1,1,True,zoh,half_life,layer0,mean_ms,14.556293487548828
2dd0effd4eaa.yaml,0e00bfb6f56f,1,16,1,1,True,zoh,half_life,layer0,std_ms,65.93038940429688
2dd0effd4eaa.yaml,0e00bfb6f56f,1,16,1,1,True,zoh,half_life,layer0,frac_below_conv_window,0.9892578125
6bdb1f777147.yaml,cf305a75c126,1,16,1,1,True,euler,zero_state,[0:32],real_loss,0.0346059054136276
6bdb1f777147.yaml,cf305a75c126,1,16,1,1,True,euler,zero_state,[0:32],zeroed_loss,0.3442442715167999
6bdb1f777147.yaml,cf305a75c126,1,16,1,1,True,euler,zero_state,[0:32],persistence,0.0707615911960601
6bdb1f777147.yaml,cf305a75c126,1,16,1,1,True,euler,zero_state,[0:32],skill_real,0.5109507173496914
6bdb1f777147.yaml,cf305a75c126,1,16,1,1,True,euler,zero_state,[0:32],skill_zeroed,-3.86484639050862
6bdb1f777147.yaml,cf305a75c126,1,16,1,1,True,euler,zero_state,[0:32],state_contribution,4.375797107858311
6bdb1f777147.yaml,cf305a75c126,1,16,1,1,True,euler,zero_state,[256:288],real_loss,0.0353940948843956
6bdb1f777147.yaml,cf305a75c126,1,16,1,1,True,euler,zero_state,[256:288],zeroed_loss,0.3503756523132324
6bdb1f777147.yaml,cf305a75c126,1,16,1,1,True,euler,zero_state,[256:288],persistence,0.0682168453931808
6bdb1f777147.yaml,cf305a75c126,1,16,1,1,True,euler,zero_state,[256:288],skill_real,0.481153156813468
6bdb1f777147.yaml,cf305a75c126,1,16,1,1,True,euler,zero_state,[256:288],skill_zeroed,-4.136204265878542
6bdb1f777147.yaml,cf305a75c126,1,16,1,1,True,euler,zero_state,[256:288],state_contribution,4.6173574226920095
6bdb1f777147.yaml,cf305a75c126,1,16,1,1,True,euler,zero_state,[288:320],real_loss,0.0363222099840641
6bdb1f777147.yaml,cf305a75c126,1,16,1,1,True,euler,zero_state,[288:320],zeroed_loss,0.3483490645885467
6bdb1f777147.yaml,cf305a75c126,1,16,1,1,True,euler,zero_state,[288:320],persistence,0.0715298652648925
6bdb1f777147.yaml,cf305a75c126,1,16,1,1,True,euler,zero_state,[288:320],skill_real,0.4922091653667446
6bdb1f777147.yaml,cf305a75c126,1,16,1,1,True,euler,zero_state,[288:320],skill_zeroed,-3.869980717823597
6bdb1f777147.yaml,cf305a75c126,1,16,1,1,True,euler,zero_state,[288:320],state_contribution,4.362189883190341
6bdb1f777147.yaml,cf305a75c126,1,16,1,1,True,euler,half_life,layer0,min_ms,3.333916664123535
6bdb1f777147.yaml,cf305a75c126,1,16,1,1,True,euler,half_life,layer0,max_ms,1032.96337890625
6bdb1f777147.yaml,cf305a75c126,1,16,1,1,True,euler,half_life,layer0,median_ms,210.52198791503903
6bdb1f777147.yaml,cf305a75c126,1,16,1,1,True,euler,half_life,layer0,mean_ms,150.33212280273438
6bdb1f777147.yaml,cf305a75c126,1,16,1,1,True,euler,half_life,layer0,std_ms,96.86063385009766
6bdb1f777147.yaml,cf305a75c126,1,16,1,1,True,euler,half_life,layer0,frac_below_conv_window,0.3642578125
2e2427afcb6d.yaml,05c01bd0dcff,1,16,1,1,False,zoh,zero_state,[0:32],real_loss,0.039554052054882
2e2427afcb6d.yaml,05c01bd0dcff,1,16,1,1,False,zoh,zero_state,[0:32],zeroed_loss,0.101947896182537
2e2427afcb6d.yaml,05c01bd0dcff,1,16,1,1,False,zoh,zero_state,[0:32],persistence,0.0707615911960601
2e2427afcb6d.yaml,05c01bd0dcff,1,16,1,1,False,zoh,zero_state,[0:32],skill_real,0.4410237052854131
2e2427afcb6d.yaml,05c01bd0dcff,1,16,1,1,False,zoh,zero_state,[0:32],skill_zeroed,-0.4407236250534354
2e2427afcb6d.yaml,05c01bd0dcff,1,16,1,1,False,zoh,zero_state,[0:32],state_contribution,0.8817473303388486
2e2427afcb6d.yaml,05c01bd0dcff,1,16,1,1,False,zoh,zero_state,[256:288],real_loss,0.0478883422911167
2e2427afcb6d.yaml,05c01bd0dcff,1,16,1,1,False,zoh,zero_state,[256:288],zeroed_loss,0.1020931527018547
2e2427afcb6d.yaml,05c01bd0dcff,1,16,1,1,False,zoh,zero_state,[256:288],persistence,0.0682168453931808
2e2427afcb6d.yaml,05c01bd0dcff,1,16,1,1,False,zoh,zero_state,[256:288],skill_real,0.2979982874449399
2e2427afcb6d.yaml,05c01bd0dcff,1,16,1,1,False,zoh,zero_state,[256:288],skill_zeroed,-0.4965973890088477
2e2427afcb6d.yaml,05c01bd0dcff,1,16,1,1,False,zoh,zero_state,[256:288],state_contribution,0.7945956764537876
2e2427afcb6d.yaml,05c01bd0dcff,1,16,1,1,False,zoh,zero_state,[288:320],real_loss,0.0402853488922119
2e2427afcb6d.yaml,05c01bd0dcff,1,16,1,1,False,zoh,zero_state,[288:320],zeroed_loss,0.1050790473818779
2e2427afcb6d.yaml,05c01bd0dcff,1,16,1,1,False,zoh,zero_state,[288:320],persistence,0.0715298652648925
2e2427afcb6d.yaml,05c01bd0dcff,1,16,1,1,False,zoh,zero_state,[288:320],skill_real,0.4368037917724936
2e2427afcb6d.yaml,05c01bd0dcff,1,16,1,1,False,zoh,zero_state,[288:320],skill_zeroed,-0.4690234210947344
2e2427afcb6d.yaml,05c01bd0dcff,1,16,1,1,False,zoh,zero_state,[288:320],state_contribution,0.905827212867228
2e2427afcb6d.yaml,05c01bd0dcff,1,16,1,1,False,zoh,half_life,layer0,min_ms,0.8027466535568237
2e2427afcb6d.yaml,05c01bd0dcff,1,16,1,1,False,zoh,half_life,layer0,max_ms,4849.16015625
2e2427afcb6d.yaml,05c01bd0dcff,1,16,1,1,False,zoh,half_life,layer0,median_ms,8.78493595123291
2e2427afcb6d.yaml,05c01bd0dcff,1,16,1,1,False,zoh,half_life,layer0,mean_ms,27.50381088256836
2e2427afcb6d.yaml,05c01bd0dcff,1,16,1,1,False,zoh,half_life,layer0,std_ms,160.3424835205078
2e2427afcb6d.yaml,05c01bd0dcff,1,16,1,1,False,zoh,half_life,layer0,frac_below_conv_window,0.9638671875
c08b62a11771.yaml,a4cab7f2fe52,1,16,1,1,False,euler,zero_state,[0:32],real_loss,0.0411850214004516
c08b62a11771.yaml,a4cab7f2fe52,1,16,1,1,False,euler,zero_state,[0:32],zeroed_loss,0.1023528799414634
c08b62a11771.yaml,a4cab7f2fe52,1,16,1,1,False,euler,zero_state,[0:32],persistence,0.0707615911960601
c08b62a11771.yaml,a4cab7f2fe52,1,16,1,1,False,euler,zero_state,[0:32],skill_real,0.4179749111867804
c08b62a11771.yaml,a4cab7f2fe52,1,16,1,1,False,euler,zero_state,[0:32],skill_zeroed,-0.4464468394707637
c08b62a11771.yaml,a4cab7f2fe52,1,16,1,1,False,euler,zero_state,[0:32],state_contribution,0.864421750657544
c08b62a11771.yaml,a4cab7f2fe52,1,16,1,1,False,euler,zero_state,[256:288],real_loss,0.0409925878047943
c08b62a11771.yaml,a4cab7f2fe52,1,16,1,1,False,euler,zero_state,[256:288],zeroed_loss,0.1048229485750198
c08b62a11771.yaml,a4cab7f2fe52,1,16,1,1,False,euler,zero_state,[256:288],persistence,0.0682168453931808
c08b62a11771.yaml,a4cab7f2fe52,1,16,1,1,False,euler,zero_state,[256:288],skill_real,0.3990840888562688
c08b62a11771.yaml,a4cab7f2fe52,1,16,1,1,False,euler,zero_state,[256:288],skill_zeroed,-0.5366138374011977
c08b62a11771.yaml,a4cab7f2fe52,1,16,1,1,False,euler,zero_state,[256:288],state_contribution,0.9356979262574665
c08b62a11771.yaml,a4cab7f2fe52,1,16,1,1,False,euler,zero_state,[288:320],real_loss,0.0415566228330135
c08b62a11771.yaml,a4cab7f2fe52,1,16,1,1,False,euler,zero_state,[288:320],zeroed_loss,0.1056964248418808
c08b62a11771.yaml,a4cab7f2fe52,1,16,1,1,False,euler,zero_state,[288:320],persistence,0.0715298652648925
c08b62a11771.yaml,a4cab7f2fe52,1,16,1,1,False,euler,zero_state,[288:320],skill_real,0.4190311602137205
c08b62a11771.yaml,a4cab7f2fe52,1,16,1,1,False,euler,zero_state,[288:320],skill_zeroed,-0.477654465732056
c08b62a11771.yaml,a4cab7f2fe52,1,16,1,1,False,euler,zero_state,[288:320],state_contribution,0.8966856259457765
c08b62a11771.yaml,a4cab7f2fe52,1,16,1,1,False,euler,half_life,layer0,min_ms,4.71226167678833
c08b62a11771.yaml,a4cab7f2fe52,1,16,1,1,False,euler,half_life,layer0,max_ms,256.0906982421875
c08b62a11771.yaml,a4cab7f2fe52,1,16,1,1,False,euler,half_life,layer0,median_ms,210.52198791503903
c08b62a11771.yaml,a4cab7f2fe52,1,16,1,1,False,euler,half_life,layer0,mean_ms,187.19866943359372
c08b62a11771.yaml,a4cab7f2fe52,1,16,1,1,False,euler,half_life,layer0,std_ms,58.94800567626953
c08b62a11771.yaml,a4cab7f2fe52,1,16,1,1,False,euler,half_life,layer0,frac_below_conv_window,0.12890625
882f1bbbb7cd.yaml,53d656a091fd,1,8,4,2,True,zoh,zero_state,[0:32],real_loss,0.032381821423769
882f1bbbb7cd.yaml,53d656a091fd,1,8,4,2,True,zoh,zero_state,[0:32],zeroed_loss,0.1980936676263809
882f1bbbb7cd.yaml,53d656a091fd,1,8,4,2,True,zoh,zero_state,[0:32],persistence,0.0707615911960601
882f1bbbb7cd.yaml,53d656a091fd,1,8,4,2,True,zoh,zero_state,[0:32],skill_real,0.5423813840753212
882f1bbbb7cd.yaml,53d656a091fd,1,8,4,2,True,zoh,zero_state,[0:32],skill_zeroed,-1.7994518534429207
882f1bbbb7cd.yaml,53d656a091fd,1,8,4,2,True,zoh,zero_state,[0:32],state_contribution,2.341833237518242
882f1bbbb7cd.yaml,53d656a091fd,1,8,4,2,True,zoh,zero_state,[256:288],real_loss,0.0316887386143207
882f1bbbb7cd.yaml,53d656a091fd,1,8,4,2,True,zoh,zero_state,[256:288],zeroed_loss,0.1955695748329162
882f1bbbb7cd.yaml,53d656a091fd,1,8,4,2,True,zoh,zero_state,[256:288],persistence,0.0682168453931808
882f1bbbb7cd.yaml,53d656a091fd,1,8,4,2,True,zoh,zero_state,[256:288],skill_real,0.5354704775385516
882f1bbbb7cd.yaml,53d656a091fd,1,8,4,2,True,zoh,zero_state,[256:288],skill_zeroed,-1.8668809544873204
882f1bbbb7cd.yaml,53d656a091fd,1,8,4,2,True,zoh,zero_state,[256:288],state_contribution,2.402351432025872
882f1bbbb7cd.yaml,53d656a091fd,1,8,4,2,True,zoh,zero_state,[288:320],real_loss,0.0326841548085212
882f1bbbb7cd.yaml,53d656a091fd,1,8,4,2,True,zoh,zero_state,[288:320],zeroed_loss,0.1943118423223495
882f1bbbb7cd.yaml,53d656a091fd,1,8,4,2,True,zoh,zero_state,[288:320],persistence,0.0715298652648925
882f1bbbb7cd.yaml,53d656a091fd,1,8,4,2,True,zoh,zero_state,[288:320],skill_real,0.5430698116446346
882f1bbbb7cd.yaml,53d656a091fd,1,8,4,2,True,zoh,zero_state,[288:320],skill_zeroed,-1.716513467525282
882f1bbbb7cd.yaml,53d656a091fd,1,8,4,2,True,zoh,zero_state,[288:320],state_contribution,2.2595832791699166
882f1bbbb7cd.yaml,53d656a091fd,1,8,4,2,True,zoh,half_life,layer0,min_ms,0.8027466535568237
882f1bbbb7cd.yaml,53d656a091fd,1,8,4,2,True,zoh,half_life,layer0,max_ms,542.99072265625
882f1bbbb7cd.yaml,53d656a091fd,1,8,4,2,True,zoh,half_life,layer0,median_ms,16.740888595581055
882f1bbbb7cd.yaml,53d656a091fd,1,8,4,2,True,zoh,half_life,layer0,mean_ms,33.18948745727539
882f1bbbb7cd.yaml,53d656a091fd,1,8,4,2,True,zoh,half_life,layer0,std_ms,48.206809997558594
882f1bbbb7cd.yaml,53d656a091fd,1,8,4,2,True,zoh,half_life,layer0,frac_below_conv_window,0.9609375
882f1bbbb7cd.yaml,53d656a091fd,1,8,4,2,True,zoh,half_life,layer1,min_ms,0.8027466535568237
882f1bbbb7cd.yaml,53d656a091fd,1,8,4,2,True,zoh,half_life,layer1,max_ms,1698.4552001953125
882f1bbbb7cd.yaml,53d656a091fd,1,8,4,2,True,zoh,half_life,layer1,median_ms,26.2763671875
882f1bbbb7cd.yaml,53d656a091fd,1,8,4,2,True,zoh,half_life,layer1,mean_ms,57.70675659179688
882f1bbbb7cd.yaml,53d656a091fd,1,8,4,2,True,zoh,half_life,layer1,std_ms,105.48604583740234
882f1bbbb7cd.yaml,53d656a091fd,1,8,4,2,True,zoh,half_life,layer1,frac_below_conv_window,0.8896484375
882f1bbbb7cd.yaml,53d656a091fd,1,8,4,2,True,zoh,half_life,layer2,min_ms,1.4553333520889282
882f1bbbb7cd.yaml,53d656a091fd,1,8,4,2,True,zoh,half_life,layer2,max_ms,151.62091064453125
882f1bbbb7cd.yaml,53d656a091fd,1,8,4,2,True,zoh,half_life,layer2,median_ms,7.065004825592041
882f1bbbb7cd.yaml,53d656a091fd,1,8,4,2,True,zoh,half_life,layer2,mean_ms,11.300825119018556
882f1bbbb7cd.yaml,53d656a091fd,1,8,4,2,True,zoh,half_life,layer2,std_ms,12.083894729614258
882f1bbbb7cd.yaml,53d656a091fd,1,8,4,2,True,zoh,half_life,layer2,frac_below_conv_window,0.9990234375
882f1bbbb7cd.yaml,53d656a091fd,1,8,4,2,True,zoh,half_life,layer3,min_ms,0.8027466535568237
882f1bbbb7cd.yaml,53d656a091fd,1,8,4,2,True,zoh,half_life,layer3,max_ms,290.4745788574219
882f1bbbb7cd.yaml,53d656a091fd,1,8,4,2,True,zoh,half_life,layer3,median_ms,10.26663589477539
882f1bbbb7cd.yaml,53d656a091fd,1,8,4,2,True,zoh,half_life,layer3,mean_ms,19.380172729492188
882f1bbbb7cd.yaml,53d656a091fd,1,8,4,2,True,zoh,half_life,layer3,std_ms,27.194345474243164
882f1bbbb7cd.yaml,53d656a091fd,1,8,4,2,True,zoh,half_life,layer3,frac_below_conv_window,0.9892578125
b7fa91c2de83.yaml,8c7571539ddc,1,8,4,2,True,euler,zero_state,[0:32],real_loss,0.0326465293765068
b7fa91c2de83.yaml,8c7571539ddc,1,8,4,2,True,euler,zero_state,[0:32],zeroed_loss,0.2171028107404709
b7fa91c2de83.yaml,8c7571539ddc,1,8,4,2,True,euler,zero_state,[0:32],persistence,0.0707615911960601
b7fa91c2de83.yaml,8c7571539ddc,1,8,4,2,True,euler,zero_state,[0:32],skill_real,0.538640541786962
b7fa91c2de83.yaml,8c7571539ddc,1,8,4,2,True,euler,zero_state,[0:32],skill_zeroed,-2.068088309927075
b7fa91c2de83.yaml,8c7571539ddc,1,8,4,2,True,euler,zero_state,[0:32],state_contribution,2.606728851714037
b7fa91c2de83.yaml,8c7571539ddc,1,8,4,2,True,euler,zero_state,[256:288],real_loss,0.0319488383829593
b7fa91c2de83.yaml,8c7571539ddc,1,8,4,2,True,euler,zero_state,[256:288],zeroed_loss,0.2144474685192108
b7fa91c2de83.yaml,8c7571539ddc,1,8,4,2,True,euler,zero_state,[256:288],persistence,0.0682168453931808
b7fa91c2de83.yaml,8c7571539ddc,1,8,4,2,True,euler,zero_state,[256:288],skill_real,0.5316576397103073
b7fa91c2de83.yaml,8c7571539ddc,1,8,4,2,True,euler,zero_state,[256:288],skill_zeroed,-2.1436145615236497
b7fa91c2de83.yaml,8c7571539ddc,1,8,4,2,True,euler,zero_state,[256:288],state_contribution,2.675272201233957
b7fa91c2de83.yaml,8c7571539ddc,1,8,4,2,True,euler,zero_state,[288:320],real_loss,0.0330148600041866
b7fa91c2de83.yaml,8c7571539ddc,1,8,4,2,True,euler,zero_state,[288:320],zeroed_loss,0.2152107208967209
b7fa91c2de83.yaml,8c7571539ddc,1,8,4,2,True,euler,zero_state,[288:320],persistence,0.0715298652648925
b7fa91c2de83.yaml,8c7571539ddc,1,8,4,2,True,euler,zero_state,[288:320],skill_real,0.5384464952936157
b7fa91c2de83.yaml,8c7571539ddc,1,8,4,2,True,euler,zero_state,[288:320],skill_zeroed,-2.0086834373270936
b7fa91c2de83.yaml,8c7571539ddc,1,8,4,2,True,euler,zero_state,[288:320],state_contribution,2.5471299326207095
b7fa91c2de83.yaml,8c7571539ddc,1,8,4,2,True,euler,half_life,layer0,min_ms,3.003828763961792
b7fa91c2de83.yaml,8c7571539ddc,1,8,4,2,True,euler,half_life,layer0,max_ms,650.40625
b7fa91c2de83.yaml,8c7571539ddc,1,8,4,2,True,euler,half_life,layer0,median_ms,67.96083068847656
b7fa91c2de83.yaml,8c7571539ddc,1,8,4,2,True,euler,half_life,layer0,mean_ms,108.10400390625
b7fa91c2de83.yaml,8c7571539ddc,1,8,4,2,True,euler,half_life,layer0,std_ms,91.5956039428711
b7fa91c2de83.yaml,8c7571539ddc,1,8,4,2,True,euler,half_life,layer0,frac_below_conv_window,0.5791015625
b7fa91c2de83.yaml,8c7571539ddc,1,8,4,2,True,euler,half_life,layer1,min_ms,3.350169897079468
b7fa91c2de83.yaml,8c7571539ddc,1,8,4,2,True,euler,half_life,layer1,max_ms,240.3604278564453
b7fa91c2de83.yaml,8c7571539ddc,1,8,4,2,True,euler,half_life,layer1,median_ms,61.17396926879883
b7fa91c2de83.yaml,8c7571539ddc,1,8,4,2,True,euler,half_life,layer1,mean_ms,105.61483764648438
b7fa91c2de83.yaml,8c7571539ddc,1,8,4,2,True,euler,half_life,layer1,std_ms,88.87177276611328
b7fa91c2de83.yaml,8c7571539ddc,1,8,4,2,True,euler,half_life,layer1,frac_below_conv_window,0.5888671875
b7fa91c2de83.yaml,8c7571539ddc,1,8,4,2,True,euler,half_life,layer2,min_ms,3.5927650928497314
b7fa91c2de83.yaml,8c7571539ddc,1,8,4,2,True,euler,half_life,layer2,max_ms,250.93191528320312
b7fa91c2de83.yaml,8c7571539ddc,1,8,4,2,True,euler,half_life,layer2,median_ms,210.52198791503903
b7fa91c2de83.yaml,8c7571539ddc,1,8,4,2,True,euler,half_life,layer2,mean_ms,133.94976806640625
b7fa91c2de83.yaml,8c7571539ddc,1,8,4,2,True,euler,half_life,layer2,std_ms,89.50262451171875
b7fa91c2de83.yaml,8c7571539ddc,1,8,4,2,True,euler,half_life,layer2,frac_below_conv_window,0.423828125
b7fa91c2de83.yaml,8c7571539ddc,1,8,4,2,True,euler,half_life,layer3,min_ms,1.6320133209228516
b7fa91c2de83.yaml,8c7571539ddc,1,8,4,2,True,euler,half_life,layer3,max_ms,1006.3557739257812
b7fa91c2de83.yaml,8c7571539ddc,1,8,4,2,True,euler,half_life,layer3,median_ms,210.52198791503903
b7fa91c2de83.yaml,8c7571539ddc,1,8,4,2,True,euler,half_life,layer3,mean_ms,135.72157287597656
b7fa91c2de83.yaml,8c7571539ddc,1,8,4,2,True,euler,half_life,layer3,std_ms,93.26400756835938
b7fa91c2de83.yaml,8c7571539ddc,1,8,4,2,True,euler,half_life,layer3,frac_below_conv_window,0.421875
489f94bd9fcd.yaml,a44c4b500d74,1,8,4,2,False,zoh,zero_state,[0:32],real_loss,0.0325890220701694
489f94bd9fcd.yaml,a44c4b500d74,1,8,4,2,False,zoh,zero_state,[0:32],zeroed_loss,0.1602086275815963
489f94bd9fcd.yaml,a44c4b500d74,1,8,4,2,False,zoh,zero_state,[0:32],persistence,0.0707615911960601
489f94bd9fcd.yaml,a44c4b500d74,1,8,4,2,False,zoh,zero_state,[0:32],skill_real,0.5394532327590745
489f94bd9fcd.yaml,a44c4b500d74,1,8,4,2,False,zoh,zero_state,[0:32],skill_zeroed,-1.264061970253099
489f94bd9fcd.yaml,a44c4b500d74,1,8,4,2,False,zoh,zero_state,[0:32],state_contribution,1.8035152030121737
489f94bd9fcd.yaml,a44c4b500d74,1,8,4,2,False,zoh,zero_state,[256:288],real_loss,0.0319280698895454
489f94bd9fcd.yaml,a44c4b500d74,1,8,4,2,False,zoh,zero_state,[256:288],zeroed_loss,0.177162230014801
489f94bd9fcd.yaml,a44c4b500d74,1,8,4,2,False,zoh,zero_state,[256:288],persistence,0.0682168453931808
489f94bd9fcd.yaml,a44c4b500d74,1,8,4,2,False,zoh,zero_state,[256:288],skill_real,0.5319620878754815
489f94bd9fcd.yaml,a44c4b500d74,1,8,4,2,False,zoh,zero_state,[256:288],skill_zeroed,-1.5970451872069518
489f94bd9fcd.yaml,a44c4b500d74,1,8,4,2,False,zoh,zero_state,[256:288],state_contribution,2.1290072750824334
489f94bd9fcd.yaml,a44c4b500d74,1,8,4,2,False,zoh,zero_state,[288:320],real_loss,0.0331013314425945
489f94bd9fcd.yaml,a44c4b500d74,1,8,4,2,False,zoh,zero_state,[288:320],zeroed_loss,0.1670205444097519
489f94bd9fcd.yaml,a44c4b500d74,1,8,4,2,False,zoh,zero_state,[288:320],persistence,0.0715298652648925
489f94bd9fcd.yaml,a44c4b500d74,1,8,4,2,False,zoh,zero_state,[288:320],skill_real,0.5372376094934304
489f94bd9fcd.yaml,a44c4b500d74,1,8,4,2,False,zoh,zero_state,[288:320],skill_zeroed,-1.334976359751748
489f94bd9fcd.yaml,a44c4b500d74,1,8,4,2,False,zoh,zero_state,[288:320],state_contribution,1.8722139692451785
489f94bd9fcd.yaml,a44c4b500d74,1,8,4,2,False,zoh,half_life,layer0,min_ms,2.516103506088257
489f94bd9fcd.yaml,a44c4b500d74,1,8,4,2,False,zoh,half_life,layer0,max_ms,2015.0933837890625
489f94bd9fcd.yaml,a44c4b500d74,1,8,4,2,False,zoh,half_life,layer0,median_ms,14.299114227294922
489f94bd9fcd.yaml,a44c4b500d74,1,8,4,2,False,zoh,half_life,layer0,mean_ms,30.632083892822266
489f94bd9fcd.yaml,a44c4b500d74,1,8,4,2,False,zoh,half_life,layer0,std_ms,85.09455871582031
489f94bd9fcd.yaml,a44c4b500d74,1,8,4,2,False,zoh,half_life,layer0,frac_below_conv_window,0.970703125
489f94bd9fcd.yaml,a44c4b500d74,1,8,4,2,False,zoh,half_life,layer1,min_ms,1.740617752075195
489f94bd9fcd.yaml,a44c4b500d74,1,8,4,2,False,zoh,half_life,layer1,max_ms,572.47705078125
489f94bd9fcd.yaml,a44c4b500d74,1,8,4,2,False,zoh,half_life,layer1,median_ms,10.689321517944336
489f94bd9fcd.yaml,a44c4b500d74,1,8,4,2,False,zoh,half_life,layer1,mean_ms,20.05548858642578
489f94bd9fcd.yaml,a44c4b500d74,1,8,4,2,False,zoh,half_life,layer1,std_ms,33.31621551513672
489f94bd9fcd.yaml,a44c4b500d74,1,8,4,2,False,zoh,half_life,layer1,frac_below_conv_window,0.9873046875
489f94bd9fcd.yaml,a44c4b500d74,1,8,4,2,False,zoh,half_life,layer2,min_ms,2.015133142471313
489f94bd9fcd.yaml,a44c4b500d74,1,8,4,2,False,zoh,half_life,layer2,max_ms,191.73602294921875
489f94bd9fcd.yaml,a44c4b500d74,1,8,4,2,False,zoh,half_life,layer2,median_ms,9.839675903320312
489f94bd9fcd.yaml,a44c4b500d74,1,8,4,2,False,zoh,half_life,layer2,mean_ms,16.34357452392578
489f94bd9fcd.yaml,a44c4b500d74,1,8,4,2,False,zoh,half_life,layer2,std_ms,18.12872695922852
489f94bd9fcd.yaml,a44c4b500d74,1,8,4,2,False,zoh,half_life,layer2,frac_below_conv_window,0.9970703125
489f94bd9fcd.yaml,a44c4b500d74,1,8,4,2,False,zoh,half_life,layer3,min_ms,1.6627521514892578
489f94bd9fcd.yaml,a44c4b500d74,1,8,4,2,False,zoh,half_life,layer3,max_ms,428.4190979003906
489f94bd9fcd.yaml,a44c4b500d74,1,8,4,2,False,zoh,half_life,layer3,median_ms,10.147789001464844
489f94bd9fcd.yaml,a44c4b500d74,1,8,4,2,False,zoh,half_life,layer3,mean_ms,19.119285583496094
489f94bd9fcd.yaml,a44c4b500d74,1,8,4,2,False,zoh,half_life,layer3,std_ms,30.5274715423584
489f94bd9fcd.yaml,a44c4b500d74,1,8,4,2,False,zoh,half_life,layer3,frac_below_conv_window,0.98828125
c76270425c9e.yaml,319c77ff2fe8,1,8,4,2,False,euler,zero_state,[0:32],real_loss,0.0319531969726085
c76270425c9e.yaml,319c77ff2fe8,1,8,4,2,False,euler,zero_state,[0:32],zeroed_loss,0.1887364983558654
c76270425c9e.yaml,319c77ff2fe8,1,8,4,2,False,euler,zero_state,[0:32],persistence,0.0707615911960601
c76270425c9e.yaml,319c77ff2fe8,1,8,4,2,False,euler,zero_state,[0:32],skill_real,0.5484386878175849
c76270425c9e.yaml,319c77ff2fe8,1,8,4,2,False,euler,zero_state,[0:32],skill_zeroed,-1.6672167084673166
c76270425c9e.yaml,319c77ff2fe8,1,8,4,2,False,euler,zero_state,[0:32],state_contribution,2.2156553962849017
c76270425c9e.yaml,319c77ff2fe8,1,8,4,2,False,euler,zero_state,[256:288],real_loss,0.031286995857954
c76270425c9e.yaml,319c77ff2fe8,1,8,4,2,False,euler,zero_state,[256:288],zeroed_loss,0.1952355802059173
c76270425c9e.yaml,319c77ff2fe8,1,8,4,2,False,euler,zero_state,[256:288],persistence,0.0682168453931808
c76270425c9e.yaml,319c77ff2fe8,1,8,4,2,False,euler,zero_state,[256:288],skill_real,0.5413596791580519
c76270425c9e.yaml,319c77ff2fe8,1,8,4,2,False,euler,zero_state,[256:288],skill_zeroed,-1.861984881895956
c76270425c9e.yaml,319c77ff2fe8,1,8,4,2,False,euler,zero_state,[256:288],state_contribution,2.403344561054008
c76270425c9e.yaml,319c77ff2fe8,1,8,4,2,False,euler,zero_state,[288:320],real_loss,0.0324714742600917
c76270425c9e.yaml,319c77ff2fe8,1,8,4,2,False,euler,zero_state,[288:320],zeroed_loss,0.19228196144104
c76270425c9e.yaml,319c77ff2fe8,1,8,4,2,False,euler,zero_state,[288:320],persistence,0.0715298652648925
c76270425c9e.yaml,319c77ff2fe8,1,8,4,2,False,euler,zero_state,[288:320],skill_real,0.5460431228292969
c76270425c9e.yaml,319c77ff2fe8,1,8,4,2,False,euler,zero_state,[288:320],skill_zeroed,-1.688135378543954
c76270425c9e.yaml,319c77ff2fe8,1,8,4,2,False,euler,zero_state,[288:320],state_contribution,2.234178501373251
c76270425c9e.yaml,319c77ff2fe8,1,8,4,2,False,euler,half_life,layer0,min_ms,4.544798374176025
c76270425c9e.yaml,319c77ff2fe8,1,8,4,2,False,euler,half_life,layer0,max_ms,1714.6527099609375
c76270425c9e.yaml,319c77ff2fe8,1,8,4,2,False,euler,half_life,layer0,median_ms,210.52198791503903
c76270425c9e.yaml,319c77ff2fe8,1,8,4,2,False,euler,half_life,layer0,mean_ms,159.71548461914062
c76270425c9e.yaml,319c77ff2fe8,1,8,4,2,False,euler,half_life,layer0,std_ms,96.8485107421875
c76270425c9e.yaml,319c77ff2fe8,1,8,4,2,False,euler,half_life,layer0,frac_below_conv_window,0.2841796875
c76270425c9e.yaml,319c77ff2fe8,1,8,4,2,False,euler,half_life,layer1,min_ms,3.5520172119140625
c76270425c9e.yaml,319c77ff2fe8,1,8,4,2,False,euler,half_life,layer1,max_ms,396.0313415527344
c76270425c9e.yaml,319c77ff2fe8,1,8,4,2,False,euler,half_life,layer1,median_ms,210.52198791503903
c76270425c9e.yaml,319c77ff2fe8,1,8,4,2,False,euler,half_life,layer1,mean_ms,155.82266235351562
c76270425c9e.yaml,319c77ff2fe8,1,8,4,2,False,euler,half_life,layer1,std_ms,83.31519317626953
c76270425c9e.yaml,319c77ff2fe8,1,8,4,2,False,euler,half_life,layer1,frac_below_conv_window,0.3056640625
c76270425c9e.yaml,319c77ff2fe8,1,8,4,2,False,euler,half_life,layer2,min_ms,2.870305299758911
c76270425c9e.yaml,319c77ff2fe8,1,8,4,2,False,euler,half_life,layer2,max_ms,317.09735107421875
c76270425c9e.yaml,319c77ff2fe8,1,8,4,2,False,euler,half_life,layer2,median_ms,210.52198791503903
c76270425c9e.yaml,319c77ff2fe8,1,8,4,2,False,euler,half_life,layer2,mean_ms,163.36231994628906
c76270425c9e.yaml,319c77ff2fe8,1,8,4,2,False,euler,half_life,layer2,std_ms,82.029541015625
c76270425c9e.yaml,319c77ff2fe8,1,8,4,2,False,euler,half_life,layer2,frac_below_conv_window,0.2509765625
c76270425c9e.yaml,319c77ff2fe8,1,8,4,2,False,euler,half_life,layer3,min_ms,3.58949613571167
c76270425c9e.yaml,319c77ff2fe8,1,8,4,2,False,euler,half_life,layer3,max_ms,799.1537475585938
c76270425c9e.yaml,319c77ff2fe8,1,8,4,2,False,euler,half_life,layer3,median_ms,210.52198791503903
c76270425c9e.yaml,319c77ff2fe8,1,8,4,2,False,euler,half_life,layer3,mean_ms,159.7422332763672
c76270425c9e.yaml,319c77ff2fe8,1,8,4,2,False,euler,half_life,layer3,std_ms,88.73651123046875
c76270425c9e.yaml,319c77ff2fe8,1,8,4,2,False,euler,half_life,layer3,frac_below_conv_window,0.2861328125
b257164b50d8.yaml,adaafd0734ff,1,8,4,1,True,zoh,zero_state,[0:32],real_loss,0.0324754230678081
b257164b50d8.yaml,adaafd0734ff,1,8,4,1,True,zoh,zero_state,[0:32],zeroed_loss,0.3385622501373291
b257164b50d8.yaml,adaafd0734ff,1,8,4,1,True,zoh,zero_state,[0:32],persistence,0.0707615911960601
b257164b50d8.yaml,adaafd0734ff,1,8,4,1,True,zoh,zero_state,[0:32],skill_real,0.5410586093545011
b257164b50d8.yaml,adaafd0734ff,1,8,4,1,True,zoh,zero_state,[0:32],skill_zeroed,-3.784548289753261
b257164b50d8.yaml,adaafd0734ff,1,8,4,1,True,zoh,zero_state,[0:32],state_contribution,4.325606899107762
b257164b50d8.yaml,adaafd0734ff,1,8,4,1,True,zoh,zero_state,[256:288],real_loss,0.0319728478789329
b257164b50d8.yaml,adaafd0734ff,1,8,4,1,True,zoh,zero_state,[256:288],zeroed_loss,0.3418856263160705
b257164b50d8.yaml,adaafd0734ff,1,8,4,1,True,zoh,zero_state,[256:288],persistence,0.0682168453931808
b257164b50d8.yaml,adaafd0734ff,1,8,4,1,True,zoh,zero_state,[256:288],skill_real,0.5313056812485051
b257164b50d8.yaml,adaafd0734ff,1,8,4,1,True,zoh,zero_state,[256:288],skill_zeroed,-4.011747821898642
b257164b50d8.yaml,adaafd0734ff,1,8,4,1,True,zoh,zero_state,[256:288],state_contribution,4.5430535031471475
b257164b50d8.yaml,adaafd0734ff,1,8,4,1,True,zoh,zero_state,[288:320],real_loss,0.0329674892127513
b257164b50d8.yaml,adaafd0734ff,1,8,4,1,True,zoh,zero_state,[288:320],zeroed_loss,0.3400003015995025
b257164b50d8.yaml,adaafd0734ff,1,8,4,1,True,zoh,zero_state,[288:320],persistence,0.0715298652648925
b257164b50d8.yaml,adaafd0734ff,1,8,4,1,True,zoh,zero_state,[288:320],skill_real,0.5391087472251666
b257164b50d8.yaml,adaafd0734ff,1,8,4,1,True,zoh,zero_state,[288:320],skill_zeroed,-3.753263554186749
b257164b50d8.yaml,adaafd0734ff,1,8,4,1,True,zoh,zero_state,[288:320],state_contribution,4.292372301411915
b257164b50d8.yaml,adaafd0734ff,1,8,4,1,True,zoh,half_life,layer0,min_ms,0.8696500658988953
b257164b50d8.yaml,adaafd0734ff,1,8,4,1,True,zoh,half_life,layer0,max_ms,419.7780456542969
b257164b50d8.yaml,adaafd0734ff,1,8,4,1,True,zoh,half_life,layer0,median_ms,14.810380935668944
b257164b50d8.yaml,adaafd0734ff,1,8,4,1,True,zoh,half_life,layer0,mean_ms,28.638172149658203
b257164b50d8.yaml,adaafd0734ff,1,8,4,1,True,zoh,half_life,layer0,std_ms,42.50864410400391
b257164b50d8.yaml,adaafd0734ff,1,8,4,1,True,zoh,half_life,layer0,frac_below_conv_window,0.96875
b257164b50d8.yaml,adaafd0734ff,1,8,4,1,True,zoh,half_life,layer1,min_ms,0.8027466535568237
b257164b50d8.yaml,adaafd0734ff,1,8,4,1,True,zoh,half_life,layer1,max_ms,1531.6551513671875
b257164b50d8.yaml,adaafd0734ff,1,8,4,1,True,zoh,half_life,layer1,median_ms,11.038215637207031
b257164b50d8.yaml,adaafd0734ff,1,8,4,1,True,zoh,half_life,layer1,mean_ms,33.041046142578125
b257164b50d8.yaml,adaafd0734ff,1,8,4,1,True,zoh,half_life,layer1,std_ms,90.16427612304688
b257164b50d8.yaml,adaafd0734ff,1,8,4,1,True,zoh,half_life,layer1,frac_below_conv_window,0.955078125
b257164b50d8.yaml,adaafd0734ff,1,8,4,1,True,zoh,half_life,layer2,min_ms,0.8027466535568237
b257164b50d8.yaml,adaafd0734ff,1,8,4,1,True,zoh,half_life,layer2,max_ms,232.838134765625
b257164b50d8.yaml,adaafd0734ff,1,8,4,1,True,zoh,half_life,layer2,median_ms,4.929176330566406
b257164b50d8.yaml,adaafd0734ff,1,8,4,1,True,zoh,half_life,layer2,mean_ms,10.235587120056152
b257164b50d8.yaml,adaafd0734ff,1,8,4,1,True,zoh,half_life,layer2,std_ms,17.585866928100586
b257164b50d8.yaml,adaafd0734ff,1,8,4,1,True,zoh,half_life,layer2,frac_below_conv_window,0.99609375
b257164b50d8.yaml,adaafd0734ff,1,8,4,1,True,zoh,half_life,layer3,min_ms,0.8027466535568237
b257164b50d8.yaml,adaafd0734ff,1,8,4,1,True,zoh,half_life,layer3,max_ms,351.08892822265625
b257164b50d8.yaml,adaafd0734ff,1,8,4,1,True,zoh,half_life,layer3,median_ms,14.641399383544922
b257164b50d8.yaml,adaafd0734ff,1,8,4,1,True,zoh,half_life,layer3,mean_ms,26.195850372314453
b257164b50d8.yaml,adaafd0734ff,1,8,4,1,True,zoh,half_life,layer3,std_ms,35.40562438964844
b257164b50d8.yaml,adaafd0734ff,1,8,4,1,True,zoh,half_life,layer3,frac_below_conv_window,0.96875
a50245a10669.yaml,0f5602c303a5,1,8,4,1,True,euler,zero_state,[0:32],real_loss,0.0325727015733718
a50245a10669.yaml,0f5602c303a5,1,8,4,1,True,euler,zero_state,[0:32],zeroed_loss,0.2771987020969391
a50245a10669.yaml,0f5602c303a5,1,8,4,1,True,euler,zero_state,[0:32],persistence,0.0707615911960601
a50245a10669.yaml,0f5602c303a5,1,8,4,1,True,euler,zero_state,[0:32],skill_real,0.5396838733724596
a50245a10669.yaml,0f5602c303a5,1,8,4,1,True,euler,zero_state,[0:32],skill_zeroed,-2.9173610628525943
a50245a10669.yaml,0f5602c303a5,1,8,4,1,True,euler,zero_state,[0:32],state_contribution,3.4570449362250537
a50245a10669.yaml,0f5602c303a5,1,8,4,1,True,euler,zero_state,[256:288],real_loss,0.0322188846766948
a50245a10669.yaml,0f5602c303a5,1,8,4,1,True,euler,zero_state,[256:288],zeroed_loss,0.2813472151756286
a50245a10669.yaml,0f5602c303a5,1,8,4,1,True,euler,zero_state,[256:288],persistence,0.0682168453931808
a50245a10669.yaml,0f5602c303a5,1,8,4,1,True,euler,zero_state,[256:288],skill_real,0.5276989944199976
a50245a10669.yaml,0f5602c303a5,1,8,4,1,True,euler,zero_state,[256:288],skill_zeroed,-3.124307032288434
a50245a10669.yaml,0f5602c303a5,1,8,4,1,True,euler,zero_state,[256:288],state_contribution,3.6520060267084316
a50245a10669.yaml,0f5602c303a5,1,8,4,1,True,euler,zero_state,[288:320],real_loss,0.0330458246171474
a50245a10669.yaml,0f5602c303a5,1,8,4,1,True,euler,zero_state,[288:320],zeroed_loss,0.2818334996700287
a50245a10669.yaml,0f5602c303a5,1,8,4,1,True,euler,zero_state,[288:320],persistence,0.0715298652648925
a50245a10669.yaml,0f5602c303a5,1,8,4,1,True,euler,zero_state,[288:320],skill_real,0.5380136046003907
a50245a10669.yaml,0f5602c303a5,1,8,4,1,True,euler,zero_state,[288:320],skill_zeroed,-2.94008151177596
a50245a10669.yaml,0f5602c303a5,1,8,4,1,True,euler,zero_state,[288:320],state_contribution,3.478095116376351
a50245a10669.yaml,0f5602c303a5,1,8,4,1,True,euler,half_life,layer0,min_ms,4.432039737701416
a50245a10669.yaml,0f5602c303a5,1,8,4,1,True,euler,half_life,layer0,max_ms,210.52198791503903
a50245a10669.yaml,0f5602c303a5,1,8,4,1,True,euler,half_life,layer0,median_ms,210.52198791503903
a50245a10669.yaml,0f5602c303a5,1,8,4,1,True,euler,half_life,layer0,mean_ms,145.2086944580078
a50245a10669.yaml,0f5602c303a5,1,8,4,1,True,euler,half_life,layer0,std_ms,86.2041015625
a50245a10669.yaml,0f5602c303a5,1,8,4,1,True,euler,half_life,layer0,frac_below_conv_window,0.369140625
a50245a10669.yaml,0f5602c303a5,1,8,4,1,True,euler,half_life,layer1,min_ms,2.6805262565612797
a50245a10669.yaml,0f5602c303a5,1,8,4,1,True,euler,half_life,layer1,max_ms,741.921875
a50245a10669.yaml,0f5602c303a5,1,8,4,1,True,euler,half_life,layer1,median_ms,132.72250366210938
a50245a10669.yaml,0f5602c303a5,1,8,4,1,True,euler,half_life,layer1,mean_ms,125.80307006835938
a50245a10669.yaml,0f5602c303a5,1,8,4,1,True,euler,half_life,layer1,std_ms,96.76212310791016
a50245a10669.yaml,0f5602c303a5,1,8,4,1,True,euler,half_life,layer1,frac_below_conv_window,0.498046875
a50245a10669.yaml,0f5602c303a5,1,8,4,1,True,euler,half_life,layer2,min_ms,3.247967004776001
a50245a10669.yaml,0f5602c303a5,1,8,4,1,True,euler,half_life,layer2,max_ms,210.52198791503903
a50245a10669.yaml,0f5602c303a5,1,8,4,1,True,euler,half_life,layer2,median_ms,210.52198791503903
a50245a10669.yaml,0f5602c303a5,1,8,4,1,True,euler,half_life,layer2,mean_ms,148.00576782226562
a50245a10669.yaml,0f5602c303a5,1,8,4,1,True,euler,half_life,layer2,std_ms,87.22754669189453
a50245a10669.yaml,0f5602c303a5,1,8,4,1,True,euler,half_life,layer2,frac_below_conv_window,0.33984375
a50245a10669.yaml,0f5602c303a5,1,8,4,1,True,euler,half_life,layer3,min_ms,3.93355393409729
a50245a10669.yaml,0f5602c303a5,1,8,4,1,True,euler,half_life,layer3,max_ms,257.0537109375
a50245a10669.yaml,0f5602c303a5,1,8,4,1,True,euler,half_life,layer3,median_ms,83.14900207519531
a50245a10669.yaml,0f5602c303a5,1,8,4,1,True,euler,half_life,layer3,mean_ms,113.6135711669922
a50245a10669.yaml,0f5602c303a5,1,8,4,1,True,euler,half_life,layer3,std_ms,90.13274383544922
a50245a10669.yaml,0f5602c303a5,1,8,4,1,True,euler,half_life,layer3,frac_below_conv_window,0.5390625
61a995157d85.yaml,50e3ef07f16f,1,8,4,1,False,zoh,zero_state,[0:32],real_loss,0.0382529683411121
61a995157d85.yaml,50e3ef07f16f,1,8,4,1,False,zoh,zero_state,[0:32],zeroed_loss,0.10062225908041
61a995157d85.yaml,50e3ef07f16f,1,8,4,1,False,zoh,zero_state,[0:32],persistence,0.0707615911960601
61a995157d85.yaml,50e3ef07f16f,1,8,4,1,False,zoh,zero_state,[0:32],skill_real,0.4594105687204789
61a995157d85.yaml,50e3ef07f16f,1,8,4,1,False,zoh,zero_state,[0:32],skill_zeroed,-0.4219897741080247
61a995157d85.yaml,50e3ef07f16f,1,8,4,1,False,zoh,zero_state,[0:32],state_contribution,0.8814003428285035
61a995157d85.yaml,50e3ef07f16f,1,8,4,1,False,zoh,zero_state,[256:288],real_loss,0.0401485450565815
61a995157d85.yaml,50e3ef07f16f,1,8,4,1,False,zoh,zero_state,[256:288],zeroed_loss,0.1020981222391128
61a995157d85.yaml,50e3ef07f16f,1,8,4,1,False,zoh,zero_state,[256:288],persistence,0.0682168453931808
61a995157d85.yaml,50e3ef07f16f,1,8,4,1,False,zoh,zero_state,[256:288],skill_real,0.4114570261175568
61a995157d85.yaml,50e3ef07f16f,1,8,4,1,False,zoh,zero_state,[256:288],skill_zeroed,-0.4966702381303443
61a995157d85.yaml,50e3ef07f16f,1,8,4,1,False,zoh,zero_state,[256:288],state_contribution,0.908127264247901
61a995157d85.yaml,50e3ef07f16f,1,8,4,1,False,zoh,zero_state,[288:320],real_loss,0.0381391979753971
61a995157d85.yaml,50e3ef07f16f,1,8,4,1,False,zoh,zero_state,[288:320],zeroed_loss,0.1023753583431243
61a995157d85.yaml,50e3ef07f16f,1,8,4,1,False,zoh,zero_state,[288:320],persistence,0.0715298652648925
61a995157d85.yaml,50e3ef07f16f,1,8,4,1,False,zoh,zero_state,[288:320],skill_real,0.4668073561419648
61a995157d85.yaml,50e3ef07f16f,1,8,4,1,False,zoh,zero_state,[288:320],skill_zeroed,-0.4312253764774114
61a995157d85.yaml,50e3ef07f16f,1,8,4,1,False,zoh,zero_state,[288:320],state_contribution,0.8980327326193762
61a995157d85.yaml,50e3ef07f16f,1,8,4,1,False,zoh,half_life,layer0,min_ms,1.3862218856811523
61a995157d85.yaml,50e3ef07f16f,1,8,4,1,False,zoh,half_life,layer0,max_ms,213.7224273681641
61a995157d85.yaml,50e3ef07f16f,1,8,4,1,False,zoh,half_life,layer0,median_ms,13.487289428710938
61a995157d85.yaml,50e3ef07f16f,1,8,4,1,False,zoh,half_life,layer0,mean_ms,21.674894332885746
61a995157d85.yaml,50e3ef07f16f,1,8,4,1,False,zoh,half_life,layer0,std_ms,23.68527030944824
61a995157d85.yaml,50e3ef07f16f,1,8,4,1,False,zoh,half_life,layer0,frac_below_conv_window,0.9921875
61a995157d85.yaml,50e3ef07f16f,1,8,4,1,False,zoh,half_life,layer1,min_ms,1.804354786872864
61a995157d85.yaml,50e3ef07f16f,1,8,4,1,False,zoh,half_life,layer1,max_ms,249.7474670410156
61a995157d85.yaml,50e3ef07f16f,1,8,4,1,False,zoh,half_life,layer1,median_ms,8.629404067993164
61a995157d85.yaml,50e3ef07f16f,1,8,4,1,False,zoh,half_life,layer1,mean_ms,13.702571868896484
61a995157d85.yaml,50e3ef07f16f,1,8,4,1,False,zoh,half_life,layer1,std_ms,16.735889434814453
61a995157d85.yaml,50e3ef07f16f,1,8,4,1,False,zoh,half_life,layer1,frac_below_conv_window,0.998046875
61a995157d85.yaml,50e3ef07f16f,1,8,4,1,False,zoh,half_life,layer2,min_ms,2.57253360748291
61a995157d85.yaml,50e3ef07f16f,1,8,4,1,False,zoh,half_life,layer2,max_ms,101.57862091064452
61a995157d85.yaml,50e3ef07f16f,1,8,4,1,False,zoh,half_life,layer2,median_ms,7.998973846435547
61a995157d85.yaml,50e3ef07f16f,1,8,4,1,False,zoh,half_life,layer2,mean_ms,11.6357421875
61a995157d85.yaml,50e3ef07f16f,1,8,4,1,False,zoh,half_life,layer2,std_ms,10.623390197753906
61a995157d85.yaml,50e3ef07f16f,1,8,4,1,False,zoh,half_life,layer2,frac_below_conv_window,1.0
61a995157d85.yaml,50e3ef07f16f,1,8,4,1,False,zoh,half_life,layer3,min_ms,1.919819712638855
61a995157d85.yaml,50e3ef07f16f,1,8,4,1,False,zoh,half_life,layer3,max_ms,282.9342346191406
61a995157d85.yaml,50e3ef07f16f,1,8,4,1,False,zoh,half_life,layer3,median_ms,9.575439453125
61a995157d85.yaml,50e3ef07f16f,1,8,4,1,False,zoh,half_life,layer3,mean_ms,17.110868453979492
61a995157d85.yaml,50e3ef07f16f,1,8,4,1,False,zoh,half_life,layer3,std_ms,25.57574844360352
61a995157d85.yaml,50e3ef07f16f,1,8,4,1,False,zoh,half_life,layer3,frac_below_conv_window,0.9921875
e0902212d370.yaml,dfe6f2bb093c,1,8,4,1,False,euler,zero_state,[0:32],real_loss,0.0327339805662632
e0902212d370.yaml,dfe6f2bb093c,1,8,4,1,False,euler,zero_state,[0:32],zeroed_loss,0.0596992224454879
e0902212d370.yaml,dfe6f2bb093c,1,8,4,1,False,euler,zero_state,[0:32],persistence,0.0707615911960601
e0902212d370.yaml,dfe6f2bb093c,1,8,4,1,False,euler,zero_state,[0:32],skill_real,0.5374046850421059
e0902212d370.yaml,dfe6f2bb093c,1,8,4,1,False,euler,zero_state,[0:32],skill_zeroed,0.1563329563904454
e0902212d370.yaml,dfe6f2bb093c,1,8,4,1,False,euler,zero_state,[0:32],state_contribution,0.3810717286516605
e0902212d370.yaml,dfe6f2bb093c,1,8,4,1,False,euler,zero_state,[256:288],real_loss,0.0321707427501678
e0902212d370.yaml,dfe6f2bb093c,1,8,4,1,False,euler,zero_state,[256:288],zeroed_loss,0.0586603581905365
e0902212d370.yaml,dfe6f2bb093c,1,8,4,1,False,euler,zero_state,[256:288],persistence,0.0682168453931808
e0902212d370.yaml,dfe6f2bb093c,1,8,4,1,False,euler,zero_state,[256:288],skill_real,0.5284047134583019
e0902212d370.yaml,dfe6f2bb093c,1,8,4,1,False,euler,zero_state,[256:288],skill_zeroed,0.1400898436092098
e0902212d370.yaml,dfe6f2bb093c,1,8,4,1,False,euler,zero_state,[256:288],state_contribution,0.388314869849092
e0902212d370.yaml,dfe6f2bb093c,1,8,4,1,False,euler,zero_state,[288:320],real_loss,0.0333311073482036
e0902212d370.yaml,dfe6f2bb093c,1,8,4,1,False,euler,zero_state,[288:320],zeroed_loss,0.0595260299742221
e0902212d370.yaml,dfe6f2bb093c,1,8,4,1,False,euler,zero_state,[288:320],persistence,0.0715298652648925
e0902212d370.yaml,dfe6f2bb093c,1,8,4,1,False,euler,zero_state,[288:320],skill_real,0.5340253022318661
e0902212d370.yaml,dfe6f2bb093c,1,8,4,1,False,euler,zero_state,[288:320],skill_zeroed,0.1678157123072615
e0902212d370.yaml,dfe6f2bb093c,1,8,4,1,False,euler,zero_state,[288:320],state_contribution,0.36620958992460456
e0902212d370.yaml,dfe6f2bb093c,1,8,4,1,False,euler,half_life,layer0,min_ms,2.413846492767334
e0902212d370.yaml,dfe6f2bb093c,1,8,4,1,False,euler,half_life,layer0,max_ms,1259.89306640625
e0902212d370.yaml,dfe6f2bb093c,1,8,4,1,False,euler,half_life,layer0,median_ms,210.52198791503903
e0902212d370.yaml,dfe6f2bb093c,1,8,4,1,False,euler,half_life,layer0,mean_ms,159.57640075683594
e0902212d370.yaml,dfe6f2bb093c,1,8,4,1,False,euler,half_life,layer0,std_ms,96.37760162353516
e0902212d370.yaml,dfe6f2bb093c,1,8,4,1,False,euler,half_life,layer0,frac_below_conv_window,0.287109375
e0902212d370.yaml,dfe6f2bb093c,1,8,4,1,False,euler,half_life,layer1,min_ms,3.520238161087036
e0902212d370.yaml,dfe6f2bb093c,1,8,4,1,False,euler,half_life,layer1,max_ms,210.52198791503903
e0902212d370.yaml,dfe6f2bb093c,1,8,4,1,False,euler,half_life,layer1,median_ms,210.52198791503903
e0902212d370.yaml,dfe6f2bb093c,1,8,4,1,False,euler,half_life,layer1,mean_ms,169.93377685546875
e0902212d370.yaml,dfe6f2bb093c,1,8,4,1,False,euler,half_life,layer1,std_ms,76.60511016845703
e0902212d370.yaml,dfe6f2bb093c,1,8,4,1,False,euler,half_life,layer1,frac_below_conv_window,0.216796875
e0902212d370.yaml,dfe6f2bb093c,1,8,4,1,False,euler,half_life,layer2,min_ms,4.488217830657959
e0902212d370.yaml,dfe6f2bb093c,1,8,4,1,False,euler,half_life,layer2,max_ms,210.52198791503903
e0902212d370.yaml,dfe6f2bb093c,1,8,4,1,False,euler,half_life,layer2,median_ms,210.52198791503903
e0902212d370.yaml,dfe6f2bb093c,1,8,4,1,False,euler,half_life,layer2,mean_ms,170.95220947265625
e0902212d370.yaml,dfe6f2bb093c,1,8,4,1,False,euler,half_life,layer2,std_ms,74.1235122680664
e0902212d370.yaml,dfe6f2bb093c,1,8,4,1,False,euler,half_life,layer2,frac_below_conv_window,0.21875
e0902212d370.yaml,dfe6f2bb093c,1,8,4,1,False,euler,half_life,layer3,min_ms,4.014078617095947
e0902212d370.yaml,dfe6f2bb093c,1,8,4,1,False,euler,half_life,layer3,max_ms,1074.376220703125
e0902212d370.yaml,dfe6f2bb093c,1,8,4,1,False,euler,half_life,layer3,median_ms,210.52198791503903
e0902212d370.yaml,dfe6f2bb093c,1,8,4,1,False,euler,half_life,layer3,mean_ms,158.02706909179688
e0902212d370.yaml,dfe6f2bb093c,1,8,4,1,False,euler,half_life,layer3,std_ms,92.67218780517578
e0902212d370.yaml,dfe6f2bb093c,1,8,4,1,False,euler,half_life,layer3,frac_below_conv_window,0.294921875
3ec7186fad7e.yaml,201c928c631f,1,8,2,2,True,zoh,zero_state,[0:32],real_loss,0.0327534861862659
3ec7186fad7e.yaml,201c928c631f,1,8,2,2,True,zoh,zero_state,[0:32],zeroed_loss,0.4954996407032013
3ec7186fad7e.yaml,201c928c631f,1,8,2,2,True,zoh,zero_state,[0:32],persistence,0.0707615911960601
3ec7186fad7e.yaml,201c928c631f,1,8,2,2,True,zoh,zero_state,[0:32],skill_real,0.5371290323939243
3ec7186fad7e.yaml,201c928c631f,1,8,2,2,True,zoh,zero_state,[0:32],skill_zeroed,-6.002381268254881
3ec7186fad7e.yaml,201c928c631f,1,8,2,2,True,zoh,zero_state,[0:32],state_contribution,6.539510300648805
3ec7186fad7e.yaml,201c928c631f,1,8,2,2,True,zoh,zero_state,[256:288],real_loss,0.0321137681603431
3ec7186fad7e.yaml,201c928c631f,1,8,2,2,True,zoh,zero_state,[256:288],zeroed_loss,0.489563524723053
3ec7186fad7e.yaml,201c928c631f,1,8,2,2,True,zoh,zero_state,[256:288],persistence,0.0682168453931808
3ec7186fad7e.yaml,201c928c631f,1,8,2,2,True,zoh,zero_state,[256:288],skill_real,0.5292399117073017
3ec7186fad7e.yaml,201c928c631f,1,8,2,2,True,zoh,zero_state,[256:288],skill_zeroed,-6.176578188295866
3ec7186fad7e.yaml,201c928c631f,1,8,2,2,True,zoh,zero_state,[256:288],state_contribution,6.705818100003167
3ec7186fad7e.yaml,201c928c631f,1,8,2,2,True,zoh,zero_state,[288:320],real_loss,0.0331673808395862
3ec7186fad7e.yaml,201c928c631f,1,8,2,2,True,zoh,zero_state,[288:320],zeroed_loss,0.4919107854366302
3ec7186fad7e.yaml,201c928c631f,1,8,2,2,True,zoh,zero_state,[288:320],persistence,0.0715298652648925
3ec7186fad7e.yaml,201c928c631f,1,8,2,2,True,zoh,zero_state,[288:320],skill_real,0.5363142273963561
3ec7186fad7e.yaml,201c928c631f,1,8,2,2,True,zoh,zero_state,[288:320],skill_zeroed,-5.876998630082195
3ec7186fad7e.yaml,201c928c631f,1,8,2,2,True,zoh,zero_state,[288:320],state_contribution,6.413312857478551
3ec7186fad7e.yaml,201c928c631f,1,8,2,2,True,zoh,half_life,layer0,min_ms,0.8027466535568237
3ec7186fad7e.yaml,201c928c631f,1,8,2,2,True,zoh,half_life,layer0,max_ms,8799.0224609375
3ec7186fad7e.yaml,201c928c631f,1,8,2,2,True,zoh,half_life,layer0,median_ms,27.51220703125
3ec7186fad7e.yaml,201c928c631f,1,8,2,2,True,zoh,half_life,layer0,mean_ms,77.15430450439453
3ec7186fad7e.yaml,201c928c631f,1,8,2,2,True,zoh,half_life,layer0,std_ms,339.1980285644531
3ec7186fad7e.yaml,201c928c631f,1,8,2,2,True,zoh,half_life,layer0,frac_below_conv_window,0.8955078125
3ec7186fad7e.yaml,201c928c631f,1,8,2,2,True,zoh,half_life,layer1,min_ms,0.8027466535568237
3ec7186fad7e.yaml,201c928c631f,1,8,2,2,True,zoh,half_life,layer1,max_ms,1818.797607421875
3ec7186fad7e.yaml,201c928c631f,1,8,2,2,True,zoh,half_life,layer1,median_ms,38.040184020996094
3ec7186fad7e.yaml,201c928c631f,1,8,2,2,True,zoh,half_life,layer1,mean_ms,83.94641876220703
3ec7186fad7e.yaml,201c928c631f,1,8,2,2,True,zoh,half_life,layer1,std_ms,149.63790893554688
3ec7186fad7e.yaml,201c928c631f,1,8,2,2,True,zoh,half_life,layer1,frac_below_conv_window,0.830078125
b39731b66741.yaml,086acf0275b8,1,8,2,2,True,euler,zero_state,[0:32],real_loss,0.0326938740909099
b39731b66741.yaml,086acf0275b8,1,8,2,2,True,euler,zero_state,[0:32],zeroed_loss,0.4567300379276275
b39731b66741.yaml,086acf0275b8,1,8,2,2,True,euler,zero_state,[0:32],persistence,0.0707615911960601
b39731b66741.yaml,086acf0275b8,1,8,2,2,True,euler,zero_state,[0:32],skill_real,0.5379714681609609
b39731b66741.yaml,086acf0275b8,1,8,2,2,True,euler,zero_state,[0:32],skill_zeroed,-5.45449077964003
b39731b66741.yaml,086acf0275b8,1,8,2,2,True,euler,zero_state,[0:32],state_contribution,5.99246224780099
b39731b66741.yaml,086acf0275b8,1,8,2,2,True,euler,zero_state,[256:288],real_loss,0.0324044227600097
b39731b66741.yaml,086acf0275b8,1,8,2,2,True,euler,zero_state,[256:288],zeroed_loss,0.4595819115638733
b39731b66741.yaml,086acf0275b8,1,8,2,2,True,euler,zero_state,[256:288],persistence,0.0682168453931808
b39731b66741.yaml,086acf0275b8,1,8,2,2,True,euler,zero_state,[256:288],skill_real,0.5249791664618809
b39731b66741.yaml,086acf0275b8,1,8,2,2,True,euler,zero_state,[256:288],skill_zeroed,-5.737073649697299
b39731b66741.yaml,086acf0275b8,1,8,2,2,True,euler,zero_state,[256:288],state_contribution,6.26205281615918
b39731b66741.yaml,086acf0275b8,1,8,2,2,True,euler,zero_state,[288:320],real_loss,0.033327393233776
b39731b66741.yaml,086acf0275b8,1,8,2,2,True,euler,zero_state,[288:320],zeroed_loss,0.4594812393188476
b39731b66741.yaml,086acf0275b8,1,8,2,2,True,euler,zero_state,[288:320],persistence,0.0715298652648925
b39731b66741.yaml,086acf0275b8,1,8,2,2,True,euler,zero_state,[288:320],skill_real,0.5340772261997613
b39731b66741.yaml,086acf0275b8,1,8,2,2,True,euler,zero_state,[288:320],skill_zeroed,-5.423627915658394
b39731b66741.yaml,086acf0275b8,1,8,2,2,True,euler,zero_state,[288:320],state_contribution,5.957705141858155
b39731b66741.yaml,086acf0275b8,1,8,2,2,True,euler,half_life,layer0,min_ms,3.1886298656463623
b39731b66741.yaml,086acf0275b8,1,8,2,2,True,euler,half_life,layer0,max_ms,3103.689697265625
b39731b66741.yaml,086acf0275b8,1,8,2,2,True,euler,half_life,layer0,median_ms,61.76408767700195
b39731b66741.yaml,086acf0275b8,1,8,2,2,True,euler,half_life,layer0,mean_ms,110.49658203125
b39731b66741.yaml,086acf0275b8,1,8,2,2,True,euler,half_life,layer0,std_ms,141.1450958251953
b39731b66741.yaml,086acf0275b8,1,8,2,2,True,euler,half_life,layer0,frac_below_conv_window,0.6142578125
b39731b66741.yaml,086acf0275b8,1,8,2,2,True,euler,half_life,layer1,min_ms,3.042163372039795
b39731b66741.yaml,086acf0275b8,1,8,2,2,True,euler,half_life,layer1,max_ms,414.524658203125
b39731b66741.yaml,086acf0275b8,1,8,2,2,True,euler,half_life,layer1,median_ms,63.88839721679688
b39731b66741.yaml,086acf0275b8,1,8,2,2,True,euler,half_life,layer1,mean_ms,106.00062561035156
b39731b66741.yaml,086acf0275b8,1,8,2,2,True,euler,half_life,layer1,std_ms,88.32156372070312
b39731b66741.yaml,086acf0275b8,1,8,2,2,True,euler,half_life,layer1,frac_below_conv_window,0.58984375
e622e3993a72.yaml,04f342ed4dcb,1,8,2,2,False,zoh,zero_state,[0:32],real_loss,0.0334676206111907
e622e3993a72.yaml,04f342ed4dcb,1,8,2,2,False,zoh,zero_state,[0:32],zeroed_loss,0.2000285387039184
e622e3993a72.yaml,04f342ed4dcb,1,8,2,2,False,zoh,zero_state,[0:32],persistence,0.0707615911960601
e622e3993a72.yaml,04f342ed4dcb,1,8,2,2,False,zoh,zero_state,[0:32],skill_real,0.5270369130272725
e622e3993a72.yaml,04f342ed4dcb,1,8,2,2,False,zoh,zero_state,[0:32],skill_zeroed,-1.8267953747633576
e622e3993a72.yaml,04f342ed4dcb,1,8,2,2,False,zoh,zero_state,[0:32],state_contribution,2.35383228779063
e622e3993a72.yaml,04f342ed4dcb,1,8,2,2,False,zoh,zero_state,[256:288],real_loss,0.0351240709424018
e622e3993a72.yaml,04f342ed4dcb,1,8,2,2,False,zoh,zero_state,[256:288],zeroed_loss,0.2147047072649002
e622e3993a72.yaml,04f342ed4dcb,1,8,2,2,False,zoh,zero_state,[256:288],persistence,0.0682168453931808
e622e3993a72.yaml,04f342ed4dcb,1,8,2,2,False,zoh,zero_state,[256:288],skill_real,0.4851114744465596
e622e3993a72.yaml,04f342ed4dcb,1,8,2,2,False,zoh,zero_state,[256:288],skill_zeroed,-2.147385459227974
e622e3993a72.yaml,04f342ed4dcb,1,8,2,2,False,zoh,zero_state,[256:288],state_contribution,2.632496933674534
e622e3993a72.yaml,04f342ed4dcb,1,8,2,2,False,zoh,zero_state,[288:320],real_loss,0.0341858901083469
e622e3993a72.yaml,04f342ed4dcb,1,8,2,2,False,zoh,zero_state,[288:320],zeroed_loss,0.2077640742063522
e622e3993a72.yaml,04f342ed4dcb,1,8,2,2,False,zoh,zero_state,[288:320],persistence,0.0715298652648925
e622e3993a72.yaml,04f342ed4dcb,1,8,2,2,False,zoh,zero_state,[288:320],skill_real,0.5220752900659293
e622e3993a72.yaml,04f342ed4dcb,1,8,2,2,False,zoh,zero_state,[288:320],skill_zeroed,-1.9045780169856477
e622e3993a72.yaml,04f342ed4dcb,1,8,2,2,False,zoh,zero_state,[288:320],state_contribution,2.426653307051577
e622e3993a72.yaml,04f342ed4dcb,1,8,2,2,False,zoh,half_life,layer0,min_ms,1.6136841773986816
e622e3993a72.yaml,04f342ed4dcb,1,8,2,2,False,zoh,half_life,layer0,max_ms,3442.06494140625
e622e3993a72.yaml,04f342ed4dcb,1,8,2,2,False,zoh,half_life,layer0,median_ms,16.17172622680664
e622e3993a72.yaml,04f342ed4dcb,1,8,2,2,False,zoh,half_life,layer0,mean_ms,37.561771392822266
e622e3993a72.yaml,04f342ed4dcb,1,8,2,2,False,zoh,half_life,layer0,std_ms,122.35562896728516
e622e3993a72.yaml,04f342ed4dcb,1,8,2,2,False,zoh,half_life,layer0,frac_below_conv_window,0.9580078125
e622e3993a72.yaml,04f342ed4dcb,1,8,2,2,False,zoh,half_life,layer1,min_ms,1.23545503616333
e622e3993a72.yaml,04f342ed4dcb,1,8,2,2,False,zoh,half_life,layer1,max_ms,475.1325073242188
e622e3993a72.yaml,04f342ed4dcb,1,8,2,2,False,zoh,half_life,layer1,median_ms,11.794862747192385
e622e3993a72.yaml,04f342ed4dcb,1,8,2,2,False,zoh,half_life,layer1,mean_ms,21.217586517333984
e622e3993a72.yaml,04f342ed4dcb,1,8,2,2,False,zoh,half_life,layer1,std_ms,31.30371856689453
e622e3993a72.yaml,04f342ed4dcb,1,8,2,2,False,zoh,half_life,layer1,frac_below_conv_window,0.9814453125
352f70960ed3.yaml,b77482e85dc3,1,8,2,2,False,euler,zero_state,[0:32],real_loss,0.0328063927590847
352f70960ed3.yaml,b77482e85dc3,1,8,2,2,False,euler,zero_state,[0:32],zeroed_loss,0.1041958034038543
352f70960ed3.yaml,b77482e85dc3,1,8,2,2,False,euler,zero_state,[0:32],persistence,0.0707615911960601
352f70960ed3.yaml,b77482e85dc3,1,8,2,2,False,euler,zero_state,[0:32],skill_real,0.5363813588054069
352f70960ed3.yaml,b77482e85dc3,1,8,2,2,False,euler,zero_state,[0:32],skill_zeroed,-0.4724909607410823
352f70960ed3.yaml,b77482e85dc3,1,8,2,2,False,euler,zero_state,[0:32],state_contribution,1.0088723195464893
352f70960ed3.yaml,b77482e85dc3,1,8,2,2,False,euler,zero_state,[256:288],real_loss,0.0325004458427429
352f70960ed3.yaml,b77482e85dc3,1,8,2,2,False,euler,zero_state,[256:288],zeroed_loss,0.1083671376109123
352f70960ed3.yaml,b77482e85dc3,1,8,2,2,False,euler,zero_state,[256:288],persistence,0.0682168453931808
352f70960ed3.yaml,b77482e85dc3,1,8,2,2,False,euler,zero_state,[256:288],skill_real,0.5235715510528173
352f70960ed3.yaml,b77482e85dc3,1,8,2,2,False,euler,zero_state,[256:288],skill_zeroed,-0.5885685857549932
352f70960ed3.yaml,b77482e85dc3,1,8,2,2,False,euler,zero_state,[256:288],state_contribution,1.1121401368078105
352f70960ed3.yaml,b77482e85dc3,1,8,2,2,False,euler,zero_state,[288:320],real_loss,0.0336904972791671
352f70960ed3.yaml,b77482e85dc3,1,8,2,2,False,euler,zero_state,[288:320],zeroed_loss,0.1071855425834655
352f70960ed3.yaml,b77482e85dc3,1,8,2,2,False,euler,zero_state,[288:320],persistence,0.0715298652648925
352f70960ed3.yaml,b77482e85dc3,1,8,2,2,False,euler,zero_state,[288:320],skill_real,0.5290009682752368
352f70960ed3.yaml,b77482e85dc3,1,8,2,2,False,euler,zero_state,[288:320],skill_zeroed,-0.4984725916445014
352f70960ed3.yaml,b77482e85dc3,1,8,2,2,False,euler,zero_state,[288:320],state_contribution,1.0274735599197382
352f70960ed3.yaml,b77482e85dc3,1,8,2,2,False,euler,half_life,layer0,min_ms,3.872009038925171
352f70960ed3.yaml,b77482e85dc3,1,8,2,2,False,euler,half_life,layer0,max_ms,1555.8609619140625
352f70960ed3.yaml,b77482e85dc3,1,8,2,2,False,euler,half_life,layer0,median_ms,210.52198791503903
352f70960ed3.yaml,b77482e85dc3,1,8,2,2,False,euler,half_life,layer0,mean_ms,157.6663818359375
352f70960ed3.yaml,b77482e85dc3,1,8,2,2,False,euler,half_life,layer0,std_ms,94.4861068725586
352f70960ed3.yaml,b77482e85dc3,1,8,2,2,False,euler,half_life,layer0,frac_below_conv_window,0.2958984375
352f70960ed3.yaml,b77482e85dc3,1,8,2,2,False,euler,half_life,layer1,min_ms,2.214942216873169
352f70960ed3.yaml,b77482e85dc3,1,8,2,2,False,euler,half_life,layer1,max_ms,1111.851806640625
352f70960ed3.yaml,b77482e85dc3,1,8,2,2,False,euler,half_life,layer1,median_ms,210.52198791503903
352f70960ed3.yaml,b77482e85dc3,1,8,2,2,False,euler,half_life,layer1,mean_ms,159.01913452148438
352f70960ed3.yaml,b77482e85dc3,1,8,2,2,False,euler,half_life,layer1,std_ms,88.88040161132812
352f70960ed3.yaml,b77482e85dc3,1,8,2,2,False,euler,half_life,layer1,frac_below_conv_window,0.2919921875
58fd79f02b2d.yaml,08bf71867940,1,8,2,1,True,zoh,zero_state,[0:32],real_loss,0.0334543250501155
58fd79f02b2d.yaml,08bf71867940,1,8,2,1,True,zoh,zero_state,[0:32],zeroed_loss,0.2662917077541351
58fd79f02b2d.yaml,08bf71867940,1,8,2,1,True,zoh,zero_state,[0:32],persistence,0.0707615911960601
58fd79f02b2d.yaml,08bf71867940,1,8,2,1,True,zoh,zero_state,[0:32],skill_real,0.5272248053690145
58fd79f02b2d.yaml,08bf71867940,1,8,2,1,True,zoh,zero_state,[0:32],skill_zeroed,-2.7632238514297507
58fd79f02b2d.yaml,08bf71867940,1,8,2,1,True,zoh,zero_state,[0:32],state_contribution,3.290448656798765
58fd79f02b2d.yaml,08bf71867940,1,8,2,1,True,zoh,zero_state,[256:288],real_loss,0.0334028527140617
58fd79f02b2d.yaml,08bf71867940,1,8,2,1,True,zoh,zero_state,[256:288],zeroed_loss,0.2594950497150421
58fd79f02b2d.yaml,08bf71867940,1,8,2,1,True,zoh,zero_state,[256:288],persistence,0.0682168453931808
58fd79f02b2d.yaml,08bf71867940,1,8,2,1,True,zoh,zero_state,[256:288],skill_real,0.5103430461854692
58fd79f02b2d.yaml,08bf71867940,1,8,2,1,True,zoh,zero_state,[256:288],skill_zeroed,-2.80397317142698
58fd79f02b2d.yaml,08bf71867940,1,8,2,1,True,zoh,zero_state,[256:288],state_contribution,3.3143162176124497
58fd79f02b2d.yaml,08bf71867940,1,8,2,1,True,zoh,zero_state,[288:320],real_loss,0.034443873912096
58fd79f02b2d.yaml,08bf71867940,1,8,2,1,True,zoh,zero_state,[288:320],zeroed_loss,0.262982964515686
58fd79f02b2d.yaml,08bf71867940,1,8,2,1,True,zoh,zero_state,[288:320],persistence,0.0715298652648925
58fd79f02b2d.yaml,08bf71867940,1,8,2,1,True,zoh,zero_state,[288:320],skill_real,0.5184686314654454
58fd79f02b2d.yaml,08bf71867940,1,8,2,1,True,zoh,zero_state,[288:320],skill_zeroed,-2.676547740468905
58fd79f02b2d.yaml,08bf71867940,1,8,2,1,True,zoh,zero_state,[288:320],state_contribution,3.1950163719343507
58fd79f02b2d.yaml,08bf71867940,1,8,2,1,True,zoh,half_life,layer0,min_ms,0.8027466535568237
58fd79f02b2d.yaml,08bf71867940,1,8,2,1,True,zoh,half_life,layer0,max_ms,2477.760986328125
58fd79f02b2d.yaml,08bf71867940,1,8,2,1,True,zoh,half_life,layer0,median_ms,35.2974739074707
58fd79f02b2d.yaml,08bf71867940,1,8,2,1,True,zoh,half_life,layer0,mean_ms,95.87350463867188
58fd79f02b2d.yaml,08bf71867940,1,8,2,1,True,zoh,half_life,layer0,std_ms,197.21139526367188
58fd79f02b2d.yaml,08bf71867940,1,8,2,1,True,zoh,half_life,layer0,frac_below_conv_window,0.822265625
58fd79f02b2d.yaml,08bf71867940,1,8,2,1,True,zoh,half_life,layer1,min_ms,0.8027466535568237
58fd79f02b2d.yaml,08bf71867940,1,8,2,1,True,zoh,half_life,layer1,max_ms,233.9474334716797
58fd79f02b2d.yaml,08bf71867940,1,8,2,1,True,zoh,half_life,layer1,median_ms,16.34178352355957
58fd79f02b2d.yaml,08bf71867940,1,8,2,1,True,zoh,half_life,layer1,mean_ms,25.81723022460937
58fd79f02b2d.yaml,08bf71867940,1,8,2,1,True,zoh,half_life,layer1,std_ms,29.83279037475586
58fd79f02b2d.yaml,08bf71867940,1,8,2,1,True,zoh,half_life,layer1,frac_below_conv_window,0.982421875
b4778c6ea130.yaml,15fba0d893ec,1,8,2,1,True,euler,zero_state,[0:32],real_loss,0.033216968178749
b4778c6ea130.yaml,15fba0d893ec,1,8,2,1,True,euler,zero_state,[0:32],zeroed_loss,0.1685214042663574
b4778c6ea130.yaml,15fba0d893ec,1,8,2,1,True,euler,zero_state,[0:32],persistence,0.0707615911960601
b4778c6ea130.yaml,15fba0d893ec,1,8,2,1,True,euler,zero_state,[0:32],skill_real,0.5305791232603243
b4778c6ea130.yaml,15fba0d893ec,1,8,2,1,True,euler,zero_state,[0:32],skill_zeroed,-1.3815378006330112
b4778c6ea130.yaml,15fba0d893ec,1,8,2,1,True,euler,zero_state,[0:32],state_contribution,1.9121169238933355
b4778c6ea130.yaml,15fba0d893ec,1,8,2,1,True,euler,zero_state,[256:288],real_loss,0.0324813872575759
b4778c6ea130.yaml,15fba0d893ec,1,8,2,1,True,euler,zero_state,[256:288],zeroed_loss,0.1679976880550384
b4778c6ea130.yaml,15fba0d893ec,1,8,2,1,True,euler,zero_state,[256:288],persistence,0.0682168453931808
b4778c6ea130.yaml,15fba0d893ec,1,8,2,1,True,euler,zero_state,[256:288],skill_real,0.5238509334408049
b4778c6ea130.yaml,15fba0d893ec,1,8,2,1,True,euler,zero_state,[256:288],skill_zeroed,-1.462700922136631
b4778c6ea130.yaml,15fba0d893ec,1,8,2,1,True,euler,zero_state,[256:288],state_contribution,1.986551855577436
b4778c6ea130.yaml,15fba0d893ec,1,8,2,1,True,euler,zero_state,[288:320],real_loss,0.0340131409466266
b4778c6ea130.yaml,15fba0d893ec,1,8,2,1,True,euler,zero_state,[288:320],zeroed_loss,0.1686372756958007
b4778c6ea130.yaml,15fba0d893ec,1,8,2,1,True,euler,zero_state,[288:320],persistence,0.0715298652648925
b4778c6ea130.yaml,15fba0d893ec,1,8,2,1,True,euler,zero_state,[288:320],skill_real,0.5244903534954569
b4778c6ea130.yaml,15fba0d893ec,1,8,2,1,True,euler,zero_state,[288:320],skill_zeroed,-1.3575785452872826
b4778c6ea130.yaml,15fba0d893ec,1,8,2,1,True,euler,zero_state,[288:320],state_contribution,1.8820688987827396
b4778c6ea130.yaml,15fba0d893ec,1,8,2,1,True,euler,half_life,layer0,min_ms,4.33751916885376
b4778c6ea130.yaml,15fba0d893ec,1,8,2,1,True,euler,half_life,layer0,max_ms,3752.88818359375
b4778c6ea130.yaml,15fba0d893ec,1,8,2,1,True,euler,half_life,layer0,median_ms,51.451805114746094
b4778c6ea130.yaml,15fba0d893ec,1,8,2,1,True,euler,half_life,layer0,mean_ms,112.40978240966795
b4778c6ea130.yaml,15fba0d893ec,1,8,2,1,True,euler,half_life,layer0,std_ms,221.0216217041016
b4778c6ea130.yaml,15fba0d893ec,1,8,2,1,True,euler,half_life,layer0,frac_below_conv_window,0.689453125
b4778c6ea130.yaml,15fba0d893ec,1,8,2,1,True,euler,half_life,layer1,min_ms,3.887368679046631
b4778c6ea130.yaml,15fba0d893ec,1,8,2,1,True,euler,half_life,layer1,max_ms,870.9393920898438
b4778c6ea130.yaml,15fba0d893ec,1,8,2,1,True,euler,half_life,layer1,median_ms,48.10391998291016
b4778c6ea130.yaml,15fba0d893ec,1,8,2,1,True,euler,half_life,layer1,mean_ms,92.14842224121094
b4778c6ea130.yaml,15fba0d893ec,1,8,2,1,True,euler,half_life,layer1,std_ms,96.43009948730467
b4778c6ea130.yaml,15fba0d893ec,1,8,2,1,True,euler,half_life,layer1,frac_below_conv_window,0.701171875
27a2b2159d54.yaml,d19d06b1cbfa,1,8,2,1,False,zoh,zero_state,[0:32],real_loss,0.0378934778273105
27a2b2159d54.yaml,d19d06b1cbfa,1,8,2,1,False,zoh,zero_state,[0:32],zeroed_loss,0.0781409591436386
27a2b2159d54.yaml,d19d06b1cbfa,1,8,2,1,False,zoh,zero_state,[0:32],persistence,0.0707615911960601
27a2b2159d54.yaml,d19d06b1cbfa,1,8,2,1,False,zoh,zero_state,[0:32],skill_real,0.4644908744022086
27a2b2159d54.yaml,d19d06b1cbfa,1,8,2,1,False,zoh,zero_state,[0:32],skill_zeroed,-0.1042849351300243
27a2b2159d54.yaml,d19d06b1cbfa,1,8,2,1,False,zoh,zero_state,[0:32],state_contribution,0.568775809532233
27a2b2159d54.yaml,d19d06b1cbfa,1,8,2,1,False,zoh,zero_state,[256:288],real_loss,0.0390275418758392
27a2b2159d54.yaml,d19d06b1cbfa,1,8,2,1,False,zoh,zero_state,[256:288],zeroed_loss,0.0785077363252639
27a2b2159d54.yaml,d19d06b1cbfa,1,8,2,1,False,zoh,zero_state,[256:288],persistence,0.0682168453931808
27a2b2159d54.yaml,d19d06b1cbfa,1,8,2,1,False,zoh,zero_state,[256:288],skill_real,0.4278899639686279
27a2b2159d54.yaml,d19d06b1cbfa,1,8,2,1,False,zoh,zero_state,[256:288],skill_zeroed,-0.1508555676060599
27a2b2159d54.yaml,d19d06b1cbfa,1,8,2,1,False,zoh,zero_state,[256:288],state_contribution,0.5787455315746878
27a2b2159d54.yaml,d19d06b1cbfa,1,8,2,1,False,zoh,zero_state,[288:320],real_loss,0.0374449789524078
27a2b2159d54.yaml,d19d06b1cbfa,1,8,2,1,False,zoh,zero_state,[288:320],zeroed_loss,0.0797723904252052
27a2b2159d54.yaml,d19d06b1cbfa,1,8,2,1,False,zoh,zero_state,[288:320],persistence,0.0715298652648925
27a2b2159d54.yaml,d19d06b1cbfa,1,8,2,1,False,zoh,zero_state,[288:320],skill_real,0.4765126592404456
27a2b2159d54.yaml,d19d06b1cbfa,1,8,2,1,False,zoh,zero_state,[288:320],skill_zeroed,-0.1152319402502517
27a2b2159d54.yaml,d19d06b1cbfa,1,8,2,1,False,zoh,zero_state,[288:320],state_contribution,0.5917445994906974
27a2b2159d54.yaml,d19d06b1cbfa,1,8,2,1,False,zoh,half_life,layer0,min_ms,1.036767840385437
27a2b2159d54.yaml,d19d06b1cbfa,1,8,2,1,False,zoh,half_life,layer0,max_ms,1835.1944580078125
27a2b2159d54.yaml,d19d06b1cbfa,1,8,2,1,False,zoh,half_life,layer0,median_ms,18.6312313079834
27a2b2159d54.yaml,d19d06b1cbfa,1,8,2,1,False,zoh,half_life,layer0,mean_ms,51.33362579345703
27a2b2159d54.yaml,d19d06b1cbfa,1,8,2,1,False,zoh,half_life,layer0,std_ms,144.93185424804688
27a2b2159d54.yaml,d19d06b1cbfa,1,8,2,1,False,zoh,half_life,layer0,frac_below_conv_window,0.931640625
27a2b2159d54.yaml,d19d06b1cbfa,1,8,2,1,False,zoh,half_life,layer1,min_ms,1.6070177555084229
27a2b2159d54.yaml,d19d06b1cbfa,1,8,2,1,False,zoh,half_life,layer1,max_ms,789.1316528320312
27a2b2159d54.yaml,d19d06b1cbfa,1,8,2,1,False,zoh,half_life,layer1,median_ms,14.033491134643556
27a2b2159d54.yaml,d19d06b1cbfa,1,8,2,1,False,zoh,half_life,layer1,mean_ms,30.281593322753903
27a2b2159d54.yaml,d19d06b1cbfa,1,8,2,1,False,zoh,half_life,layer1,std_ms,58.067115783691406
27a2b2159d54.yaml,d19d06b1cbfa,1,8,2,1,False,zoh,half_life,layer1,frac_below_conv_window,0.962890625
f4c0e20e66b2.yaml,ac827ae4b94b,1,8,2,1,False,euler,zero_state,[0:32],real_loss,0.033198308199644
f4c0e20e66b2.yaml,ac827ae4b94b,1,8,2,1,False,euler,zero_state,[0:32],zeroed_loss,0.0655684098601341
f4c0e20e66b2.yaml,ac827ae4b94b,1,8,2,1,False,euler,zero_state,[0:32],persistence,0.0707615911960601
f4c0e20e66b2.yaml,ac827ae4b94b,1,8,2,1,False,euler,zero_state,[0:32],skill_real,0.5308428253448817
f4c0e20e66b2.yaml,ac827ae4b94b,1,8,2,1,False,euler,zero_state,[0:32],skill_zeroed,0.0733898326499927
f4c0e20e66b2.yaml,ac827ae4b94b,1,8,2,1,False,euler,zero_state,[0:32],state_contribution,0.457452992694889
f4c0e20e66b2.yaml,ac827ae4b94b,1,8,2,1,False,euler,zero_state,[256:288],real_loss,0.0334091931581497
f4c0e20e66b2.yaml,ac827ae4b94b,1,8,2,1,False,euler,zero_state,[256:288],zeroed_loss,0.0629259645938873
f4c0e20e66b2.yaml,ac827ae4b94b,1,8,2,1,False,euler,zero_state,[256:288],persistence,0.0682168453931808
f4c0e20e66b2.yaml,ac827ae4b94b,1,8,2,1,False,euler,zero_state,[256:288],skill_real,0.5102501007545945
f4c0e20e66b2.yaml,ac827ae4b94b,1,8,2,1,False,euler,zero_state,[256:288],skill_zeroed,0.0775597401022946
f4c0e20e66b2.yaml,ac827ae4b94b,1,8,2,1,False,euler,zero_state,[256:288],state_contribution,0.43269036065229993
f4c0e20e66b2.yaml,ac827ae4b94b,1,8,2,1,False,euler,zero_state,[288:320],real_loss,0.033796239644289
f4c0e20e66b2.yaml,ac827ae4b94b,1,8,2,1,False,euler,zero_state,[288:320],zeroed_loss,0.065317116677761
f4c0e20e66b2.yaml,ac827ae4b94b,1,8,2,1,False,euler,zero_state,[288:320],persistence,0.0715298652648925
f4c0e20e66b2.yaml,ac827ae4b94b,1,8,2,1,False,euler,zero_state,[288:320],skill_real,0.5275226715563732
f4c0e20e66b2.yaml,ac827ae4b94b,1,8,2,1,False,euler,zero_state,[288:320],skill_zeroed,0.0868553095147625
f4c0e20e66b2.yaml,ac827ae4b94b,1,8,2,1,False,euler,zero_state,[288:320],state_contribution,0.4406673620416107
f4c0e20e66b2.yaml,ac827ae4b94b,1,8,2,1,False,euler,half_life,layer0,min_ms,4.977031230926514
f4c0e20e66b2.yaml,ac827ae4b94b,1,8,2,1,False,euler,half_life,layer0,max_ms,2500.09912109375
f4c0e20e66b2.yaml,ac827ae4b94b,1,8,2,1,False,euler,half_life,layer0,median_ms,210.52198791503903
f4c0e20e66b2.yaml,ac827ae4b94b,1,8,2,1,False,euler,half_life,layer0,mean_ms,153.34237670898438
f4c0e20e66b2.yaml,ac827ae4b94b,1,8,2,1,False,euler,half_life,layer0,std_ms,144.3311004638672
f4c0e20e66b2.yaml,ac827ae4b94b,1,8,2,1,False,euler,half_life,layer0,frac_below_conv_window,0.365234375
f4c0e20e66b2.yaml,ac827ae4b94b,1,8,2,1,False,euler,half_life,layer1,min_ms,4.426022052764893
f4c0e20e66b2.yaml,ac827ae4b94b,1,8,2,1,False,euler,half_life,layer1,max_ms,210.52198791503903
f4c0e20e66b2.yaml,ac827ae4b94b,1,8,2,1,False,euler,half_life,layer1,median_ms,210.52198791503903
f4c0e20e66b2.yaml,ac827ae4b94b,1,8,2,1,False,euler,half_life,layer1,mean_ms,171.6959991455078
f4c0e20e66b2.yaml,ac827ae4b94b,1,8,2,1,False,euler,half_life,layer1,std_ms,75.00598907470703
f4c0e20e66b2.yaml,ac827ae4b94b,1,8,2,1,False,euler,half_life,layer1,frac_below_conv_window,0.212890625
bcf3e2800b54.yaml,17c75659257f,1,8,1,2,True,zoh,zero_state,[0:32],real_loss,0.0343644209206104
bcf3e2800b54.yaml,17c75659257f,1,8,1,2,True,zoh,zero_state,[0:32],zeroed_loss,0.4727024734020233
bcf3e2800b54.yaml,17c75659257f,1,8,1,2,True,zoh,zero_state,[0:32],persistence,0.0707615911960601
bcf3e2800b54.yaml,17c75659257f,1,8,1,2,True,zoh,zero_state,[0:32],skill_real,0.5143633666264453
bcf3e2800b54.yaml,17c75659257f,1,8,1,2,True,zoh,zero_state,[0:32],skill_zeroed,-5.680212604212073
bcf3e2800b54.yaml,17c75659257f,1,8,1,2,True,zoh,zero_state,[0:32],state_contribution,6.194575970838518
bcf3e2800b54.yaml,17c75659257f,1,8,1,2,True,zoh,zero_state,[256:288],real_loss,0.0351392440497875
bcf3e2800b54.yaml,17c75659257f,1,8,1,2,True,zoh,zero_state,[256:288],zeroed_loss,0.4784902334213257
bcf3e2800b54.yaml,17c75659257f,1,8,1,2,True,zoh,zero_state,[256:288],persistence,0.0682168453931808
bcf3e2800b54.yaml,17c75659257f,1,8,1,2,True,zoh,zero_state,[256:288],skill_real,0.4848890498049893
bcf3e2800b54.yaml,17c75659257f,1,8,1,2,True,zoh,zero_state,[256:288],skill_zeroed,-6.01425330742657
bcf3e2800b54.yaml,17c75659257f,1,8,1,2,True,zoh,zero_state,[256:288],state_contribution,6.499142357231559
bcf3e2800b54.yaml,17c75659257f,1,8,1,2,True,zoh,zero_state,[288:320],real_loss,0.0359170101583004
bcf3e2800b54.yaml,17c75659257f,1,8,1,2,True,zoh,zero_state,[288:320],zeroed_loss,0.4780471622943878
bcf3e2800b54.yaml,17c75659257f,1,8,1,2,True,zoh,zero_state,[288:320],persistence,0.0715298652648925
bcf3e2800b54.yaml,17c75659257f,1,8,1,2,True,zoh,zero_state,[288:320],skill_real,0.4978739296475545
bcf3e2800b54.yaml,17c75659257f,1,8,1,2,True,zoh,zero_state,[288:320],skill_zeroed,-5.683182759034458
bcf3e2800b54.yaml,17c75659257f,1,8,1,2,True,zoh,zero_state,[288:320],state_contribution,6.181056688682013
bcf3e2800b54.yaml,17c75659257f,1,8,1,2,True,zoh,half_life,layer0,min_ms,0.8027466535568237
bcf3e2800b54.yaml,17c75659257f,1,8,1,2,True,zoh,half_life,layer0,max_ms,287.68426513671875
bcf3e2800b54.yaml,17c75659257f,1,8,1,2,True,zoh,half_life,layer0,median_ms,7.697036266326904
bcf3e2800b54.yaml,17c75659257f,1,8,1,2,True,zoh,half_life,layer0,mean_ms,17.509742736816406
bcf3e2800b54.yaml,17c75659257f,1,8,1,2,True,zoh,half_life,layer0,std_ms,27.54073905944824
bcf3e2800b54.yaml,17c75659257f,1,8,1,2,True,zoh,half_life,layer0,frac_below_conv_window,0.9873046875
49cc1bf5d8c4.yaml,7660b0f094a1,1,8,1,2,True,euler,zero_state,[0:32],real_loss,0.0345944352447986
49cc1bf5d8c4.yaml,7660b0f094a1,1,8,1,2,True,euler,zero_state,[0:32],zeroed_loss,0.28970867395401
49cc1bf5d8c4.yaml,7660b0f094a1,1,8,1,2,True,euler,zero_state,[0:32],persistence,0.0707615911960601
49cc1bf5d8c4.yaml,7660b0f094a1,1,8,1,2,True,euler,zero_state,[0:32],skill_real,0.5111128133206142
49cc1bf5d8c4.yaml,7660b0f094a1,1,8,1,2,True,euler,zero_state,[0:32],skill_zeroed,-3.094151488924407
49cc1bf5d8c4.yaml,7660b0f094a1,1,8,1,2,True,euler,zero_state,[0:32],state_contribution,3.605264302245021
49cc1bf5d8c4.yaml,7660b0f094a1,1,8,1,2,True,euler,zero_state,[256:288],real_loss,0.0350510664284229
49cc1bf5d8c4.yaml,7660b0f094a1,1,8,1,2,True,euler,zero_state,[256:288],zeroed_loss,0.3060168325901031
49cc1bf5d8c4.yaml,7660b0f094a1,1,8,1,2,True,euler,zero_state,[256:288],persistence,0.0682168453931808
49cc1bf5d8c4.yaml,7660b0f094a1,1,8,1,2,True,euler,zero_state,[256:288],skill_real,0.4861816575304912
49cc1bf5d8c4.yaml,7660b0f094a1,1,8,1,2,True,euler,zero_state,[256:288],skill_zeroed,-3.485942303932651
49cc1bf5d8c4.yaml,7660b0f094a1,1,8,1,2,True,euler,zero_state,[256:288],state_contribution,3.9721239614631423
49cc1bf5d8c4.yaml,7660b0f094a1,1,8,1,2,True,euler,zero_state,[288:320],real_loss,0.0360482186079025
49cc1bf5d8c4.yaml,7660b0f094a1,1,8,1,2,True,euler,zero_state,[288:320],zeroed_loss,0.2934919595718384
49cc1bf5d8c4.yaml,7660b0f094a1,1,8,1,2,True,euler,zero_state,[288:320],persistence,0.0715298652648925
49cc1bf5d8c4.yaml,7660b0f094a1,1,8,1,2,True,euler,zero_state,[288:320],skill_real,0.4960396126232426
49cc1bf5d8c4.yaml,7660b0f094a1,1,8,1,2,True,euler,zero_state,[288:320],skill_zeroed,-3.1030688158710475
49cc1bf5d8c4.yaml,7660b0f094a1,1,8,1,2,True,euler,zero_state,[288:320],state_contribution,3.59910842849429
49cc1bf5d8c4.yaml,7660b0f094a1,1,8,1,2,True,euler,half_life,layer0,min_ms,3.2664220333099365
49cc1bf5d8c4.yaml,7660b0f094a1,1,8,1,2,True,euler,half_life,layer0,max_ms,992.7058715820312
49cc1bf5d8c4.yaml,7660b0f094a1,1,8,1,2,True,euler,half_life,layer0,median_ms,74.37760925292969
49cc1bf5d8c4.yaml,7660b0f094a1,1,8,1,2,True,euler,half_life,layer0,mean_ms,112.88150024414062
49cc1bf5d8c4.yaml,7660b0f094a1,1,8,1,2,True,euler,half_life,layer0,std_ms,98.17507934570312
49cc1bf5d8c4.yaml,7660b0f094a1,1,8,1,2,True,euler,half_life,layer0,frac_below_conv_window,0.5732421875
1e3c7295dbd7.yaml,ab254bc63c41,1,8,1,2,False,zoh,zero_state,[0:32],real_loss,0.0353508330881595
1e3c7295dbd7.yaml,ab254bc63c41,1,8,1,2,False,zoh,zero_state,[0:32],zeroed_loss,0.1409466862678527
1e3c7295dbd7.yaml,ab254bc63c41,1,8,1,2,False,zoh,zero_state,[0:32],persistence,0.0707615911960601
1e3c7295dbd7.yaml,ab254bc63c41,1,8,1,2,False,zoh,zero_state,[0:32],skill_real,0.5004234290010171
1e3c7295dbd7.yaml,ab254bc63c41,1,8,1,2,False,zoh,zero_state,[0:32],skill_zeroed,-0.9918529796387664
1e3c7295dbd7.yaml,ab254bc63c41,1,8,1,2,False,zoh,zero_state,[0:32],state_contribution,1.4922764086397835
1e3c7295dbd7.yaml,ab254bc63c41,1,8,1,2,False,zoh,zero_state,[256:288],real_loss,0.0370297580957412
1e3c7295dbd7.yaml,ab254bc63c41,1,8,1,2,False,zoh,zero_state,[256:288],zeroed_loss,0.1457946598529815
1e3c7295dbd7.yaml,ab254bc63c41,1,8,1,2,False,zoh,zero_state,[256:288],persistence,0.0682168453931808
1e3c7295dbd7.yaml,ab254bc63c41,1,8,1,2,False,zoh,zero_state,[256:288],skill_real,0.4571757476864669
1e3c7295dbd7.yaml,ab254bc63c41,1,8,1,2,False,zoh,zero_state,[256:288],skill_zeroed,-1.1372237167032004
1e3c7295dbd7.yaml,ab254bc63c41,1,8,1,2,False,zoh,zero_state,[256:288],state_contribution,1.5943994643896673
1e3c7295dbd7.yaml,ab254bc63c41,1,8,1,2,False,zoh,zero_state,[288:320],real_loss,0.03663806989789
1e3c7295dbd7.yaml,ab254bc63c41,1,8,1,2,False,zoh,zero_state,[288:320],zeroed_loss,0.1459166705608368
1e3c7295dbd7.yaml,ab254bc63c41,1,8,1,2,False,zoh,zero_state,[288:320],persistence,0.0715298652648925
1e3c7295dbd7.yaml,ab254bc63c41,1,8,1,2,False,zoh,zero_state,[288:320],skill_real,0.4877933886466812
1e3c7295dbd7.yaml,ab254bc63c41,1,8,1,2,False,zoh,zero_state,[288:320],skill_zeroed,-1.0399405202354526
1e3c7295dbd7.yaml,ab254bc63c41,1,8,1,2,False,zoh,zero_state,[288:320],state_contribution,1.5277339088821338
1e3c7295dbd7.yaml,ab254bc63c41,1,8,1,2,False,zoh,half_life,layer0,min_ms,0.8027466535568237
1e3c7295dbd7.yaml,ab254bc63c41,1,8,1,2,False,zoh,half_life,layer0,max_ms,2001.2869873046875
1e3c7295dbd7.yaml,ab254bc63c41,1,8,1,2,False,zoh,half_life,layer0,median_ms,24.38451194763184
1e3c7295dbd7.yaml,ab254bc63c41,1,8,1,2,False,zoh,half_life,layer0,mean_ms,61.43600463867188
1e3c7295dbd7.yaml,ab254bc63c41,1,8,1,2,False,zoh,half_life,layer0,std_ms,132.3631591796875
1e3c7295dbd7.yaml,ab254bc63c41,1,8,1,2,False,zoh,half_life,layer0,frac_below_conv_window,0.8876953125
1631f682bea0.yaml,2429d5856f8e,1,8,1,2,False,euler,zero_state,[0:32],real_loss,0.0395583808422088
1631f682bea0.yaml,2429d5856f8e,1,8,1,2,False,euler,zero_state,[0:32],zeroed_loss,0.1049249693751335
1631f682bea0.yaml,2429d5856f8e,1,8,1,2,False,euler,zero_state,[0:32],persistence,0.0707615911960601
1631f682bea0.yaml,2429d5856f8e,1,8,1,2,False,euler,zero_state,[0:32],skill_real,0.4409625310346134
1631f682bea0.yaml,2429d5856f8e,1,8,1,2,False,euler,zero_state,[0:32],skill_zeroed,-0.4827955053245816
1631f682bea0.yaml,2429d5856f8e,1,8,1,2,False,euler,zero_state,[0:32],state_contribution,0.9237580363591951
1631f682bea0.yaml,2429d5856f8e,1,8,1,2,False,euler,zero_state,[256:288],real_loss,0.0413655899465084
1631f682bea0.yaml,2429d5856f8e,1,8,1,2,False,euler,zero_state,[256:288],zeroed_loss,0.1056971997022628
1631f682bea0.yaml,2429d5856f8e,1,8,1,2,False,euler,zero_state,[256:288],persistence,0.0682168453931808
1631f682bea0.yaml,2429d5856f8e,1,8,1,2,False,euler,zero_state,[256:288],skill_real,0.3936161998097404
1631f682bea0.yaml,2429d5856f8e,1,8,1,2,False,euler,zero_state,[256:288],skill_zeroed,-0.5494296033927812
1631f682bea0.yaml,2429d5856f8e,1,8,1,2,False,euler,zero_state,[256:288],state_contribution,0.9430458032025216
1631f682bea0.yaml,2429d5856f8e,1,8,1,2,False,euler,zero_state,[288:320],real_loss,0.0394852012395858
1631f682bea0.yaml,2429d5856f8e,1,8,1,2,False,euler,zero_state,[288:320],zeroed_loss,0.1068048775196075
1631f682bea0.yaml,2429d5856f8e,1,8,1,2,False,euler,zero_state,[288:320],persistence,0.0715298652648925
1631f682bea0.yaml,2429d5856f8e,1,8,1,2,False,euler,zero_state,[288:320],skill_real,0.447989995600264
1631f682bea0.yaml,2429d5856f8e,1,8,1,2,False,euler,zero_state,[288:320],skill_zeroed,-0.4931508276170095
1631f682bea0.yaml,2429d5856f8e,1,8,1,2,False,euler,zero_state,[288:320],state_contribution,0.9411408232172735
1631f682bea0.yaml,2429d5856f8e,1,8,1,2,False,euler,half_life,layer0,min_ms,2.033914089202881
1631f682bea0.yaml,2429d5856f8e,1,8,1,2,False,euler,half_life,layer0,max_ms,1866.03125
1631f682bea0.yaml,2429d5856f8e,1,8,1,2,False,euler,half_life,layer0,median_ms,210.52198791503903
1631f682bea0.yaml,2429d5856f8e,1,8,1,2,False,euler,half_life,layer0,mean_ms,153.52001953125
1631f682bea0.yaml,2429d5856f8e,1,8,1,2,False,euler,half_life,layer0,std_ms,103.28932189941406
1631f682bea0.yaml,2429d5856f8e,1,8,1,2,False,euler,half_life,layer0,frac_below_conv_window,0.33203125
51374aa4c5f8.yaml,05f0f3d0db06,1,8,1,1,True,zoh,zero_state,[0:32],real_loss,0.035388421267271
51374aa4c5f8.yaml,05f0f3d0db06,1,8,1,1,True,zoh,zero_state,[0:32],zeroed_loss,0.3296685516834259
51374aa4c5f8.yaml,05f0f3d0db06,1,8,1,1,True,zoh,zero_state,[0:32],persistence,0.0707615911960601
51374aa4c5f8.yaml,05f0f3d0db06,1,8,1,1,True,zoh,zero_state,[0:32],skill_real,0.4998922343447616
51374aa4c5f8.yaml,05f0f3d0db06,1,8,1,1,True,zoh,zero_state,[0:32],skill_zeroed,-3.658862895974292
51374aa4c5f8.yaml,05f0f3d0db06,1,8,1,1,True,zoh,zero_state,[0:32],state_contribution,4.1587551303190535
51374aa4c5f8.yaml,05f0f3d0db06,1,8,1,1,True,zoh,zero_state,[256:288],real_loss,0.0356392562389373
51374aa4c5f8.yaml,05f0f3d0db06,1,8,1,1,True,zoh,zero_state,[256:288],zeroed_loss,0.3234811127185821
51374aa4c5f8.yaml,05f0f3d0db06,1,8,1,1,True,zoh,zero_state,[256:288],persistence,0.0682168453931808
51374aa4c5f8.yaml,05f0f3d0db06,1,8,1,1,True,zoh,zero_state,[256:288],skill_real,0.4775593032260037
51374aa4c5f8.yaml,05f0f3d0db06,1,8,1,1,True,zoh,zero_state,[256:288],skill_zeroed,-3.7419535578659033
51374aa4c5f8.yaml,05f0f3d0db06,1,8,1,1,True,zoh,zero_state,[256:288],state_contribution,4.219512861091907
51374aa4c5f8.yaml,05f0f3d0db06,1,8,1,1,True,zoh,zero_state,[288:320],real_loss,0.0371042676270008
51374aa4c5f8.yaml,05f0f3d0db06,1,8,1,1,True,zoh,zero_state,[288:320],zeroed_loss,0.3284862041473388
51374aa4c5f8.yaml,05f0f3d0db06,1,8,1,1,True,zoh,zero_state,[288:320],persistence,0.0715298652648925
51374aa4c5f8.yaml,05f0f3d0db06,1,8,1,1,True,zoh,zero_state,[288:320],skill_real,0.4812758630315514
51374aa4c5f8.yaml,05f0f3d0db06,1,8,1,1,True,zoh,zero_state,[288:320],skill_zeroed,-3.5922944623322604
51374aa4c5f8.yaml,05f0f3d0db06,1,8,1,1,True,zoh,zero_state,[288:320],state_contribution,4.073570325363812
51374aa4c5f8.yaml,05f0f3d0db06,1,8,1,1,True,zoh,half_life,layer0,min_ms,0.8027466535568237
51374aa4c5f8.yaml,05f0f3d0db06,1,8,1,1,True,zoh,half_life,layer0,max_ms,2101.084228515625
51374aa4c5f8.yaml,05f0f3d0db06,1,8,1,1,True,zoh,half_life,layer0,median_ms,12.10630702972412
51374aa4c5f8.yaml,05f0f3d0db06,1,8,1,1,True,zoh,half_life,layer0,mean_ms,52.8514518737793
51374aa4c5f8.yaml,05f0f3d0db06,1,8,1,1,True,zoh,half_life,layer0,std_ms,173.08792114257812
51374aa4c5f8.yaml,05f0f3d0db06,1,8,1,1,True,zoh,half_life,layer0,frac_below_conv_window,0.927734375
c8b06986e2fc.yaml,2173b8bdf0f9,1,8,1,1,True,euler,zero_state,[0:32],real_loss,0.0360594019293785
c8b06986e2fc.yaml,2173b8bdf0f9,1,8,1,1,True,euler,zero_state,[0:32],zeroed_loss,0.2686588764190674
c8b06986e2fc.yaml,2173b8bdf0f9,1,8,1,1,True,euler,zero_state,[0:32],persistence,0.0707615911960601
c8b06986e2fc.yaml,2173b8bdf0f9,1,8,1,1,True,euler,zero_state,[0:32],skill_real,0.4904099622425364
c8b06986e2fc.yaml,2173b8bdf0f9,1,8,1,1,True,euler,zero_state,[0:32],skill_zeroed,-2.796676585108018
c8b06986e2fc.yaml,2173b8bdf0f9,1,8,1,1,True,euler,zero_state,[0:32],state_contribution,3.2870865473505546
c8b06986e2fc.yaml,2173b8bdf0f9,1,8,1,1,True,euler,zero_state,[256:288],real_loss,0.0363821946084499
c8b06986e2fc.yaml,2173b8bdf0f9,1,8,1,1,True,euler,zero_state,[256:288],zeroed_loss,0.2687635421752929
c8b06986e2fc.yaml,2173b8bdf0f9,1,8,1,1,True,euler,zero_state,[256:288],persistence,0.0682168453931808
c8b06986e2fc.yaml,2173b8bdf0f9,1,8,1,1,True,euler,zero_state,[256:288],skill_real,0.4666684687813663
c8b06986e2fc.yaml,2173b8bdf0f9,1,8,1,1,True,euler,zero_state,[256:288],skill_zeroed,-2.9398412609997258
c8b06986e2fc.yaml,2173b8bdf0f9,1,8,1,1,True,euler,zero_state,[256:288],state_contribution,3.4065097297810922
c8b06986e2fc.yaml,2173b8bdf0f9,1,8,1,1,True,euler,zero_state,[288:320],real_loss,0.0377480313181877
c8b06986e2fc.yaml,2173b8bdf0f9,1,8,1,1,True,euler,zero_state,[288:320],zeroed_loss,0.2675076723098755
c8b06986e2fc.yaml,2173b8bdf0f9,1,8,1,1,True,euler,zero_state,[288:320],persistence,0.0715298652648925
c8b06986e2fc.yaml,2173b8bdf0f9,1,8,1,1,True,euler,zero_state,[288:320],skill_real,0.4722759342772766
c8b06986e2fc.yaml,2173b8bdf0f9,1,8,1,1,True,euler,zero_state,[288:320],skill_zeroed,-2.7398039450966274
c8b06986e2fc.yaml,2173b8bdf0f9,1,8,1,1,True,euler,zero_state,[288:320],state_contribution,3.212079879373904
c8b06986e2fc.yaml,2173b8bdf0f9,1,8,1,1,True,euler,half_life,layer0,min_ms,4.119638442993164
c8b06986e2fc.yaml,2173b8bdf0f9,1,8,1,1,True,euler,half_life,layer0,max_ms,1687.9798583984375
c8b06986e2fc.yaml,2173b8bdf0f9,1,8,1,1,True,euler,half_life,layer0,median_ms,71.64567565917969
c8b06986e2fc.yaml,2173b8bdf0f9,1,8,1,1,True,euler,half_life,layer0,mean_ms,136.17892456054688
c8b06986e2fc.yaml,2173b8bdf0f9,1,8,1,1,True,euler,half_life,layer0,std_ms,192.31431579589844
c8b06986e2fc.yaml,2173b8bdf0f9,1,8,1,1,True,euler,half_life,layer0,frac_below_conv_window,0.578125
b8d158135893.yaml,fcfc484ffa45,1,8,1,1,False,zoh,zero_state,[0:32],real_loss,0.0395515337586402
b8d158135893.yaml,fcfc484ffa45,1,8,1,1,False,zoh,zero_state,[0:32],zeroed_loss,0.14645616710186
b8d158135893.yaml,fcfc484ffa45,1,8,1,1,False,zoh,zero_state,[0:32],persistence,0.0707615911960601
b8d158135893.yaml,fcfc484ffa45,1,8,1,1,False,zoh,zero_state,[0:32],skill_real,0.4410592937480126
b8d158135893.yaml,fcfc484ffa45,1,8,1,1,False,zoh,zero_state,[0:32],skill_zeroed,-1.0697127442495151
b8d158135893.yaml,fcfc484ffa45,1,8,1,1,False,zoh,zero_state,[0:32],state_contribution,1.5107720379975278
b8d158135893.yaml,fcfc484ffa45,1,8,1,1,False,zoh,zero_state,[256:288],real_loss,0.0432064272463321
b8d158135893.yaml,fcfc484ffa45,1,8,1,1,False,zoh,zero_state,[256:288],zeroed_loss,0.1449078321456909
b8d158135893.yaml,fcfc484ffa45,1,8,1,1,False,zoh,zero_state,[256:288],persistence,0.0682168453931808
b8d158135893.yaml,fcfc484ffa45,1,8,1,1,False,zoh,zero_state,[256:288],skill_real,0.3666311158585001
b8d158135893.yaml,fcfc484ffa45,1,8,1,1,False,zoh,zero_state,[256:288],skill_zeroed,-1.1242235889168852
b8d158135893.yaml,fcfc484ffa45,1,8,1,1,False,zoh,zero_state,[256:288],state_contribution,1.4908547047753853
b8d158135893.yaml,fcfc484ffa45,1,8,1,1,False,zoh,zero_state,[288:320],real_loss,0.0402349941432476
b8d158135893.yaml,fcfc484ffa45,1,8,1,1,False,zoh,zero_state,[288:320],zeroed_loss,0.1475408673286438
b8d158135893.yaml,fcfc484ffa45,1,8,1,1,False,zoh,zero_state,[288:320],persistence,0.0715298652648925
b8d158135893.yaml,fcfc484ffa45,1,8,1,1,False,zoh,zero_state,[288:320],skill_real,0.4375077599510696
b8d158135893.yaml,fcfc484ffa45,1,8,1,1,False,zoh,zero_state,[288:320],skill_zeroed,-1.0626470745088628
b8d158135893.yaml,fcfc484ffa45,1,8,1,1,False,zoh,zero_state,[288:320],state_contribution,1.5001548344599325
b8d158135893.yaml,fcfc484ffa45,1,8,1,1,False,zoh,half_life,layer0,min_ms,0.8027466535568237
b8d158135893.yaml,fcfc484ffa45,1,8,1,1,False,zoh,half_life,layer0,max_ms,4647.6953125
b8d158135893.yaml,fcfc484ffa45,1,8,1,1,False,zoh,half_life,layer0,median_ms,21.729671478271484
b8d158135893.yaml,fcfc484ffa45,1,8,1,1,False,zoh,half_life,layer0,mean_ms,77.13665771484375
b8d158135893.yaml,fcfc484ffa45,1,8,1,1,False,zoh,half_life,layer0,std_ms,318.51641845703125
b8d158135893.yaml,fcfc484ffa45,1,8,1,1,False,zoh,half_life,layer0,frac_below_conv_window,0.890625
6ea798f3a406.yaml,b4ec1d58679c,1,8,1,1,False,euler,zero_state,[0:32],real_loss,0.0373937524855136
6ea798f3a406.yaml,b4ec1d58679c,1,8,1,1,False,euler,zero_state,[0:32],zeroed_loss,0.085765391588211
6ea798f3a406.yaml,b4ec1d58679c,1,8,1,1,False,euler,zero_state,[0:32],persistence,0.0707615911960601
6ea798f3a406.yaml,b4ec1d58679c,1,8,1,1,False,euler,zero_state,[0:32],skill_real,0.4715529731107054
6ea798f3a406.yaml,b4ec1d58679c,1,8,1,1,False,euler,zero_state,[0:32],skill_zeroed,-0.2120331120110008
6ea798f3a406.yaml,b4ec1d58679c,1,8,1,1,False,euler,zero_state,[0:32],state_contribution,0.6835860851217062
6ea798f3a406.yaml,b4ec1d58679c,1,8,1,1,False,euler,zero_state,[256:288],real_loss,0.0374055169522762
6ea798f3a406.yaml,b4ec1d58679c,1,8,1,1,False,euler,zero_state,[256:288],zeroed_loss,0.0842043757438659
6ea798f3a406.yaml,b4ec1d58679c,1,8,1,1,False,euler,zero_state,[256:288],persistence,0.0682168453931808
6ea798f3a406.yaml,b4ec1d58679c,1,8,1,1,False,euler,zero_state,[256:288],skill_real,0.4516674475830365
6ea798f3a406.yaml,b4ec1d58679c,1,8,1,1,False,euler,zero_state,[256:288],skill_zeroed,-0.2343633784080445
6ea798f3a406.yaml,b4ec1d58679c,1,8,1,1,False,euler,zero_state,[256:288],state_contribution,0.686030825991081
6ea798f3a406.yaml,b4ec1d58679c,1,8,1,1,False,euler,zero_state,[288:320],real_loss,0.0384391322731971
6ea798f3a406.yaml,b4ec1d58679c,1,8,1,1,False,euler,zero_state,[288:320],zeroed_loss,0.0879761427640914
6ea798f3a406.yaml,b4ec1d58679c,1,8,1,1,False,euler,zero_state,[288:320],persistence,0.0715298652648925
6ea798f3a406.yaml,b4ec1d58679c,1,8,1,1,False,euler,zero_state,[288:320],skill_real,0.4626142223133278
6ea798f3a406.yaml,b4ec1d58679c,1,8,1,1,False,euler,zero_state,[288:320],skill_zeroed,-0.2299218296902185
6ea798f3a406.yaml,b4ec1d58679c,1,8,1,1,False,euler,zero_state,[288:320],state_contribution,0.6925360520035463
6ea798f3a406.yaml,b4ec1d58679c,1,8,1,1,False,euler,half_life,layer0,min_ms,2.1880404949188232
6ea798f3a406.yaml,b4ec1d58679c,1,8,1,1,False,euler,half_life,layer0,max_ms,3311.55078125
6ea798f3a406.yaml,b4ec1d58679c,1,8,1,1,False,euler,half_life,layer0,median_ms,210.52198791503903
6ea798f3a406.yaml,b4ec1d58679c,1,8,1,1,False,euler,half_life,layer0,mean_ms,149.79873657226562
6ea798f3a406.yaml,b4ec1d58679c,1,8,1,1,False,euler,half_life,layer0,std_ms,171.4893798828125
6ea798f3a406.yaml,b4ec1d58679c,1,8,1,1,False,euler,half_life,layer0,frac_below_conv_window,0.404296875
